tweet_id,img_id,label1,label2,label3,voted_label,agreement
1668405142155042816,FyddYvIWYAAu1OI,General Information,General Information,General Information,General Information,full
1668402344831385600,FydbB38agAAVmV6,Reports of Actions of Responders,Warnings & Status Updates,Reports of Actions of Responders,Reports of Actions of Responders,majority
1668376336405245952,FydCwnbaEAAQhrr,Reports of Actions of Responders,Reports of Actions of Responders,Reports of Actions of Responders,Reports of Actions of Responders,full
1668376336405245952,FydCwRYaAAE4xxH,Reports of Actions of Responders,Reports of Actions of Responders,Reports of Actions of Responders,Reports of Actions of Responders,full
1668376336405245952,FydCxE8aMAAao84,Reports of Actions of Responders,Reports of Actions of Responders,Reports of Actions of Responders,Reports of Actions of Responders,full
1668365006092787712,Fyc5GaqagAA6_W1,Warnings & Status Updates,Warnings & Status Updates,Warnings & Status Updates,Warnings & Status Updates,full
1668355764769964032,FycwtbUWYB0kCWd,Preparedness,Insurance,Insurance,Insurance,majority
1668343776291553280,Fyclzm4WYAsvNtW,Support,Insurance,Insurance,Insurance,majority
1668339686480437248,FyciGUvacAE-ojV,Warnings & Status Updates,General Information,General Information,General Information,majority
1668330837287514112,FycZ5nRWABISBzo,Support,Support,Support,Support,full
1668308498516701184,FycFu5gaYAAmWuE,Smoke & Air Quality,Evacuees,Evacuees,Evacuees,majority
1668303445575467008,FycBJI3XsAUyroX,Insurance,Insurance,Insurance,Insurance,full
1668295913628991488,Fyb6ShbXoAImyDy,Preparedness,Preparedness,Insurance,Preparedness,majority
1668294002196742144,Fyb4gbYaQAAqjUx,Advertisement,Advertisement,Advertisement,Advertisement,full
1668289607333543936,Fyb0jo9WYAMr9Ej,Preparedness,Warnings & Status Updates,Preparedness,Preparedness,majority
1668281289529491456,Fybs-eYWwAAcDqG,Evacuees,Preparedness,Support,Evacuees,none
1668246775906414592,FybNmWpaYAAiPUQ,Smoke & Air Quality,Smoke & Air Quality,Smoke & Air Quality,Smoke & Air Quality,full
1668246065039171584,FybMmdDaUAEHQXU,Infrastructure,Infrastructure,Infrastructure,Infrastructure,full
1668246065039171584,FybM23_aEAE5eqV,Infrastructure,Infrastructure,Infrastructure,Infrastructure,full
1668103800014659584,FyZLhq8agAIqBAo,Reports of Actions of Responders,General Information,Reports of Actions of Responders,Reports of Actions of Responders,majority
1668097682697773056,FyZF_uOWIAI1de1,Warnings & Status Updates,Preparedness,Warnings & Status Updates,Warnings & Status Updates,majority
1668075864184037376,FyYyJ5zXgAEtptx,Warnings & Status Updates,Warnings & Status Updates,Weather Reports,Warnings & Status Updates,majority
1668051081870594048,FyYaxN_aAAECUAP,Warnings & Status Updates,Smoke & Air Quality,Smoke & Air Quality,Smoke & Air Quality,majority
1668048879366049792,FyYZnbKaAAAF8CO,Other,Warnings & Status Updates,Warnings & Status Updates,Warnings & Status Updates,majority
1668039609249591296,FyYRLyEaIAE72Bv,Warnings & Status Updates,Preparedness,Warnings & Status Updates,Warnings & Status Updates,majority
1668035237715271680,FyYNNMkaQAAvwib,Smoke & Air Quality,Other,Other,Other,majority
1668027819933462528,FyYGdYAaEAIyR79,Smoke & Air Quality,Other,Smoke & Air Quality,Smoke & Air Quality,majority
1668027819933462528,FyYGXzgagAI6Y4a,Smoke & Air Quality,Other,Smoke & Air Quality,Smoke & Air Quality,majority
1668027819933462528,FyYGWIHacAEjVgO,Smoke & Air Quality,Other,Smoke & Air Quality,Smoke & Air Quality,majority
1668027819933462528,FyYGZnCaYAAAblq,Smoke & Air Quality,Other,Smoke & Air Quality,Smoke & Air Quality,majority
1668022615892697088,FyYBRRTaUAEVw7p,Warnings & Status Updates,Preparedness,Warnings & Status Updates,Warnings & Status Updates,majority
1668005634716086272,FyXyKg4aUAAjJlU,Infrastructure,Infrastructure,Infrastructure,Infrastructure,full
1668005634716086272,FyXyFngaMAAYidr,Infrastructure,Infrastructure,Infrastructure,Infrastructure,full
1668005634716086272,FyXyOHIacAAtVtI,Infrastructure,Infrastructure,Infrastructure,Infrastructure,full
1667987327111811072,FyXhghkaQAAEGFp,Smoke & Air Quality,Smoke & Air Quality,Smoke & Air Quality,Smoke & Air Quality,full
1667987327111811072,FyXhghkaEAAv1j7,Smoke & Air Quality,Smoke & Air Quality,Smoke & Air Quality,Smoke & Air Quality,full
1667924889129349120,FyWo2PAWcAAGaJH,Insurance,Insurance,Insurance,Insurance,full
1667924889129349120,FyWo2P1XsAIz6We,Insurance,Insurance,Insurance,Insurance,full
1667924889129349120,FyWo2N5WwAA2Hn8,Insurance,Insurance,Insurance,Insurance,full
1667924889129349120,FyWo2O2WwAEEH00,Insurance,Insurance,Insurance,Insurance,full
1667915601791307776,FyWgZZmaUAEZcOk,Advertisement,Advertisement,Advertisement,Advertisement,full
1667915368780939264,FyWgLkyaUAAoJh5,Advertisement,Advertisement,Advertisement,Advertisement,full
1667915293463658496,FyWgHhPaIAYLxLZ,Smoke & Air Quality,Smoke & Air Quality,Smoke & Air Quality,Smoke & Air Quality,full
1667915122889596928,FyWf8ruXoAIvO1F,Infrastructure,General Information,Infrastructure,Infrastructure,majority
1667915122889596928,FyWf6PZWcAIyqo1,Infrastructure,General Information,Infrastructure,Infrastructure,majority
1667915122889596928,FyWf7dkWwAItj8a,Infrastructure,General Information,Infrastructure,Infrastructure,majority
1667915122889596928,FyWf5B0WYAEGUtO,Infrastructure,General Information,Infrastructure,Infrastructure,majority
1667907141796257792,FyWYo4VaQAAoa0z,Infrastructure,Smoke & Air Quality,Smoke & Air Quality,Smoke & Air Quality,majority
1667883941951586304,FyWDenRaIAAiuyr,Infrastructure,Infrastructure,Infrastructure,Infrastructure,full
1667883941951586304,FyWDODVaYAE5Bfr,Infrastructure,Infrastructure,Infrastructure,Infrastructure,full
1667879707323375616,FyV9_uTX0AED0FK,Smoke & Air Quality,Weather Reports,Weather Reports,Weather Reports,majority
1667879707323375616,FyV-BqxWcAMo6Ly,Smoke & Air Quality,Weather Reports,Weather Reports,Weather Reports,majority
1667872765972709376,FyV5Z7OaYAA2OT6,Smoke & Air Quality,Smoke & Air Quality,Smoke & Air Quality,Smoke & Air Quality,full
1667845770064674816,FyVgvSfWYAI4cWu,Warnings & Status Updates,General Information,General Information,General Information,majority
1667773164179554304,FyUdJiNagAAkATV,Warnings & Status Updates,Weather Reports,Weather Reports,Weather Reports,majority
1667727897942200320,FyT0xozaMAEEkHg,Infrastructure,Infrastructure,Infrastructure,Infrastructure,full
1667727897942200320,FyT0xoxaEAIdWW0,Infrastructure,Infrastructure,Infrastructure,Infrastructure,full
1667727897942200320,FyT0xoXacAcBQtM,Infrastructure,Infrastructure,Infrastructure,Infrastructure,full
1667727897942200320,FyT0xoxaQAA5TT5,Infrastructure,Infrastructure,Infrastructure,Infrastructure,full
1667715785496707072,FyTqqwbaYAEfFFv,Warnings & Status Updates,Warnings & Status Updates,Warnings & Status Updates,Warnings & Status Updates,full
1667712650032320512,FyTn0LzacAEQC_B,Warnings & Status Updates,Warnings & Status Updates,Warnings & Status Updates,Warnings & Status Updates,full
1667710283853463552,FyTlqiWaMAESxmS,Warnings & Status Updates,Warnings & Status Updates,Warnings & Status Updates,Warnings & Status Updates,full
1667694910458216448,FyTXqoDWYAE_Mmz,Infrastructure,Support,Infrastructure,Infrastructure,majority
1667689262752632832,FyTSjBNaYAA0SE3,Warnings & Status Updates,Warnings & Status Updates,Warnings & Status Updates,Warnings & Status Updates,full
1667661655122247680,FyS5b2wagAAsbHA,Weather Reports,Weather Reports,Weather Reports,Weather Reports,full
1667646613303578624,FySrvXpWIAIJTP4,Warnings & Status Updates,Infrastructure,Infrastructure,Infrastructure,majority
1667634838998773760,FyShCjuXoAUzneS,Smoke & Air Quality,Smoke & Air Quality,Smoke & Air Quality,Smoke & Air Quality,full
1667631260930539520,FySdVSLaEAAbW5b,Warnings & Status Updates,Warnings & Status Updates,Warnings & Status Updates,Warnings & Status Updates,full
1667630263608680448,FySc4pfWwAEaTv1,Insurance,Insurance,Insurance,Insurance,full
1667616180872560640,FySPSQMaYAASmv1,Infrastructure,Infrastructure,Reports of Actions of Responders,Infrastructure,majority
1667609238687076352,FySJw3naQAA18nL,Other,Other,Other,Other,full
1667604674352906240,FySFnLuXgAAhaSU,Reports of Actions of Responders,Support,Reports of Actions of Responders,Reports of Actions of Responders,majority
1667602440969912320,FySDkMGWYAApDHS,Infrastructure,Infrastructure,Reports of Actions of Responders,Infrastructure,majority
1667602440969912320,FySDhwfXoAIRGoP,Infrastructure,Infrastructure,Infrastructure,Infrastructure,full
1667602440969912320,FySDi97WwAAJ3Bj,Infrastructure,Infrastructure,Infrastructure,Infrastructure,full
1667579930278764544,FyRvG16XwAE4mzt,Insurance,Insurance,Insurance,Insurance,full
1667578347725963264,FyRtq47XwAYJbDU,Insurance,Insurance,Insurance,Insurance,full
1667569567168868352,FyRllgcaYAAFSK5,Support,Insurance,Insurance,Insurance,majority
1667569071712509952,FyRk9AgacAAExg3,Other,Other,Other,Other,full
1667562429868556288,FyReaG6aMAYARxd,Infrastructure,Infrastructure,Infrastructure,Infrastructure,full
1667558942409633792,FyRbTxmaMAABw8G,Infrastructure,Infrastructure,Infrastructure,Infrastructure,full
1667527635491233792,FyQ_irpaAAAfmou,Weather Reports,General Information,Weather Reports,Weather Reports,majority
1667527635491233792,FyQ_irraUAAFJXf,Weather Reports,Warnings & Status Updates,Weather Reports,Weather Reports,majority
1667516650864930816,FyQ1jggaQAE18tV,Other,Weather Reports,Smoke & Air Quality,Other,none
1667421751406645248,FyPfPdvagAAShvy,Smoke & Air Quality,Other,Smoke & Air Quality,Smoke & Air Quality,majority
1667403744584298496,FyPO3ciaUAAsiEc,Reports of Actions of Responders,Reports of Actions of Responders,Evacuees,Reports of Actions of Responders,majority
1667403744584298496,FyPO3BXacAArOv1,Evacuees,Reports of Actions of Responders,Evacuees,Evacuees,majority
1667403744584298496,FyPO2q6aEAE9FSL,Evacuees,Reports of Actions of Responders,Evacuees,Evacuees,majority
1667397641477701632,FyPJURYaMAA7iwY,Warnings & Status Updates,Evacuees,General Information,Warnings & Status Updates,none
1667397641477701632,FyPJURWaAAECC6A,Warnings & Status Updates,Evacuees,General Information,Warnings & Status Updates,none
1667388861239169024,FyPBVCwakAE4v3q,Smoke & Air Quality,Weather Reports,Weather Reports,Weather Reports,majority
1667383389014609920,FyO8WwQacAAFCPK,Infrastructure,Infrastructure,Infrastructure,Infrastructure,full
1667375622266687488,FyOyXAkaAAAWrZk,Evacuees,Evacuees,Support,Evacuees,majority
1667375622266687488,FyOyZDMaUAc1M_F,Evacuees,Evacuees,Support,Evacuees,majority
1667373762579402752,FyOzl2BaMAAiReW,Preparedness,Evacuees,Preparedness,Preparedness,majority
1667372370447966208,FyOx2_haMAAO2-A,Other,General Information,Warnings & Status Updates,Other,none
1667355859855503360,FyOjLq9aYAA3Kd2,Reports of Actions of Responders,Smoke & Air Quality,Reports of Actions of Responders,Reports of Actions of Responders,majority
1667355859855503360,FyOjLt1aQAAvo8a,Warnings & Status Updates,Smoke & Air Quality,Reports of Actions of Responders,Warnings & Status Updates,none
1667343254495559680,FyOX2klaQAAmwL0,Infrastructure,Warnings & Status Updates,Infrastructure,Infrastructure,majority
1667339760111861760,FyOUrOuaIAII0ZO,Warnings & Status Updates,Warnings & Status Updates,Warnings & Status Updates,Warnings & Status Updates,full
1667339136087494656,FyOUG67aYAEIcGc,Warnings & Status Updates,Warnings & Status Updates,Warnings & Status Updates,Warnings & Status Updates,full
1667338989022355456,FyOT-ZNX0AA5FCL,Evacuees,Evacuees,Support,Evacuees,majority
1667328792334049280,FyOKswlaQAEmFmt,Evacuees,Evacuees,Warnings & Status Updates,Evacuees,majority
1667328647135645696,FyOKkPJaUAEh-FP,Evacuees,Warnings & Status Updates,Evacuees,Evacuees,majority
1667328557373353984,FyOKea8acAAiVqP,Evacuees,Warnings & Status Updates,Smoke & Air Quality,Evacuees,none
1667327543664599040,FyOJkKeaMAEIIzT,Warnings & Status Updates,Warnings & Status Updates,Warnings & Status Updates,Warnings & Status Updates,full
1667320082509316096,FyOCxv_XoAEut2t,Evacuees,Evacuees,Preparedness,Evacuees,majority
1667313101501509632,FyN8WHZaEAAxXBe,Warnings & Status Updates,Infrastructure,Warnings & Status Updates,Warnings & Status Updates,majority
1667310306530578432,FyN54raakAAJ1JI,Smoke & Air Quality,Smoke & Air Quality,Smoke & Air Quality,Smoke & Air Quality,full
1667298074635522048,FyNuw3bXoAMIrfI,Smoke & Air Quality,Advertisement,Advertisement,Advertisement,majority
1667293476176945152,FyNqk-racAEUZCs,Reports of Actions of Responders,Smoke & Air Quality,General Information,Reports of Actions of Responders,none
1667290753796636672,FyNoGxTXgAA5tgr,Reports of Actions of Responders,Reports of Actions of Responders,Reports of Actions of Responders,Reports of Actions of Responders,full
1667290753796636672,FyNoGxkXoAMQjap,Reports of Actions of Responders,Reports of Actions of Responders,Reports of Actions of Responders,Reports of Actions of Responders,full
1667290671005171712,FyNoB3nX0AAnJ7Z,Insurance,Insurance,Insurance,Insurance,full
1667290671005171712,FyNoB5BWwAAviSQ,Insurance,Insurance,Insurance,Insurance,full
1667290671005171712,FyNoB49XgAEPdwt,Insurance,Insurance,Insurance,Insurance,full
1667290671005171712,FyNoB46X0AE-tOk,Insurance,Insurance,Insurance,Insurance,full
1667288589263142912,FyNmIt2WcAECB28,Warnings & Status Updates,Warnings & Status Updates,Warnings & Status Updates,Warnings & Status Updates,full
1667276461882089472,FyNbGpPaMAAYJQ5,Warnings & Status Updates,Weather Reports,Warnings & Status Updates,Warnings & Status Updates,majority
1667269128825057280,FyNUb-DX0AE7QmP,Insurance,Insurance,Insurance,Insurance,full
1667268091812937728,FyNQH6YaQAAN8UU,Warnings & Status Updates,General Information,Warnings & Status Updates,Warnings & Status Updates,majority
1667262059208232960,FyNN5kdWAAAMVwu,Smoke & Air Quality,Smoke & Air Quality,Weather Reports,Smoke & Air Quality,majority
1667261341630083072,FyNNI4jaIAEWWKV,Weather Reports,General Information,Warnings & Status Updates,Weather Reports,none
1667237123932430336,FyM3Rg5WIBc708B,Reports of Actions of Responders,Support,Reports of Actions of Responders,Reports of Actions of Responders,majority
1667237123932430336,FyM3SuUWIBI5ZP9,Infrastructure,Support,Reports of Actions of Responders,Infrastructure,none
1667237123932430336,FyM3T8eWIAIzej7,Reports of Actions of Responders,Support,Reports of Actions of Responders,Reports of Actions of Responders,majority
1667216971694497792,FyMk_tAaAAEnIar,Other,Political,Political,Political,majority
1667210443067146240,FyMfBsfWwAcWXDk,Reports of Actions of Responders,Infrastructure,Support,Reports of Actions of Responders,none
1667210443067146240,FyMfC6OWwAMV0Fz,Infrastructure,Infrastructure,Support,Infrastructure,majority
1667203000828346368,FyMYS2kWcAIVvHx,Insurance,Insurance,Insurance,Insurance,full
1667177397165203456,FyMBAgRXsAEFnc_,Warnings & Status Updates,Warnings & Status Updates,Infrastructure,Warnings & Status Updates,majority
1667168769683124224,FyL5KHRXgAMeWfO,Evacuees,Evacuees,Evacuees,Evacuees,full
1667073154030743552,FyKiMXUWIAAaKAl,General Information,General Information,General Information,General Information,full
1667030081712078848,FyJ7BNZXsAAdYwd,Smoke & Air Quality,Smoke & Air Quality,Smoke & Air Quality,Smoke & Air Quality,full
1667016693015797760,FyJu2O3aEAIl36r,Support,Support,Support,Support,full
1667009660845723648,FyJoc7xaMAAOdqV,Evacuees,Evacuees,Evacuees,Evacuees,full
1667008034772758528,FyJmv-WaIAMhQ2o,Warnings & Status Updates,Warnings & Status Updates,Warnings & Status Updates,Warnings & Status Updates,full
1666985397157761024,FyJSYkdacAABZHB,Warnings & Status Updates,Warnings & Status Updates,Warnings & Status Updates,Warnings & Status Updates,full
1666979154934517760,FyJMrzwaIAELA0R,Smoke & Air Quality,Smoke & Air Quality,Smoke & Air Quality,Smoke & Air Quality,full
1666965267518312448,FyJAE5lWcAAMR0q,Evacuees,Evacuees,Evacuees,Evacuees,full
1666964400279023616,FyI-AOfakAAbUgH,Reports of Actions of Responders,Warnings & Status Updates,Warnings & Status Updates,Warnings & Status Updates,majority
1666962121777909760,FyI9Ny5aQAE66WI,Warnings & Status Updates,Preparedness,Infrastructure,Warnings & Status Updates,none
1666962121777909760,FyI9NmHagAAq5Hv,Smoke & Air Quality,Preparedness,Infrastructure,Smoke & Air Quality,none
1666951463048990720,FyIzhadakAAwTVt,Warnings & Status Updates,Warnings & Status Updates,Warnings & Status Updates,Warnings & Status Updates,full
1666947417022038016,FyIv13GaQAAhvce,General Information,General Information,General Information,General Information,full
1666946078527361024,FyIun5_aIAIE0rV,Smoke & Air Quality,Smoke & Air Quality,Other,Smoke & Air Quality,majority
1666946078527361024,FyIunULagAEMMig,Smoke & Air Quality,Smoke & Air Quality,Other,Smoke & Air Quality,majority
1666946078527361024,FyIunrwaQAM_tse,Other,Smoke & Air Quality,Other,Other,majority
1666945809915707392,FyIr-ZMakAAidKY,Warnings & Status Updates,Political,Political,Political,majority
1666944367704281088,FyIp8ycacAMcsWo,Reports of Actions of Responders,Reports of Actions of Responders,Reports of Actions of Responders,Reports of Actions of Responders,full
1666943752416669696,FyIsMe6aIAE1Yr0,Preparedness,Evacuees,Evacuees,Evacuees,majority
1666935682613248000,FyIlK4KX0AAXcrS,Preparedness,Support,Preparedness,Preparedness,majority
1666933540217556992,FyIjOEFaUAImjk-,Reports of Actions of Responders,Reports of Actions of Responders,Reports of Actions of Responders,Reports of Actions of Responders,full
1666931152098312192,FyIhC8pakAATfAz,Evacuees,Evacuees,Evacuees,Evacuees,full
1666921884074799104,FyIYmNaaQAALKqQ,Reports of Actions of Responders,Reports of Actions of Responders,Reports of Actions of Responders,Reports of Actions of Responders,full
1666916146430492672,FyITT5QaIAER4ys,Warnings & Status Updates,Warnings & Status Updates,Warnings & Status Updates,Warnings & Status Updates,full
1666916113014468608,FyITXw2agAEdzDY,Evacuees,Evacuees,Evacuees,Evacuees,full
1666915406077128704,FyISumSaIAEmAIe,Warnings & Status Updates,Warnings & Status Updates,Evacuees,Warnings & Status Updates,majority
1666915205287407616,FyISRNCaEAEmmp7,Warnings & Status Updates,General Information,Warnings & Status Updates,Warnings & Status Updates,majority
1666914587881668608,FyIR-qmakAAHIDu,Smoke & Air Quality,Smoke & Air Quality,Smoke & Air Quality,Smoke & Air Quality,full
1666914505140625408,FyIRVA3aMAAHWsZ,Warnings & Status Updates,Political,Warnings & Status Updates,Warnings & Status Updates,majority
1666914505140625408,FyIRSueaYAIjhsl,Warnings & Status Updates,Political,Warnings & Status Updates,Warnings & Status Updates,majority
1666914335510401024,FyIRwP4aAAIgl3q,Warnings & Status Updates,Warnings & Status Updates,Warnings & Status Updates,Warnings & Status Updates,full
1666914335510401024,FyIRwDzaIAAb58T,Warnings & Status Updates,Warnings & Status Updates,Warnings & Status Updates,Warnings & Status Updates,full
1666913890385682432,FyIRWV1aIAIWKa_,Warnings & Status Updates,Smoke & Air Quality,General Information,Warnings & Status Updates,none
1666908341829001216,FyIMTXdaUAgqHuu,Support,Reports of Actions of Responders,Support,Support,majority
1666907035701751808,FyILHX2aMAUw8av,Warnings & Status Updates,Smoke & Air Quality,Warnings & Status Updates,Warnings & Status Updates,majority
1666906308694654976,FyIKdCAaUAAckgI,Warnings & Status Updates,Infrastructure,Political,Warnings & Status Updates,none
1666904062288359424,FyIICZmakAI-37l,Infrastructure,Reports of Actions of Responders,Infrastructure,Infrastructure,majority
1666882192621072384,FyH0hNiaEAAGHgE,Reports of Actions of Responders,Smoke & Air Quality,Reports of Actions of Responders,Reports of Actions of Responders,majority
1666859499360227328,FyHf4XraQAIFZiD,Warnings & Status Updates,Smoke & Air Quality,Infrastructure,Warnings & Status Updates,none
1666852865498030080,FyHZ1xCaAAEpPVd,Weather Reports,Weather Reports,General Information,Weather Reports,majority
1666852865498030080,FyHZY4haIAYh5a8,Weather Reports,Weather Reports,Weather Reports,Weather Reports,full
1666852865498030080,FyHZX4FakAA7l2a,Weather Reports,Weather Reports,General Information,Weather Reports,majority
1666852865498030080,FyHZ074aYAAmDYt,Weather Reports,Weather Reports,General Information,Weather Reports,majority
1666852284062666752,FyHZULPacAcXK9_,Other,Warnings & Status Updates,Warnings & Status Updates,Warnings & Status Updates,majority
1666848715347488768,FyHWEp4agAARTOg,Infrastructure,Infrastructure,Infrastructure,Infrastructure,full
1666829485872926720,FyHElNwacAAq3YE,Other,Reports of Actions of Responders,Other,Other,majority
1666805643955814400,FyGu3l9aEAYXdTx,Weather Reports,Weather Reports,Weather Reports,Weather Reports,full
1666805643955814400,FyGu3l6aIAAoXZd,Weather Reports,Weather Reports,Weather Reports,Weather Reports,full
1666804168101871616,FyGs69HaIAQh5ac,Smoke & Air Quality,Other,Other,Other,majority
1666716552786497536,FyFd3y9agAERM4m,Weather Reports,Warnings & Status Updates,Smoke & Air Quality,Weather Reports,none
1666662663441752064,FyEs2-LagAIRISg,Smoke & Air Quality,Other,Smoke & Air Quality,Smoke & Air Quality,majority
1666656218272911360,FyEm_p1aYAAM1p1,Smoke & Air Quality,Smoke & Air Quality,Smoke & Air Quality,Smoke & Air Quality,full
1666610365109772288,FyD9CuVaYAA_eBW,Warnings & Status Updates,Warnings & Status Updates,Warnings & Status Updates,Warnings & Status Updates,full
1666610365109772288,FyD9BqcaQAEGtP5,Warnings & Status Updates,Warnings & Status Updates,Warnings & Status Updates,Warnings & Status Updates,full
1666601778480136192,FyD1d-mX0AEbYDv,Reports of Actions of Responders,Reports of Actions of Responders,Reports of Actions of Responders,Reports of Actions of Responders,full
1666584419694702592,FyDlsp2aUAAtJtq,Weather Reports,Weather Reports,Weather Reports,Weather Reports,full
1666570734360227840,FyDY-Z5akAAJgHn,Other,Infrastructure,Other,Other,majority
1666570119844347904,FyDYsR3aEAUMThV,Smoke & Air Quality,Smoke & Air Quality,Smoke & Air Quality,Smoke & Air Quality,full
1666562905180078080,FyDRL1EacAAjEJg,Smoke & Air Quality,Weather Reports,Smoke & Air Quality,Smoke & Air Quality,majority
1666541669544783872,FyC-0MragAAWFqi,Preparedness,Preparedness,Preparedness,Preparedness,full
1666536453340565504,FyC6Ep7akAE7U3g,Preparedness,Smoke & Air Quality,Infrastructure,Preparedness,none
1666533894022397952,FyC3VqTaUAAJ-mk,Support,Support,Support,Support,full
1666525203063791616,FyCv1yuaYAAUYBH,Smoke & Air Quality,Smoke & Air Quality,Smoke & Air Quality,Smoke & Air Quality,full
1666515412006105088,FyCm75JXoAAJdix,Preparedness,Evacuees,Preparedness,Preparedness,majority
1666511831211597824,FyCjaymagAIPDys,Reports of Actions of Responders,Warnings & Status Updates,Warnings & Status Updates,Warnings & Status Updates,majority
1666498286155612160,FyCXW5AacAAjg5e,Smoke & Air Quality,Smoke & Air Quality,Other,Smoke & Air Quality,majority
1666482283845672960,FyCIys0aMAIBL4c,Infrastructure,Infrastructure,Infrastructure,Infrastructure,full
1666460451750940672,FyB08bRXwAUI6H8,Smoke & Air Quality,Smoke & Air Quality,Other,Smoke & Air Quality,majority
1666456856540184576,FyBxqyPXgAITVrr,Other,General Information,Political,Other,none
1666456856540184576,FyBxqyUWcAEJOtI,Smoke & Air Quality,General Information,Smoke & Air Quality,Smoke & Air Quality,majority
1666456856540184576,FyBxqyOXsAEr-4o,Smoke & Air Quality,General Information,Political,Smoke & Air Quality,none
1666453836486123520,FyBu7xgXoAEBR07,Insurance,Support,Support,Support,majority
1666424657065435136,FyBUZOuXsAc9deO,Warnings & Status Updates,Warnings & Status Updates,Warnings & Status Updates,Warnings & Status Updates,full
1666309614621847552,Fx_rwyRaAAIBhpJ,Evacuees,Evacuees,Evacuees,Evacuees,full
1666299480399044608,Fx_ijBAakAAqMYr,Evacuees,Evacuees,Evacuees,Evacuees,full
1666272624786444288,Fx_KHpUaEAEWivy,Smoke & Air Quality,Smoke & Air Quality,Smoke & Air Quality,Smoke & Air Quality,full
1666249025862131712,Fx-0qA1aUAEnN_x,Infrastructure,Infrastructure,Infrastructure,Infrastructure,full
1666237328724045824,Fx-qBXVXoAEQeNe,Insurance,Support,Support,Support,majority
1666223215721717760,Fx-dLi7aUAAAJlZ,Warnings & Status Updates,General Information,Warnings & Status Updates,Warnings & Status Updates,majority
1666222475628392448,Fx-cgvUaAAAgYTl,Smoke & Air Quality,Smoke & Air Quality,Other,Smoke & Air Quality,majority
1666218649634615296,Fx-ZCDBaMAU8bfs,Other,Smoke & Air Quality,Other,Other,majority
1666205523124064256,Fx-NFg-WYCED4cL,Warnings & Status Updates,Smoke & Air Quality,Reports of Actions of Responders,Warnings & Status Updates,none
1666205523124064256,Fx-NFg-WYB8bbt5,Reports of Actions of Responders,Smoke & Air Quality,Reports of Actions of Responders,Reports of Actions of Responders,majority
1666205523124064256,Fx-NFg8XwAIAigJ,Warnings & Status Updates,Smoke & Air Quality,Reports of Actions of Responders,Warnings & Status Updates,none
1666205523124064256,Fx-NFg9WYCEfwM5,Warnings & Status Updates,Smoke & Air Quality,Reports of Actions of Responders,Warnings & Status Updates,none
1666192744203825152,Fx-BeHoaMAAnkjS,Reports of Actions of Responders,Reports of Actions of Responders,Reports of Actions of Responders,Reports of Actions of Responders,full
1666173862000689152,Fx9wSH4X0AY1EgE,Smoke & Air Quality,Smoke & Air Quality,Smoke & Air Quality,Smoke & Air Quality,full
1666149198675468288,Fx9ZdO1aIAES5kY,Reports of Actions of Responders,Reports of Actions of Responders,Reports of Actions of Responders,Reports of Actions of Responders,full
1666144829502533632,Fx9V4-TaUAAP90p,Infrastructure,Infrastructure,Infrastructure,Infrastructure,full
1666103763906736128,Fx8wd2VaMAU6IFT,Other,Support,Other,Other,majority
1666067828087160832,Fx8P3FvWIAEQTy6,Support,Advertisement,Support,Support,majority
1666066337590804480,Fx8OgNhXwAIBMDZ,Smoke & Air Quality,Smoke & Air Quality,Other,Smoke & Air Quality,majority
1666048515351388160,Fx7-SbnWcAA7zai,Smoke & Air Quality,Smoke & Air Quality,Evacuees,Smoke & Air Quality,majority
1665939334183387136,Fx6azakaMAA2VjI,Warnings & Status Updates,Smoke & Air Quality,Warnings & Status Updates,Warnings & Status Updates,majority
1665937571925598208,Fx6ZKyHaEAA4a4S,Other,Smoke & Air Quality,Other,Other,majority
1665937571925598208,Fx6ZKyHaQAEqOO2,Other,Smoke & Air Quality,Other,Other,majority
1665937571925598208,Fx6ZKyHaAAACZ8R,Other,Smoke & Air Quality,Other,Other,majority
1665937571925598208,Fx6ZKyIaQAEE_6V,Weather Reports,Smoke & Air Quality,Other,Weather Reports,none
1665924949150961664,Fx6M9eEaYAA8dkf,Reports of Actions of Responders,Reports of Actions of Responders,Reports of Actions of Responders,Reports of Actions of Responders,full
1665915839911165952,Fx6FoNLaQAAXGAD,Infrastructure,Smoke & Air Quality,Warnings & Status Updates,Infrastructure,none
1665843148973809664,Fx5DgHRaAAIgebB,Reports of Actions of Responders,Reports of Actions of Responders,Reports of Actions of Responders,Reports of Actions of Responders,full
1665833555077857280,Fx45ut8aYAA9QeA,Warnings & Status Updates,General Information,General Information,General Information,majority
1665819579136745472,Fx4uFBrX0AAO4_x,Insurance,Insurance,Insurance,Insurance,full
1665819579136745472,Fx4uFB0WcAE7gfo,Insurance,Insurance,Insurance,Insurance,full
1665819579136745472,Fx4uFBLXoAE0jez,Insurance,Insurance,Insurance,Insurance,full
1665819579136745472,Fx4uFCIXoAMxX3K,Support,Insurance,Insurance,Insurance,majority
1665815825104744448,Fx4qpeOWcAEJBZ8,Infrastructure,Reports of Actions of Responders,Infrastructure,Infrastructure,majority
1665815825104744448,Fx4qnBlXoAA6xQk,Infrastructure,Reports of Actions of Responders,Infrastructure,Infrastructure,majority
1665815825104744448,Fx4qoQMXsAANLhE,Infrastructure,Reports of Actions of Responders,Infrastructure,Infrastructure,majority
1665813810857345024,Fx4oqdeaQAYb-Bb,Infrastructure,Warnings & Status Updates,Warnings & Status Updates,Warnings & Status Updates,majority
1665811718054838272,Fx4m7j3XgAM3jjq,Support,Support,Support,Support,full
1665803704610750464,Fx4fon7aIAARlir,Warnings & Status Updates,Reports of Actions of Responders,Weather Reports,Warnings & Status Updates,none
1665801754531840000,Fx4d3W0aYAErNHD,Reports of Actions of Responders,Reports of Actions of Responders,Reports of Actions of Responders,Reports of Actions of Responders,full
1665792099839795200,Fx4VFblagAEvxII,Reports of Actions of Responders,Smoke & Air Quality,Reports of Actions of Responders,Reports of Actions of Responders,majority
1665771172829573120,Fx4CDbcagAAmqGu,Reports of Actions of Responders,Reports of Actions of Responders,Reports of Actions of Responders,Reports of Actions of Responders,full
1665770508787277824,Fx4BczyX0AUFFIu,Insurance,Insurance,Insurance,Insurance,full
1665767358668099584,Fx3-lP8aQAUUKKR,Warnings & Status Updates,General Information,Political,Warnings & Status Updates,none
1665755816027365376,Fx3z00gagAIYDG2,Warnings & Status Updates,Smoke & Air Quality,Preparedness,Warnings & Status Updates,none
1665755816027365376,Fx3z00haAAINmQd,Warnings & Status Updates,Smoke & Air Quality,Warnings & Status Updates,Warnings & Status Updates,majority
1665750620496642048,Fx3vXLRXsAAELN6,Preparedness,Warnings & Status Updates,Preparedness,Preparedness,majority
1665750563781263360,Fx3vT1WWwAArOVY,Smoke & Air Quality,Support,Preparedness,Smoke & Air Quality,none
1665744092037361664,Fx3pbK3XsAEzWUQ,Evacuees,Evacuees,Preparedness,Evacuees,majority
1665735500060143616,Fx3hnE3WIAEKjb4,Insurance,Preparedness,Support,Insurance,none
1665712660015378432,Fx3MjiBagAAsVLQ,Support,Insurance,Insurance,Insurance,majority
1665520625283133440,Fx0eLidaEAAkUZ-,Warnings & Status Updates,Warnings & Status Updates,Warnings & Status Updates,Warnings & Status Updates,full
1665494253374414848,Fx0GFN3aQAAgHuJ,Warnings & Status Updates,Smoke & Air Quality,Warnings & Status Updates,Warnings & Status Updates,majority
1665489908276903936,Fx0COw_aQAox5DE,Weather Reports,Weather Reports,Weather Reports,Weather Reports,full
1665489718061027328,Fx0CCGlaUAATqSI,Weather Reports,Weather Reports,Weather Reports,Weather Reports,full
1665432109388029952,FxzNpjXaYAAnnZy,Weather Reports,Smoke & Air Quality,Weather Reports,Weather Reports,majority
1665331798795010048,FxxycllWYAAXNnT,Insurance,Preparedness,Support,Insurance,none
1665207617025716224,Fxv_0T3aAAAM_l1,Warnings & Status Updates,General Information,General Information,General Information,majority
1665123710632853504,Fxu1Lx5aQAARzdc,Evacuees,Support,Support,Support,majority
1665121039435563008,FxuywoRaYAAFngb,General Information,Preparedness,Preparedness,Preparedness,majority
1665116172151570432,FxuuUV9akAA47cI,Warnings & Status Updates,Support,Support,Support,majority
1665053273580007424,Fxt1IPqWIAAheNN,Support,Preparedness,Support,Support,majority
1665033157706502144,Fxti1LZWIAAxm72,Insurance,Insurance,Insurance,Insurance,full
1664982559745355776,Fxs00EjagAAE0rj,Reports of Actions of Responders,Smoke & Air Quality,Reports of Actions of Responders,Reports of Actions of Responders,majority
1664982559745355776,Fxs00EkakAAdsbM,Reports of Actions of Responders,Smoke & Air Quality,Reports of Actions of Responders,Reports of Actions of Responders,majority
1664864352451588096,FxrJTNfWAAELvyz,Smoke & Air Quality,Smoke & Air Quality,Evacuees,Smoke & Air Quality,majority
1664864352451588096,FxrJTNeWIAAL298,Smoke & Air Quality,Smoke & Air Quality,Evacuees,Smoke & Air Quality,majority
1664761703303880704,Fxpr7PKaMAA8RTv,Warnings & Status Updates,Warnings & Status Updates,Warnings & Status Updates,Warnings & Status Updates,full
1664741957799927808,FxpZ-1faYAAdLBm,General Information,General Information,Warnings & Status Updates,General Information,majority
1664727444115341312,FxpIyxDXwAQJ3iP,Smoke & Air Quality,Smoke & Air Quality,Warnings & Status Updates,Smoke & Air Quality,majority
1664712324358307840,Fxo_CKAX0AI4o8k,Evacuees,Reports of Actions of Responders,Support,Evacuees,none
1664703934919856128,Fxo3QR_X0AE8zNB,Support,Support,Support,Support,full
1664678513561960448,FxogRpnacAA3_YJ,Advertisement,Advertisement,Advertisement,Advertisement,full
1664648096519782400,FxoEnr6WAAMm_d9,Infrastructure,Reports of Actions of Responders,Infrastructure,Infrastructure,majority
1664630883519791104,Fxn09zKXsAASmWd,Advertisement,Support,Support,Support,majority
1664618341586067456,Fxnpj6cWwAAQ4hw,Support,Advertisement,Support,Support,majority
1664411650173341696,FxktjCNaIAMN5uj,General Information,Advertisement,Warnings & Status Updates,General Information,none
1664411650173341696,FxktDdTaEAE928K,Political,Other,Warnings & Status Updates,Political,none
1664383833553403904,FxkURYlacAAd63H,Support,Support,Support,Support,full
1664383682336161792,FxkUIx2acAA54FJ,Other,Other,Other,Other,full
1664342175449247744,FxjuOMIaUAAB3MM,Weather Reports,Warnings & Status Updates,Political,Weather Reports,none
1664342175449247744,FxjuOMKakAAS51W,Weather Reports,Warnings & Status Updates,Political,Weather Reports,none
1664342175449247744,FxjtswMaIAATtfK,Weather Reports,Warnings & Status Updates,Political,Weather Reports,none
1664329863765827584,FxjjMP7WIAAL2Ea,General Information,General Information,General Information,General Information,full
1664324733457031168,FxjehcZWwB0JMQM,Insurance,Insurance,Insurance,Insurance,full
1664323304935636992,FxjdOenXwA8LiV7,Warnings & Status Updates,General Information,Warnings & Status Updates,Warnings & Status Updates,majority
1664312169222090752,FxjTGRVXwAAdLa2,Support,Support,Support,Support,full
1664305864763736064,FxjNW-WXwAMbaur,Insurance,Insurance,Insurance,Insurance,full
1664305864763736064,FxjNW_VWwAEduYv,Insurance,Insurance,Insurance,Insurance,full
1664305864763736064,FxjNW_7WIAEt-7B,Insurance,Insurance,Insurance,Insurance,full
1664305864763736064,FxjNW-IXwAYAO9-,Insurance,Insurance,Insurance,Insurance,full
1664305207495503872,FxjLfAaaEAAmlpr,Weather Reports,Warnings & Status Updates,Warnings & Status Updates,Warnings & Status Updates,majority
1664305207495503872,FxjLirOaQAAlkLK,Weather Reports,Warnings & Status Updates,Warnings & Status Updates,Warnings & Status Updates,majority
1664282481045164032,Fxi367raQAA33sg,Weather Reports,Weather Reports,Weather Reports,Weather Reports,full
1664269216671993856,FxisCHhaQAQR_Tl,Warnings & Status Updates,Warnings & Status Updates,Warnings & Status Updates,Warnings & Status Updates,full
1664229974558257152,FxiITR4aUAMR6Iu,Support,Support,Support,Support,full
1664229881453088768,FxiIAlvaEAAz77-,Other,Support,Support,Support,majority
1664038373647081472,FxfZzdSaQAEE4a6,Warnings & Status Updates,Reports of Actions of Responders,Reports of Actions of Responders,Reports of Actions of Responders,majority
1664037834875973632,FxfZl6LX0AMgIjf,General Information,Preparedness,Support,General Information,none
1664037834875973632,FxfZl6zWYAExPZ2,Support,Preparedness,Support,Support,majority
1664016453794660352,FxfGJSmWwAQnW47,Insurance,Insurance,Insurance,Insurance,full
1664016453794660352,FxfGJU7X0AY-QKl,Insurance,Insurance,Insurance,Insurance,full
1664016453794660352,FxfGJTBXgAA6lyK,Insurance,Insurance,Insurance,Insurance,full
1664016453794660352,FxfGJTUWIAAwWCZ,Insurance,Insurance,Insurance,Insurance,full
1664006436303650816,Fxe9CSnXoAoUWLx,Other,Other,Other,Other,full
1663999503635189760,FxeynYWaIAA3CGs,Other,Reports of Actions of Responders,Other,Other,majority
1663965289883770880,FxeW9NpaMAAFp6-,Evacuees,Preparedness,Insurance,Evacuees,none
1663949756555571200,FxeJfD5WAA8iPPR,Insurance,Insurance,Insurance,Insurance,full
1663940737371897856,FxeBOVwaQAA1Fk1,Reports of Actions of Responders,Warnings & Status Updates,Warnings & Status Updates,Warnings & Status Updates,majority
1663939921298571264,Fxd_5IHagAAIOkW,Infrastructure,Infrastructure,Infrastructure,Infrastructure,full
1663939921298571264,FxeAdS8aIAAliCt,Infrastructure,Infrastructure,Infrastructure,Infrastructure,full
1663939921298571264,FxeASdLaAAAetno,Infrastructure,Infrastructure,Infrastructure,Infrastructure,full
1663939326072217600,Fxd__vmWcAUbXGX,Preparedness,Smoke & Air Quality,Preparedness,Preparedness,majority
1663745216657108992,FxbPdM4acAA2akF,Support,Preparedness,Evacuees,Support,none
1663739598655356928,FxbKWGuaUAEV6DD,Support,Preparedness,Support,Support,majority
1663684900309045248,FxaYbAzaAAAI81C,Political,Political,Political,Political,full
1663679652618186752,FxaT0xkacAEkWQV,Reports of Actions of Responders,Reports of Actions of Responders,Reports of Actions of Responders,Reports of Actions of Responders,full
1663610228309622784,FxZUfcraIAAmgf4,Evacuees,Evacuees,Evacuees,Evacuees,full
1663603232164159488,FxZOTBlXwAAf8fn,Insurance,Support,Insurance,Insurance,majority
1663598731340414976,FxZKOs9WAAIg2V3,Insurance,Insurance,Insurance,Insurance,full
1663593113548619776,FxZFHodakAAx9sy,Warnings & Status Updates,Warnings & Status Updates,Warnings & Status Updates,Warnings & Status Updates,full
1663438517815615488,FxW4Yi9akAAB2d6,Political,Political,Political,Political,full
1663430381331447808,FxWvKHxaQAI7Ggj,Warnings & Status Updates,Smoke & Air Quality,Warnings & Status Updates,Warnings & Status Updates,majority
1663408535408103424,FxWcWQiaUAEHW06,Reports of Actions of Responders,Smoke & Air Quality,Smoke & Air Quality,Smoke & Air Quality,majority
1663408535408103424,FxWcWQkagAAoHRH,Reports of Actions of Responders,Smoke & Air Quality,Smoke & Air Quality,Smoke & Air Quality,majority
1663340791731998720,FxVfBsAaIAABU4I,Reports of Actions of Responders,Warnings & Status Updates,Warnings & Status Updates,Warnings & Status Updates,majority
1663307629886853120,FxVBUgoaYAE39T2,Reports of Actions of Responders,Reports of Actions of Responders,Warnings & Status Updates,Reports of Actions of Responders,majority
1663305609825906688,FxU_mhwWIAAVTSa,Warnings & Status Updates,Warnings & Status Updates,Warnings & Status Updates,Warnings & Status Updates,full
1663293476006662144,FxU0mc5akAIF91_,Warnings & Status Updates,Weather Reports,Warnings & Status Updates,Warnings & Status Updates,majority
1663281619036254208,FxUp0ZPXwAUPEpK,Insurance,Support,Insurance,Insurance,majority
1663270073220616192,FxUfF2OaEAA3ORN,Reports of Actions of Responders,Weather Reports,Reports of Actions of Responders,Reports of Actions of Responders,majority
1663266505130385408,FxUcDb0aIAAHa-Z,Political,Political,Political,Political,full
1663264317217861632,FxUZ_YoacAE3jmM,General Information,Advertisement,Advertisement,Advertisement,majority
1663251683894530048,FxUOiDDaMAEfmWe,Political,Political,Political,Political,full
1663251288077762560,FxUOCkZWYAAuOy_,Preparedness,General Information,Advertisement,Preparedness,none
1663251146692255744,FxUNhHgaYAAf9ZM,Infrastructure,Infrastructure,Infrastructure,Infrastructure,full
1663251146692255744,FxUNji-acAACw9f,Infrastructure,Infrastructure,Infrastructure,Infrastructure,full
1663251146692255744,FxUNh24aEAA86_i,Infrastructure,Infrastructure,Infrastructure,Infrastructure,full
1663251146692255744,FxUNiSCaAAAdIp2,Infrastructure,Infrastructure,Infrastructure,Infrastructure,full
1663184214810828800,FxTROsdWYAopIDL,Insurance,Insurance,Insurance,Insurance,full
1663172166198730752,FxTGRbSWcAMph2a,Support,Advertisement,Support,Support,majority
1662973748021174272,FxQRz2takAAAZwB,Reports of Actions of Responders,Reports of Actions of Responders,Reports of Actions of Responders,Reports of Actions of Responders,full
1662968246105157632,FxQMhVraUAAbRK_,Support,Support,Insurance,Support,majority
1662868282557472768,FxOx4tGacAEj7UH,Advertisement,Advertisement,Advertisement,Advertisement,full
1662866670640316416,FxOwQoqacAANB1p,Other,Other,Other,Other,full
1662642357492400128,FxLj99xaQAEP8RY,Reports of Actions of Responders,Smoke & Air Quality,Reports of Actions of Responders,Reports of Actions of Responders,majority
1662642357492400128,FxLjxl2aUAERcPP,Reports of Actions of Responders,Smoke & Air Quality,Reports of Actions of Responders,Reports of Actions of Responders,majority
1662581582295867392,FxKtIjKakAA2EqE,Other,Other,Other,Other,full
1662566339179958272,FxKfRk8WwAEQcih,Political,Political,Political,Political,full
1662500938001825792,FxJjsh5aIAAG8d4,Advertisement,Advertisement,Advertisement,Advertisement,full
1662498939218857984,FxJh3UMagAAQhD0,Advertisement,Advertisement,Advertisement,Advertisement,full
1662497146409738240,FxJehQcaIAAT7HM,Other,Reports of Actions of Responders,Other,Other,majority
1662492668297969664,FxJcRVWXsAAv2zI,Support,Support,Support,Support,full
1662428437452304384,Fwx7Uv-aIAA4ioS,Support,Support,Support,Support,full
1662310875464884224,FxG27qcacAAu2xS,Other,Smoke & Air Quality,Smoke & Air Quality,Smoke & Air Quality,majority
1662191202572304384,FxFKFbMaMAI7mjv,General Information,Warnings & Status Updates,Warnings & Status Updates,Warnings & Status Updates,majority
1662188183952424960,FxFHT_GWwA4BCHs,Support,Advertisement,Support,Support,majority
1662177632807686144,FxE9vlzaMAAbrQK,Warnings & Status Updates,Reports of Actions of Responders,Warnings & Status Updates,Warnings & Status Updates,majority
1662142006888415232,FxEdWNQXgAA-2Q_,Support,Support,Support,Support,full
1662129415495749632,FxERSafaUAM97o8,Advertisement,Advertisement,Advertisement,Advertisement,full
1661983439657250816,FxCNHkfagAEl3Bp,Advertisement,Advertisement,Advertisement,Advertisement,full
1661949853872824320,FxBulOkakAEzITA,Other,Smoke & Air Quality,Smoke & Air Quality,Smoke & Air Quality,majority
1661847647488016384,FxARoM6WcAAe4fy,Smoke & Air Quality,Smoke & Air Quality,Smoke & Air Quality,Smoke & Air Quality,full
1661847647488016384,FxARn_yWAAErMMq,Smoke & Air Quality,Smoke & Air Quality,Smoke & Air Quality,Smoke & Air Quality,full
1661842118585753600,FxAMmRkWIBwvMCo,Insurance,Insurance,Insurance,Insurance,full
1661775434973949952,Fw_P8wDXsAUTRSw,Insurance,Insurance,Insurance,Insurance,full
1661768309237506048,Fw_ImbfakAQw_hb,Smoke & Air Quality,Smoke & Air Quality,Smoke & Air Quality,Smoke & Air Quality,full
1661765125400072192,Fw_Fq-JaIAElKUo,General Information,Political,Preparedness,General Information,none
1661759025547968512,Fw939HgaIAMqlFQ,Smoke & Air Quality,Advertisement,Advertisement,Advertisement,majority
1661745414180331520,Fw-0fZgacAEkS8C,Advertisement,Advertisement,Advertisement,Advertisement,full
1661740226539323392,Fw-vNlSaMAciK24,Infrastructure,Infrastructure,Infrastructure,Infrastructure,full
1661740226539323392,Fw-vNlQaEAE2j-7,Infrastructure,Infrastructure,Infrastructure,Infrastructure,full
1661740226539323392,Fw-vNlQaAAEkyHh,Infrastructure,Infrastructure,Infrastructure,Infrastructure,full
1661740226539323392,Fw-vNleagAAkKTg,Infrastructure,Infrastructure,Infrastructure,Infrastructure,full
1661726311264468992,Fw93p9maUAEomsc,Preparedness,Preparedness,Preparedness,Preparedness,full
1661676922596896768,Fw92U9kaQAE92RZ,Advertisement,Advertisement,Advertisement,Advertisement,full
1661638976350953472,Fw9TjgMagAA7TeZ,Advertisement,Advertisement,Advertisement,Advertisement,full
1661580062129520640,Fw8ePgQakAEKA19,Other,Smoke & Air Quality,Other,Other,majority
1661550793693216768,Fw8DpHNaMAINUWu,Other,Infrastructure,Preparedness,Other,none
1661550554215235584,Fw8DHj8agAADIhX,Warnings & Status Updates,Warnings & Status Updates,Warnings & Status Updates,Warnings & Status Updates,full
1661550554215235584,Fw8DOtJaUAAMFMG,Warnings & Status Updates,Warnings & Status Updates,General Information,Warnings & Status Updates,majority
1661522497655955456,Fw7p4jbaIAAWrYP,General Information,Support,Warnings & Status Updates,General Information,none
1661508040947023872,Fw7cX5gaAAAvhT1,Smoke & Air Quality,General Information,General Information,General Information,majority
1661492287053131776,Fw7OavdaUAEsUrU,Evacuees,Support,Warnings & Status Updates,Evacuees,none
1661487023054626816,Fw7JpKZXgAAyP2F,Other,Support,Warnings & Status Updates,Other,none
1661487023054626816,Fw7JpKtWYAAbRhg,Evacuees,Support,Warnings & Status Updates,Evacuees,none
1661487023054626816,Fw7JpKXWAAIt1KA,Evacuees,Support,Warnings & Status Updates,Evacuees,none
1661462085505810432,Fw6y8-FagBA8ber,Support,Support,Support,Support,full
1661458650383233024,Fw6v1YGXwAEyTvG,Warnings & Status Updates,Evacuees,Evacuees,Evacuees,majority
1661456280131862528,Fw51-veaEAAFqNb,Advertisement,Advertisement,Advertisement,Advertisement,full
1661447348642369536,Fw6ljx4X0AE4Ds-,Preparedness,Preparedness,Support,Preparedness,majority
1661437183494946816,Fw6b8_MXsAEz3nL,Smoke & Air Quality,Smoke & Air Quality,Preparedness,Smoke & Air Quality,majority
1661436213566517248,Fw6bbUKacAYOXev,Warnings & Status Updates,Smoke & Air Quality,Warnings & Status Updates,Warnings & Status Updates,majority
1661432051139051520,Fw6XpXWWYAEMSgE,Advertisement,Advertisement,Advertisement,Advertisement,full
1661425624697667584,Fw6RzT5WABcPAMM,Preparedness,Preparedness,Insurance,Preparedness,majority
1661419113145864192,Fw6LxpVagAAaxlk,Smoke & Air Quality,Weather Reports,Smoke & Air Quality,Smoke & Air Quality,majority
1661405509189025792,Fw5_f_iWcAAg68w,Preparedness,Insurance,Insurance,Insurance,majority
1661395786104557568,Fw52k0XXoAEdWQA,Other,General Information,Preparedness,Other,none
1661395434512711680,Fw52Vy8XsAgA823,Evacuees,Preparedness,Preparedness,Preparedness,majority
1661395425763692544,Fw52VUCagAEPhQ_,Other,Other,Other,Other,full
1661392241573900288,Fw5zcD7aIAILD_v,General Information,Smoke & Air Quality,General Information,General Information,majority
1661379973221892096,Fw5nx0uXoAMPLLo,Support,Preparedness,Insurance,Support,none
1661377774559404032,Fw5mAd6X0AYCOLN,Support,Support,Support,Support,full
1661345985791168512,Fw5I8AUaAAIgqO6,Advertisement,Advertisement,Advertisement,Advertisement,full
1661285192172990464,Fw4RHPvaEAABnPJ,Advertisement,Support,Advertisement,Advertisement,majority
1661233734010683392,Fw3jRjcaIAEBpOa,Smoke & Air Quality,Smoke & Air Quality,Smoke & Air Quality,Smoke & Air Quality,full
1661192398700175360,Fw29n7iaAAItNd2,Smoke & Air Quality,Support,Advertisement,Smoke & Air Quality,none
1661189259821195264,Fw26z1eacAEaLdG,Advertisement,Advertisement,Advertisement,Advertisement,full
1661183856261713920,Fw216P1aAAAEAm2,Support,Support,Other,Support,majority
1661144330025975808,Fw2R9sqakAATAhi,Other,Other,Other,Other,full
1661139492315574272,Fw2NkFiX0AItGcp,Support,Preparedness,Warnings & Status Updates,Support,none
1661135088191700992,Fw2JjjuacAEEFuh,Weather Reports,Weather Reports,Weather Reports,Weather Reports,full
1661135088191700992,Fw2JjjsaEAAKsLS,Weather Reports,Weather Reports,Weather Reports,Weather Reports,full
1661135088191700992,Fw2JjjsaIAEeHQj,Weather Reports,Weather Reports,Weather Reports,Weather Reports,full
1661135088191700992,Fw2JjjwaMAAaeiN,Weather Reports,Weather Reports,Weather Reports,Weather Reports,full
1661134689271443456,Fw2JMX9agAAO0Ck,Weather Reports,Smoke & Air Quality,Weather Reports,Weather Reports,majority
1661129950282358784,Fw2E3poWwAMu7X_,Support,Support,Support,Support,full
1661124901552398336,Fw2AS36XgAAZGpr,Insurance,Insurance,Insurance,Insurance,full
1661117346285494272,Fw15bAcWIBIHMtf,Insurance,Insurance,Insurance,Insurance,full
1661117346285494272,Fw15a_7WICMkgpv,Insurance,Insurance,Insurance,Insurance,full
1661117346285494272,Fw15bAVWICImiaw,Insurance,Insurance,Insurance,Insurance,full
1661117346285494272,Fw15bBKWIAg8QdG,Insurance,Insurance,Insurance,Insurance,full
1661099767009517568,Fw1pawoWYAMBo7D,Support,Support,Support,Support,full
1661093892379361280,Fw0_cdgaQAA70ao,Advertisement,Advertisement,Advertisement,Advertisement,full
1661076892546658304,Fw1UoV1akAERJVD,Political,General Information,Political,Political,majority
1661069578355585024,Fw1N-ruXwAEFwxj,Evacuees,Evacuees,Evacuees,Evacuees,full
1661059968710348800,Fw1BBZaaMAE8GAK,Political,Political,Political,Political,full
1661055580042149888,Fw1BPbXXwAIgiVp,General Information,General Information,General Information,General Information,full
1661054462780387328,Fw1AO2UWAAAhKe6,Insurance,Insurance,Insurance,Insurance,full
1661053403055931392,Fw0_Q1YaMAIGWeO,Smoke & Air Quality,Smoke & Air Quality,Smoke & Air Quality,Smoke & Air Quality,full
1661050656793440256,Fw08xPJX0AAG-aS,Preparedness,Preparedness,Preparedness,Preparedness,full
1661048507443326976,Fw05-TDaAAA1Vtw,Weather Reports,Weather Reports,Weather Reports,Weather Reports,full
1661047727969697792,Fw06GkbaMAINaHj,Smoke & Air Quality,Weather Reports,Smoke & Air Quality,Smoke & Air Quality,majority
1661047727969697792,Fw06GkbaUAAYe4p,Smoke & Air Quality,Weather Reports,Smoke & Air Quality,Smoke & Air Quality,majority
1661044084671406080,Fw02Z8EakAQEi4y,Weather Reports,Weather Reports,Weather Reports,Weather Reports,full
1661044084671406080,Fw02hZuaUAAULJX,Weather Reports,Weather Reports,Weather Reports,Weather Reports,full
1661044084671406080,Fw02tTjacAAdLCj,Weather Reports,Weather Reports,Weather Reports,Weather Reports,full
1661040124870934528,Fw0yiASaEAA3xAb,Advertisement,Advertisement,Advertisement,Advertisement,full
1661038827434315776,Fw0yAlTaYAAo6CH,Smoke & Air Quality,Warnings & Status Updates,Smoke & Air Quality,Smoke & Air Quality,majority
1661035486692130816,Fw0u-EdaQAA3RiQ,Smoke & Air Quality,Infrastructure,Smoke & Air Quality,Smoke & Air Quality,majority
1661035086333067264,Fw0umeCXwAAMTb7,Other,General Information,Other,Other,majority
1661035086333067264,Fw0umeAXoAAaA27,Other,General Information,Other,Other,majority
1661033770617806848,Fw0tZ6gaAAIVBnr,Evacuees,Evacuees,Evacuees,Evacuees,full
1661031238688444416,Fw0rGw9agAMS3P4,Political,Political,General Information,Political,majority
1661031238688444416,Fw0rGxEaYAA3Grj,Political,Reports of Actions of Responders,Political,Political,majority
1661031238688444416,Fw0rGxAaQAEmKWs,Political,Infrastructure,Political,Political,majority
1661030515720192000,Fw0qc5qaIAEThES,Evacuees,Evacuees,Evacuees,Evacuees,full
1661027473142759424,Fw0nrlVXwAAbvNI,Smoke & Air Quality,Preparedness,Preparedness,Preparedness,majority
1661027473142759424,Fw0nrZSXsAI5J4V,Preparedness,Preparedness,Preparedness,Preparedness,full
1661027473142759424,Fw0nrw6XgAEytVl,Preparedness,Preparedness,Preparedness,Preparedness,full
1661027473142759424,Fw0nrJlWIAAGbs-,Preparedness,Preparedness,Preparedness,Preparedness,full
1661017259635277824,Fw0eVamaYAoBJF4,Advertisement,Advertisement,Advertisement,Advertisement,full
1661016706985398272,Fw0d0xcaAAMMv5e,Advertisement,Advertisement,Advertisement,Advertisement,full
1661016367422910464,Fw0dih0acAIyw8p,Weather Reports,Other,Weather Reports,Weather Reports,majority
1661015963121389568,Fw0dIQwagAMTuSk,Warnings & Status Updates,Smoke & Air Quality,Smoke & Air Quality,Smoke & Air Quality,majority
1661010210734108672,Fw0XyepaQAomIlY,General Information,Smoke & Air Quality,Other,General Information,none
1661003371141304320,Fw0RwuzaEAIJgxe,Weather Reports,Other,Smoke & Air Quality,Weather Reports,none
1660992026178117632,Fw0HcbYaQAAojVr,Weather Reports,Weather Reports,Weather Reports,Weather Reports,full
1660989916334129152,Fw0E0C1aEAA07HZ,Advertisement,Advertisement,Advertisement,Advertisement,full
1660963757407760384,FwztuxfX0AAlSyk,Support,Support,Support,Support,full
1660913261615943680,Fwy_zpwWwAE6nDo,Warnings & Status Updates,Smoke & Air Quality,General Information,Warnings & Status Updates,none
1660913261615943680,Fwy_zbZWYAI3Kv4,Warnings & Status Updates,Smoke & Air Quality,General Information,Warnings & Status Updates,none
1660864017810989056,FwyQ1SZacAECqLu,Weather Reports,Smoke & Air Quality,Smoke & Air Quality,Smoke & Air Quality,majority
1660861598573928448,FwyQ0jMaIAALRot,Weather Reports,Weather Reports,Smoke & Air Quality,Weather Reports,majority
1660861598573928448,FwyQ0ldakAADZtE,Weather Reports,Weather Reports,Smoke & Air Quality,Weather Reports,majority
1660846737894850560,FwyDSaXaAAA331C,Advertisement,Advertisement,Other,Advertisement,majority
1660844317835948032,FwyBGkkXwAENMf_,Smoke & Air Quality,Smoke & Air Quality,Other,Smoke & Air Quality,majority
1660844317835948032,FwyBGkuXsAAP1lS,Smoke & Air Quality,Smoke & Air Quality,Other,Smoke & Air Quality,majority
1660837967299239936,Fwx7Uv-aIAA4ioS,General Information,Support,Support,Support,majority
1660830720133087232,Fwx0thjagAAvN8m,Political,General Information,Political,Political,majority
1660814872890994688,Fwxln5VXgAImCCt,Weather Reports,Weather Reports,Weather Reports,Weather Reports,full
1660799197438955520,FwxYB4faUAABgqw,Advertisement,Advertisement,Other,Advertisement,majority
1660791473682411520,FwxRCmSakAACr8I,Weather Reports,Weather Reports,Weather Reports,Weather Reports,full
1660782421686595584,FwxIz3MWYAIBZjD,Smoke & Air Quality,Smoke & Air Quality,Smoke & Air Quality,Smoke & Air Quality,full
1660771462796701696,Fww-1qaacAAm8rz,Weather Reports,Other,Weather Reports,Weather Reports,majority
1660765489931354112,Fww5aNuaEAE0M70,Political,Political,Political,Political,full
1660759516886204416,Fwwz-gwakAA05HW,Reports of Actions of Responders,Reports of Actions of Responders,Reports of Actions of Responders,Reports of Actions of Responders,full
1660759115856244736,FwwznR9aEAAkHzd,Smoke & Air Quality,Smoke & Air Quality,Smoke & Air Quality,Smoke & Air Quality,full
1660747806297190400,FwwpU1yaYAAK4Nr,Smoke & Air Quality,Smoke & Air Quality,Smoke & Air Quality,Smoke & Air Quality,full
1660747806297190400,FwwpU13aEAE478w,Other,Smoke & Air Quality,Smoke & Air Quality,Smoke & Air Quality,majority
1660746486844628992,Fwwn7aoaQAApP-K,Political,Political,Political,Political,full
1660740760692576256,Fwwi65OX0AkL9cb,Weather Reports,Weather Reports,Weather Reports,Weather Reports,full
1660733531805593600,FwwcV9vXoAAPeol,Weather Reports,Weather Reports,Weather Reports,Weather Reports,full
1660733531805593600,FwwcVjvX0AI7N_E,Weather Reports,Smoke & Air Quality,Weather Reports,Weather Reports,majority
1660728528126738432,FwwXy6EakAEw8gN,Smoke & Air Quality,Smoke & Air Quality,Smoke & Air Quality,Smoke & Air Quality,full
1660726884194455552,FwwWSqBaMAIpyDG,Infrastructure,Infrastructure,Other,Infrastructure,majority
1660726884194455552,FwwWR7saUAAVUq8,Infrastructure,Infrastructure,Other,Infrastructure,majority
1660713953859895296,FwwKiiuaUAEdrV4,Smoke & Air Quality,Weather Reports,Smoke & Air Quality,Smoke & Air Quality,majority
1660711476682956800,FwwIK2FaUAARkCK,Other,Warnings & Status Updates,Preparedness,Other,none
1660703626405482496,FwwBJHJaUAUWmvS,Smoke & Air Quality,Smoke & Air Quality,Smoke & Air Quality,Smoke & Air Quality,full
1660688512461701120,FwvzZtjaMAEW0Xk,Smoke & Air Quality,Weather Reports,Smoke & Air Quality,Smoke & Air Quality,majority
1660681109708083200,Fwvsqx5aAAMyknf,Weather Reports,Weather Reports,Weather Reports,Weather Reports,full
1660681109708083200,Fwvsqk5aQAEmOHp,Weather Reports,General Information,Weather Reports,Weather Reports,majority
1660666233224826880,FwvfI5caMAImkUs,Advertisement,Advertisement,Advertisement,Advertisement,full
1660662274850168832,FwvbigPWYAI6hXM,Support,Advertisement,Support,Support,majority
1660660030113214464,FwvZcvlaEAECu0V,Smoke & Air Quality,Support,Other,Smoke & Air Quality,none
1660659699082051584,FwvY7R_aIAIEfAr,Smoke & Air Quality,Support,Other,Smoke & Air Quality,none
1660651536379158528,FwvRX05WcAMFE60,Other,Reports of Actions of Responders,Other,Other,majority
1660648335475191808,FwvKsclacAAAlx5,Political,General Information,Political,Political,majority
1660640505661726720,FwvHvV8WAAEN532,Evacuees,Evacuees,Evacuees,Evacuees,full
1660638000764657664,FwvFdiQXoAMgI57,Evacuees,Evacuees,Evacuees,Evacuees,full
1660634835898208256,FwvClCIaAAAoRoV,Smoke & Air Quality,Weather Reports,Smoke & Air Quality,Smoke & Air Quality,majority
1660630590406762496,Fwu-jkaX0AAxbn0,General Information,Preparedness,Preparedness,Preparedness,majority
1660622255729303552,Fwu2uSoaQAAH5QW,Smoke & Air Quality,Weather Reports,Smoke & Air Quality,Smoke & Air Quality,majority
1660545794393645056,FwtxmV5agAIwtuO,Smoke & Air Quality,Smoke & Air Quality,Smoke & Air Quality,Smoke & Air Quality,full
1660533232272838656,FwtmLBIaQAAamzn,Other,Support,Other,Other,majority
1660486846575706112,Fws7_B9agAARH8c,Warnings & Status Updates,Warnings & Status Updates,Warnings & Status Updates,Warnings & Status Updates,full
1660483716920254464,Fws5I3bagAAE4zV,Smoke & Air Quality,Weather Reports,Smoke & Air Quality,Smoke & Air Quality,majority
1660467604786642944,Fwsqe6nagAAmKRb,Smoke & Air Quality,Smoke & Air Quality,Smoke & Air Quality,Smoke & Air Quality,full
1660459756702818304,FwsiJG-akAAS3gP,General Information,General Information,General Information,General Information,full
1660459756702818304,FwsjG9gakAES7Ct,General Information,General Information,General Information,General Information,full
1660444333739327488,FwsVUl1WIAAPsv_,Smoke & Air Quality,Other,Smoke & Air Quality,Smoke & Air Quality,majority
1660441040376201216,FwsSSc8aEAEHJ9p,Other,Advertisement,Advertisement,Advertisement,majority
1660439392564178944,FwsQnTKakAE2qEZ,Other,General Information,Other,Other,majority
1660435534412500992,FwsMAqMXoAAVfFN,Warnings & Status Updates,Weather Reports,General Information,Warnings & Status Updates,none
1660433582979166208,FwsLX0gaQAEPXch,Other,Reports of Actions of Responders,Other,Other,majority
1660429260698554368,FwsHnEcaUAEOOBv,Smoke & Air Quality,Weather Reports,Smoke & Air Quality,Smoke & Air Quality,majority
1660429260698554368,FwsHnEbaEAACb30,Smoke & Air Quality,Weather Reports,Smoke & Air Quality,Smoke & Air Quality,majority
1660404209982795776,Fwrw1HiX0AIM2k0,General Information,Weather Reports,General Information,General Information,majority
1660397794698604544,Fwrqpx9aIAAxC2h,Weather Reports,Warnings & Status Updates,Smoke & Air Quality,Weather Reports,none
1660397488799617024,Fwrqtx8aUAAoYFh,Weather Reports,Warnings & Status Updates,Weather Reports,Weather Reports,majority
1660392122292502528,Fwrl1OVaMAA6A58,Smoke & Air Quality,Smoke & Air Quality,Smoke & Air Quality,Smoke & Air Quality,full
1660392122292502528,Fwrlz8_aEAIyJtW,Smoke & Air Quality,Smoke & Air Quality,Smoke & Air Quality,Smoke & Air Quality,full
1660392122292502528,Fwrl0uAaIAAl9m_,Smoke & Air Quality,Smoke & Air Quality,Smoke & Air Quality,Smoke & Air Quality,full
1660391929631371264,FwrjW31aAAEjojg,Advertisement,Advertisement,Other,Advertisement,majority
1660373430238334976,FwrU0WEWAAEcrvL,Political,Political,Other,Political,majority
1660373430238334976,FwrU0WAWAAA9bUv,Political,Political,Other,Political,majority
1660373430238334976,FwrU0WAXoAQmq9l,Political,Political,Other,Political,majority
1660373430238334976,FwrU0WBXwAEd8sV,Political,Political,Other,Political,majority
1660365527288512512,FwrNoORXwAY1yfK,Smoke & Air Quality,Smoke & Air Quality,Smoke & Air Quality,Smoke & Air Quality,full
1660365399119249408,FwrNhkQakAEXk-s,Smoke & Air Quality,Smoke & Air Quality,Smoke & Air Quality,Smoke & Air Quality,full
1660362148298600448,FwrJ1FNXoAAD9Zh,Political,Political,Political,Political,full
1660361329587150848,FwrJ1FNXoAAD9Zh,Political,Political,Political,Political,full
1660361134824914944,FwrJpkFakAAUNed,Other,Smoke & Air Quality,Smoke & Air Quality,Smoke & Air Quality,majority
1660355433272594432,FwrEd17aYAE7FuP,Smoke & Air Quality,Weather Reports,Weather Reports,Weather Reports,majority
1660355063334969344,FwrEDxfaQAAzPhY,Evacuees,Evacuees,Evacuees,Evacuees,full
1660353579167936512,FwrCx5vacAERBX7,Smoke & Air Quality,Weather Reports,Smoke & Air Quality,Smoke & Air Quality,majority
1660351343452880896,FwrAvrhaYAAcumR,Smoke & Air Quality,Weather Reports,Smoke & Air Quality,Smoke & Air Quality,majority
1660350748767682560,Fwq_l4cakAA594h,Weather Reports,Weather Reports,Weather Reports,Weather Reports,full
1660349974440460288,Fwq_eUyaEAAU0gg,Smoke & Air Quality,Weather Reports,General Information,Smoke & Air Quality,none
1660349974440460288,Fwq_eU6aMAA0Gnz,Smoke & Air Quality,Weather Reports,General Information,Smoke & Air Quality,none
1660349974440460288,Fwq_eU2aUAEs2l0,Smoke & Air Quality,Weather Reports,General Information,Smoke & Air Quality,none
1660348755173052416,Fwq-Y_pXgAEOswm,Other,Other,Other,Other,full
1660341464969392128,Fwq3wqQakAEAilG,Smoke & Air Quality,Weather Reports,Smoke & Air Quality,Smoke & Air Quality,majority
1660327795724263424,FwqrVEsaUAEjztR,Preparedness,Support,Preparedness,Preparedness,majority
1660322114983870464,FwqmKhUXoAEJOEU,Other,Support,Support,Support,majority
1660320391955628032,FwqkmKXaAAEg6qf,Smoke & Air Quality,Weather Reports,Smoke & Air Quality,Smoke & Air Quality,majority
1660316479739543552,FwqhCiHacAAgAj5,Smoke & Air Quality,Advertisement,Preparedness,Smoke & Air Quality,none
1660310288934252544,FwqbaHxaQAAX7zu,Smoke & Air Quality,Smoke & Air Quality,Smoke & Air Quality,Smoke & Air Quality,full
1660303141483708416,FwqU4_JacAEACMW,Other,Smoke & Air Quality,Other,Other,majority
1660301927027187712,FwqTysSaAAAH2QD,Other,Smoke & Air Quality,Other,Other,majority
1660301721539850240,FwqSyPbaAAEEGOh,Other,Smoke & Air Quality,Smoke & Air Quality,Smoke & Air Quality,majority
1660301453351882752,FwqTSicaMAYosor,Smoke & Air Quality,Support,Other,Smoke & Air Quality,none
1660300914497060864,FwqSjwRaMAE0H25,Other,Support,Smoke & Air Quality,Other,none
1660300697785737216,FwqSZJKaQAEH2eC,Smoke & Air Quality,Weather Reports,Smoke & Air Quality,Smoke & Air Quality,majority
1660300697785737216,FwqP4J3aYAEUNwW,Smoke & Air Quality,Smoke & Air Quality,Smoke & Air Quality,Smoke & Air Quality,full
1660299227824795648,FwqRWVYaYAI8NgE,Smoke & Air Quality,Smoke & Air Quality,Smoke & Air Quality,Smoke & Air Quality,full
1660298779394727936,FwqQ8ExXoAAVQYa,Political,Weather Reports,Political,Political,majority
1660297508097261568,FwqPyKGaAAEQWjX,Smoke & Air Quality,Smoke & Air Quality,Smoke & Air Quality,Smoke & Air Quality,full
1660296458367807488,FwqO1F5aQAMR81Y,Smoke & Air Quality,Weather Reports,Smoke & Air Quality,Smoke & Air Quality,majority
1660295419384205312,FwqMuC7aAAAn4mu,Smoke & Air Quality,Smoke & Air Quality,Smoke & Air Quality,Smoke & Air Quality,full
1660295184935194624,FwqNrByacAAGo2f,Other,Advertisement,Advertisement,Advertisement,majority
1660293983673925632,FwqMk6KaIAAWqZ8,Other,Support,Other,Other,majority
1660290754370220032,FwqIVyaaIAAXIP7,Smoke & Air Quality,Smoke & Air Quality,Smoke & Air Quality,Smoke & Air Quality,full
1660283552729305088,Fwp8UcEaUAAt6Mo,Smoke & Air Quality,Smoke & Air Quality,Other,Smoke & Air Quality,majority
1660280242689445888,FwqAFFLaUAcWmtx,Weather Reports,Smoke & Air Quality,Weather Reports,Weather Reports,majority
1660280034517716992,Fwp_wfVaUAAh2_-,Warnings & Status Updates,General Information,General Information,General Information,majority
1660279652571815936,Fwp_iwragAItid5,Weather Reports,Weather Reports,Weather Reports,Weather Reports,full
1660274347884580864,Fwp6uDDacAEQU61,Smoke & Air Quality,Weather Reports,Smoke & Air Quality,Smoke & Air Quality,majority
1660263667215269888,Fwpwaq_acAI7QYF,Smoke & Air Quality,Smoke & Air Quality,Smoke & Air Quality,Smoke & Air Quality,full
1660263667215269888,FwpwlsjaEAAZQsY,Smoke & Air Quality,Infrastructure,Smoke & Air Quality,Smoke & Air Quality,majority
1660237043157569536,FwpYyZWacAMP0-x,Smoke & Air Quality,Preparedness,Preparedness,Preparedness,majority
1660233197559640064,FwpVSwKakAEBjOI,Political,Warnings & Status Updates,Smoke & Air Quality,Political,none
1660210544895488000,Fwo_jmyaAAYLmRx,Support,Reports of Actions of Responders,Other,Support,none
1660176881189261312,FwoiEjPXwAEZ_r4,General Information,General Information,General Information,General Information,full
1660172232361144320,Fwod1swacAAo6ya,Smoke & Air Quality,Smoke & Air Quality,Smoke & Air Quality,Smoke & Air Quality,full
1660147880211132416,FwoHswtaUAEBbtv,Other,Advertisement,Other,Other,majority
1660139345612009472,Fwn_2LpaEAAM59O,Smoke & Air Quality,Smoke & Air Quality,Smoke & Air Quality,Smoke & Air Quality,full
1660139345612009472,Fwn_2LpakAAl06H,Smoke & Air Quality,Smoke & Air Quality,Smoke & Air Quality,Smoke & Air Quality,full
1660136893244387328,Fwn9tPEaEAE8WUh,Smoke & Air Quality,Weather Reports,Smoke & Air Quality,Smoke & Air Quality,majority
1660136086230958080,Fwn8-Q8aQAEpijM,Smoke & Air Quality,Smoke & Air Quality,Smoke & Air Quality,Smoke & Air Quality,full
1660131680051666944,Fwn49zCaQAAuHQH,Smoke & Air Quality,Warnings & Status Updates,Smoke & Air Quality,Smoke & Air Quality,majority
1660129673391767552,Fwn248KaIAYgo8f,Smoke & Air Quality,Smoke & Air Quality,Smoke & Air Quality,Smoke & Air Quality,full
1660127744892731392,Fwn1YudaQAAPco9,Smoke & Air Quality,Smoke & Air Quality,Smoke & Air Quality,Smoke & Air Quality,full
1660127675846119424,Fwn1TS5akAAGVNu,Reports of Actions of Responders,Warnings & Status Updates,Warnings & Status Updates,Warnings & Status Updates,majority
1660122515782668288,FwnwoLJaMAABVIk,Political,Smoke & Air Quality,Political,Political,majority
1660120729810255872,FwnvAWgacAEKT17,Smoke & Air Quality,Smoke & Air Quality,Smoke & Air Quality,Smoke & Air Quality,full
1660120431075164160,Fwnt6wcaAAUHHq0,Smoke & Air Quality,Warnings & Status Updates,Smoke & Air Quality,Smoke & Air Quality,majority
1660113743207075840,FwnopqQaQAABeUt,Smoke & Air Quality,Smoke & Air Quality,Smoke & Air Quality,Smoke & Air Quality,full
1660111873923256320,Fwnm8YIaQAAnvTv,Political,Political,Political,Political,full
1660111873923256320,Fwnm8YMaMAUDU_i,Political,Political,Political,Political,full
1660111873923256320,Fwnm8YFakAAhkrm,Political,Political,Political,Political,full
1660111873923256320,Fwnm8YHaAAE5S59,Political,Political,Political,Political,full
1660105415944728576,FwnhCPmXwAAtFna,Smoke & Air Quality,Weather Reports,Weather Reports,Weather Reports,majority
1660105415944728576,FwnhCPnXgAIgxCq,Smoke & Air Quality,Weather Reports,Weather Reports,Weather Reports,majority
1660104669119791104,FwngZMlacAE2Pjf,Smoke & Air Quality,Smoke & Air Quality,Smoke & Air Quality,Smoke & Air Quality,full
1660096743856549888,FwnZMEeagAAs1AQ,Weather Reports,Warnings & Status Updates,Warnings & Status Updates,Warnings & Status Updates,majority
1660088347170324480,FwnRdyraIAMcA-4,Reports of Actions of Responders,Warnings & Status Updates,Reports of Actions of Responders,Reports of Actions of Responders,majority
1660086699677089792,FwnQDhNakAAeWJ6,General Information,General Information,General Information,General Information,full
1660086699677089792,FwnQDh2aMAAwnda,General Information,General Information,General Information,General Information,full
1660077779361349632,FwnHpRUaYAE1P0a,Other,Other,Other,Other,full
1660077449445556224,FwnHMTvaUAI7fas,Reports of Actions of Responders,Smoke & Air Quality,Reports of Actions of Responders,Reports of Actions of Responders,majority
1660076147076481024,FwnGYiTXoAAlIdB,Smoke & Air Quality,Warnings & Status Updates,Weather Reports,Smoke & Air Quality,none
1660076147076481024,FwnGYimX0AEmFis,Smoke & Air Quality,Warnings & Status Updates,Weather Reports,Smoke & Air Quality,none
1660070612042407936,FwnBa-rakAEifdp,Smoke & Air Quality,Smoke & Air Quality,Smoke & Air Quality,Smoke & Air Quality,full
1660070337286123520,FwnBH8UakAEFVkZ,Political,Political,Political,Political,full
1660069470554169344,Fwm__kUaIAEIUkV,Smoke & Air Quality,Smoke & Air Quality,Smoke & Air Quality,Smoke & Air Quality,full
1660068753701478400,Fwm_f2daAAAKV_q,Smoke & Air Quality,Smoke & Air Quality,Smoke & Air Quality,Smoke & Air Quality,full
1660063732003926016,Fwm6Rk5aUAEPz33,Weather Reports,Weather Reports,Smoke & Air Quality,Weather Reports,majority
1660058349105446912,Fwm2RQkaUAE_jb3,Smoke & Air Quality,Smoke & Air Quality,Smoke & Air Quality,Smoke & Air Quality,full
1660052656361201664,FwmxF74aEAAw_ZW,Smoke & Air Quality,Weather Reports,Weather Reports,Weather Reports,majority
1660051388569878528,Fwmv7xFaMAE2OJR,Smoke & Air Quality,Warnings & Status Updates,Preparedness,Smoke & Air Quality,none
1660046963650469888,Fwmr6ooagAEasKk,Smoke & Air Quality,Smoke & Air Quality,Smoke & Air Quality,Smoke & Air Quality,full
1660046963650469888,Fwmr6ZzaQAEREO5,Smoke & Air Quality,Smoke & Air Quality,Smoke & Air Quality,Smoke & Air Quality,full
1660045297542914048,FwmqZnBaQAA43pD,General Information,Weather Reports,Smoke & Air Quality,General Information,none
1660043986550284288,FwmpNOaaYAAyHGX,Other,Other,Other,Other,full
1660041507393650688,Fwmm9AEaUAIHR9X,Smoke & Air Quality,Smoke & Air Quality,Smoke & Air Quality,Smoke & Air Quality,full
1660041502314364928,Fwmm8jQaQAAIAW9,Other,General Information,Smoke & Air Quality,Other,none
1660037327836844032,FwmjIUkaYAALNo_,Smoke & Air Quality,Smoke & Air Quality,Smoke & Air Quality,Smoke & Air Quality,full
1660037327836844032,FwmjIUmacAAPASb,Smoke & Air Quality,Smoke & Air Quality,Smoke & Air Quality,Smoke & Air Quality,full
1660037327836844032,FwmjIUkaAAEeoN4,Smoke & Air Quality,Smoke & Air Quality,Smoke & Air Quality,Smoke & Air Quality,full
1660037327836844032,FwmjIUlaEAARP2P,Smoke & Air Quality,Smoke & Air Quality,Smoke & Air Quality,Smoke & Air Quality,full
1660036171014230016,Fwmh0yPaYAAWNxJ,Smoke & Air Quality,Weather Reports,Smoke & Air Quality,Smoke & Air Quality,majority
1660036171014230016,Fwmh3upaUAEK7KX,Smoke & Air Quality,Weather Reports,Smoke & Air Quality,Smoke & Air Quality,majority
1660035564136189952,FwmhQERagAAy6Nw,Reports of Actions of Responders,Warnings & Status Updates,Warnings & Status Updates,Warnings & Status Updates,majority
1660034563912118272,FwmgorSWwAAU2g8,Other,Political,Preparedness,Other,none
1660034244268429312,FwmgWGuaAAASp1q,Smoke & Air Quality,Weather Reports,Smoke & Air Quality,Smoke & Air Quality,majority
1660033347849170944,FwmfiD7aUAA_S4O,Political,Political,Political,Political,full
1660017756778147840,FwmRS9VacAAxvzI,Smoke & Air Quality,Smoke & Air Quality,Other,Smoke & Air Quality,majority
1660017159270203392,FwmQeHIagAAkdXk,Smoke & Air Quality,Smoke & Air Quality,Other,Smoke & Air Quality,majority
1660014723616628736,FwmObLLWIAAmPir,Smoke & Air Quality,Weather Reports,Smoke & Air Quality,Smoke & Air Quality,majority
1660013773300838400,FwmNt1XagAAHO3N,Evacuees,Evacuees,Evacuees,Evacuees,full
1660013760298520576,FwmNt1waUAAllxt,Smoke & Air Quality,Warnings & Status Updates,Smoke & Air Quality,Smoke & Air Quality,majority
1660013760298520576,FwmNt2ZaYAUDh3A,Smoke & Air Quality,Smoke & Air Quality,Smoke & Air Quality,Smoke & Air Quality,full
1660008439161180160,FwmI4C3aQAA8Hlp,Reports of Actions of Responders,Warnings & Status Updates,Reports of Actions of Responders,Reports of Actions of Responders,majority
1660008439161180160,FwmI4C4aQAELc7-,Warnings & Status Updates,Warnings & Status Updates,Reports of Actions of Responders,Warnings & Status Updates,majority
1660008118439518208,FwmIlZ9aMAUP88c,Political,Political,Political,Political,full
1660005959714983936,FwmGURoWcAggLx0,Smoke & Air Quality,Weather Reports,Smoke & Air Quality,Smoke & Air Quality,majority
1660005523897581568,FwmGOZTaYAAtVXT,Political,Political,Political,Political,full
1660004671770226688,FwmFc2faQAAsOQT,Smoke & Air Quality,Smoke & Air Quality,Smoke & Air Quality,Smoke & Air Quality,full
1660004671770226688,FwmFcjNakAAJzrm,Smoke & Air Quality,Smoke & Air Quality,Smoke & Air Quality,Smoke & Air Quality,full
1660001705378054144,FwmCwGlacAASrjC,Preparedness,Preparedness,Preparedness,Preparedness,full
1659998772297084928,FwmAFcyaIAAPXhO,Smoke & Air Quality,Smoke & Air Quality,Smoke & Air Quality,Smoke & Air Quality,full
1659997773054332928,Fwl-lw4WYAEdoHz,General Information,General Information,General Information,General Information,full
1659997773054332928,Fwl-I6NXoAIKKs3,General Information,General Information,General Information,General Information,full
1659997063466328064,Fwl-h2aacAAOQ7m,Warnings & Status Updates,Warnings & Status Updates,Warnings & Status Updates,Warnings & Status Updates,full
1659997063466328064,Fwl-iE5aQAAvMCK,Infrastructure,Warnings & Status Updates,Warnings & Status Updates,Warnings & Status Updates,majority
1659995229813116928,Fwl83UtaUAAc6SV,Smoke & Air Quality,Weather Reports,Smoke & Air Quality,Smoke & Air Quality,majority
1659992940251594752,Fwl6xtSakAA5AM3,Other,Smoke & Air Quality,Smoke & Air Quality,Smoke & Air Quality,majority
1659992940251594752,Fwl6x3FaAAABBIv,Smoke & Air Quality,Smoke & Air Quality,Smoke & Air Quality,Smoke & Air Quality,full
1659992940251594752,Fwl6yDeaEAArsk3,Other,Smoke & Air Quality,Smoke & Air Quality,Smoke & Air Quality,majority
1659989949385703424,Fwl4DwOacAEN8yW,Smoke & Air Quality,Smoke & Air Quality,Smoke & Air Quality,Smoke & Air Quality,full
1659989949385703424,Fwl4DwNaIAETAPF,Smoke & Air Quality,Smoke & Air Quality,Smoke & Air Quality,Smoke & Air Quality,full
1659989949385703424,Fwl4DwRaYAEfxjw,Smoke & Air Quality,Smoke & Air Quality,Smoke & Air Quality,Smoke & Air Quality,full
1659989949385703424,Fwl4DwPaUAAED-Q,Smoke & Air Quality,Smoke & Air Quality,Smoke & Air Quality,Smoke & Air Quality,full
1659987849410920448,Fwl2JxNagAEqDNG,Political,Political,Political,Political,full
1659987556963094528,Fwl14qyaAAIjDP5,Other,Other,Other,Other,full
1659982555435749376,FwlxVlRWAAA8zJG,Insurance,Insurance,Insurance,Insurance,full
1659978257901711360,FwltbXVaUAAZTht,Smoke & Air Quality,Preparedness,Preparedness,Preparedness,majority
1659976018634080256,FwlrZBUaMAA0eL7,Other,Other,Smoke & Air Quality,Other,majority
1659976018634080256,FwlrZBVaYAABuL0,Smoke & Air Quality,Weather Reports,Smoke & Air Quality,Smoke & Air Quality,majority
1659972734783475712,Fwlno8AakAAP-yH,Smoke & Air Quality,Smoke & Air Quality,Smoke & Air Quality,Smoke & Air Quality,full
1659970526453039104,FwlmYl8aQAARtSP,Other,Support,Other,Other,majority
1659967589316190208,FwljuPhaEAA8o2u,Smoke & Air Quality,Smoke & Air Quality,Smoke & Air Quality,Smoke & Air Quality,full
1659965905512857600,FwliMMlaYAAuGe5,Smoke & Air Quality,Smoke & Air Quality,Smoke & Air Quality,Smoke & Air Quality,full
1659963385038127104,Fwlf5lJaMAQ3HJb,Other,Smoke & Air Quality,Smoke & Air Quality,Smoke & Air Quality,majority
1659963385038127104,Fwlf5lIacAA9vk3,Smoke & Air Quality,Smoke & Air Quality,Smoke & Air Quality,Smoke & Air Quality,full
1659963385038127104,Fwlf5lMaAAA-p88,Smoke & Air Quality,Smoke & Air Quality,Smoke & Air Quality,Smoke & Air Quality,full
1659963155999764480,FwlfrnLaYAIfD1K,Other,Other,Other,Other,full
1659963155999764480,FwlfrHlaMAAj7b7,Smoke & Air Quality,Smoke & Air Quality,Smoke & Air Quality,Smoke & Air Quality,full
1659962083902119936,Fwlet_2agAAledu,Other,Preparedness,Preparedness,Preparedness,majority
1659952953208508416,FwlWCucWIAEYis1,Weather Reports,Weather Reports,Weather Reports,Weather Reports,full
1659952284766203904,FwlIJFRWIAE3QMd,Weather Reports,Weather Reports,Weather Reports,Weather Reports,full
1659952284766203904,FwlIHcCWwAAs7VH,Weather Reports,Weather Reports,Weather Reports,Weather Reports,full
1659947550450028544,FwlRf6_aQAAVCqU,Smoke & Air Quality,Smoke & Air Quality,Smoke & Air Quality,Smoke & Air Quality,full
1659946647865167872,FwlQrPjakAQOrry,Smoke & Air Quality,Smoke & Air Quality,Smoke & Air Quality,Smoke & Air Quality,full
1659946647865167872,FwlQrgbaEAMVU9x,Smoke & Air Quality,Smoke & Air Quality,Smoke & Air Quality,Smoke & Air Quality,full
1659943852000821248,FwlOIsdaAAAu39q,Smoke & Air Quality,Smoke & Air Quality,Smoke & Air Quality,Smoke & Air Quality,full
1659942496892502016,FwlM5ztaAAEb9PO,Weather Reports,Smoke & Air Quality,Smoke & Air Quality,Smoke & Air Quality,majority
1659942496892502016,FwlM56UaYAE-QfZ,Smoke & Air Quality,Smoke & Air Quality,Smoke & Air Quality,Smoke & Air Quality,full
1659940525523316736,FwlK-l5WAAAiD9K,Evacuees,Support,Support,Support,majority
1659940525523316736,FwlK_l6XgAICaWF,Support,Support,Support,Support,full
1659940525523316736,FwlLAhkWIAARKOy,Support,Support,Support,Support,full
1659940525523316736,FwlLBZGXsAA3svT,Support,Support,Support,Support,full
1659940258203713536,FwlK3DtaEAIYo_g,Smoke & Air Quality,Smoke & Air Quality,Smoke & Air Quality,Smoke & Air Quality,full
1659940258203713536,FwlK3DrakAI3tK7,Smoke & Air Quality,Smoke & Air Quality,Smoke & Air Quality,Smoke & Air Quality,full
1659939463907414016,FwlKIcUaEAIMQeN,Smoke & Air Quality,Smoke & Air Quality,Smoke & Air Quality,Smoke & Air Quality,full
1659939463907414016,FwlKI0NaMAASWNS,Smoke & Air Quality,Smoke & Air Quality,Smoke & Air Quality,Smoke & Air Quality,full
1659939463907414016,FwlKJLEaEAIAJ2a,Smoke & Air Quality,Smoke & Air Quality,Smoke & Air Quality,Smoke & Air Quality,full
1659931679010754560,FwlDAUjakAASl3C,Smoke & Air Quality,Weather Reports,Smoke & Air Quality,Smoke & Air Quality,majority
1659930615142305792,FwlBBs1aEAQW0Ay,Weather Reports,Warnings & Status Updates,Weather Reports,Weather Reports,majority
1659927043738603520,Fwk-2NcaYAAi4H6,Smoke & Air Quality,Smoke & Air Quality,Smoke & Air Quality,Smoke & Air Quality,full
1659926299031535616,Fwk-KcSakAANWIU,Political,Smoke & Air Quality,Political,Political,majority
1659925837649678336,Fwk9wAYakAAJIxT,Smoke & Air Quality,Smoke & Air Quality,Smoke & Air Quality,Smoke & Air Quality,full
1659924442791948288,Fwk8ABSaIAEl-5b,Smoke & Air Quality,Weather Reports,Weather Reports,Weather Reports,majority
1659917755469135872,Fwk2ZfOaEAArxrc,Smoke & Air Quality,Smoke & Air Quality,Smoke & Air Quality,Smoke & Air Quality,full
1659917755469135872,Fwk2ZfPaIAEvnnU,Other,Other,Other,Other,full
1659917755469135872,Fwk2ZfRaAAMuW3g,Other,Weather Reports,Smoke & Air Quality,Other,none
1659909868105650176,FwkvOdcacAAosLz,Smoke & Air Quality,Smoke & Air Quality,Smoke & Air Quality,Smoke & Air Quality,full
1659907856706211840,FwktZTOaIAMXfQI,Smoke & Air Quality,Smoke & Air Quality,Smoke & Air Quality,Smoke & Air Quality,full
1659907856706211840,FwktZTQaAAEY6QO,Smoke & Air Quality,Smoke & Air Quality,Smoke & Air Quality,Smoke & Air Quality,full
1659906515241951232,FwkpGbHacAIfI8y,Other,Smoke & Air Quality,Smoke & Air Quality,Smoke & Air Quality,majority
1659902905519046656,Fwko5LYaYAEGlqa,Smoke & Air Quality,Weather Reports,Smoke & Air Quality,Smoke & Air Quality,majority
1659902905519046656,Fwko5LZacAAm-oB,Smoke & Air Quality,Weather Reports,Smoke & Air Quality,Smoke & Air Quality,majority
1659894232906334208,FwkhAcuakAIfItE,Smoke & Air Quality,Weather Reports,Smoke & Air Quality,Smoke & Air Quality,majority
1659789286651330560,FwjBj0kaAAAdlvj,General Information,Support,Warnings & Status Updates,General Information,none
1659787937096302592,FwjAFetagAIPcLH,Reports of Actions of Responders,Reports of Actions of Responders,Reports of Actions of Responders,Reports of Actions of Responders,full
1659785835376680960,Fwi-a6_aEAAo2On,Reports of Actions of Responders,Reports of Actions of Responders,Reports of Actions of Responders,Reports of Actions of Responders,full
1659784797038993408,Fwi9ec8aMAAAWy3,Warnings & Status Updates,Warnings & Status Updates,Warnings & Status Updates,Warnings & Status Updates,full
1659783704804478976,Fwi5LoYaAAEuLhk,Smoke & Air Quality,Smoke & Air Quality,Smoke & Air Quality,Smoke & Air Quality,full
1659776088187498496,Fwi1jcLaQAAI34N,Other,Other,Smoke & Air Quality,Other,majority
1659765608744124416,FwisBp_aQAEy0mC,Other,Preparedness,Other,Other,majority
1659763213742018560,Fwip2H2aIAA07Vh,Other,Smoke & Air Quality,Smoke & Air Quality,Smoke & Air Quality,majority
1659760173668499456,FwinB9_agAAbL3d,Smoke & Air Quality,Smoke & Air Quality,Smoke & Air Quality,Smoke & Air Quality,full
1659760173668499456,FwinFA9aAAEsu_7,Smoke & Air Quality,Smoke & Air Quality,Smoke & Air Quality,Smoke & Air Quality,full
1659760173668499456,FwinCwaaQAIrBYj,Smoke & Air Quality,Smoke & Air Quality,Smoke & Air Quality,Smoke & Air Quality,full
1659760173668499456,FwinEKwaYAc5UhA,Smoke & Air Quality,Smoke & Air Quality,Smoke & Air Quality,Smoke & Air Quality,full
1659758895747977216,Fwil6v4aQAADTJU,Smoke & Air Quality,Smoke & Air Quality,Smoke & Air Quality,Smoke & Air Quality,full
1659743536592613376,FwiX80GaQAEJw7f,Support,Advertisement,Support,Support,majority
1659734207688761344,FwiPdrZaEAErb4R,Smoke & Air Quality,Smoke & Air Quality,Smoke & Air Quality,Smoke & Air Quality,full
1659734207688761344,FwiPd23agAEPqb4,Smoke & Air Quality,Smoke & Air Quality,Smoke & Air Quality,Smoke & Air Quality,full
1659732596585033728,FwiN_7sXwAYakdS,Weather Reports,Warnings & Status Updates,Weather Reports,Weather Reports,majority
1659732596585033728,FwiN_7uXoAIhgNq,Weather Reports,Warnings & Status Updates,Weather Reports,Weather Reports,majority
1659732596585033728,FwiN_7tXgAE6urV,Weather Reports,Warnings & Status Updates,Weather Reports,Weather Reports,majority
1659728175524446208,FwiFwmfXoAAQ-An,Smoke & Air Quality,Warnings & Status Updates,General Information,Smoke & Air Quality,none
1659727811798761472,FwiHgbVagAAqgq4,Smoke & Air Quality,Weather Reports,Smoke & Air Quality,Smoke & Air Quality,majority
1659727474207653888,FwiJVuUacAAsUsp,Smoke & Air Quality,Smoke & Air Quality,Smoke & Air Quality,Smoke & Air Quality,full
1659726385630576640,FwiIEwLaYAAxSTq,Smoke & Air Quality,Smoke & Air Quality,Smoke & Air Quality,Smoke & Air Quality,full
1659721877600849920,FwiEP3NaMAI__pc,Other,Other,Other,Other,full
1659720632790294528,FwiDG-taEAAPbfc,Reports of Actions of Responders,Smoke & Air Quality,Smoke & Air Quality,Smoke & Air Quality,majority
1659720632790294528,FwiDG-xaIAE59y4,Smoke & Air Quality,Smoke & Air Quality,Smoke & Air Quality,Smoke & Air Quality,full
1659720632790294528,FwiDG-yaAAEcYFC,Reports of Actions of Responders,Smoke & Air Quality,Smoke & Air Quality,Smoke & Air Quality,majority
1659720632790294528,FwiDG-saQAUg8k6,Smoke & Air Quality,Smoke & Air Quality,Smoke & Air Quality,Smoke & Air Quality,full
1659718130019745792,FwiAUPWaYAAtAFD,Smoke & Air Quality,Weather Reports,Smoke & Air Quality,Smoke & Air Quality,majority
1659717402190553088,Fwh_xWmaMAAFR2U,Smoke & Air Quality,Weather Reports,Smoke & Air Quality,Smoke & Air Quality,majority
1659710799382814720,Fwh5TSVaEAA8V6X,Warnings & Status Updates,General Information,General Information,General Information,majority
1659710554041376768,Fwh5823agAAW0Pk,Weather Reports,Warnings & Status Updates,Weather Reports,Weather Reports,majority
1659710554041376768,Fwh5825aMAAUiob,Weather Reports,Warnings & Status Updates,Weather Reports,Weather Reports,majority
1659710554041376768,Fwh5827aQAE6Lm3,Weather Reports,Warnings & Status Updates,Weather Reports,Weather Reports,majority
1659710554041376768,Fwh5825acAAhYIX,Weather Reports,Warnings & Status Updates,Weather Reports,Weather Reports,majority
1659704420035330048,Fwh0XpnaUAAXXQO,Smoke & Air Quality,Smoke & Air Quality,Smoke & Air Quality,Smoke & Air Quality,full
1659702171485753344,FwhyUQuagAA6R5m,Smoke & Air Quality,Smoke & Air Quality,Smoke & Air Quality,Smoke & Air Quality,full
1659689049630842880,FwhclHNagAAmQeL,Smoke & Air Quality,Weather Reports,Smoke & Air Quality,Smoke & Air Quality,majority
1659684153024036864,Fwhh8JYWYAEfKgH,Insurance,Insurance,Insurance,Insurance,full
1659676605852053504,FwhbE2gWcAE99QK,Insurance,Insurance,Insurance,Insurance,full
1659672091346747392,FwhW6hvaMAAsroj,Warnings & Status Updates,Warnings & Status Updates,Warnings & Status Updates,Warnings & Status Updates,full
1659670853326639104,FwhV1rLaYAAY9_-,Warnings & Status Updates,Warnings & Status Updates,Evacuees,Warnings & Status Updates,majority
1659670082824581120,FwhU1bfaAAERsED,Smoke & Air Quality,Smoke & Air Quality,Smoke & Air Quality,Smoke & Air Quality,full
1659670082824581120,FwhVBPTaEAEnWb9,Smoke & Air Quality,Smoke & Air Quality,Smoke & Air Quality,Smoke & Air Quality,full
1659669925236199424,FwhU_i2acAAeOnW,Smoke & Air Quality,Smoke & Air Quality,Smoke & Air Quality,Smoke & Air Quality,full
1659669925236199424,FwhU_g7akAEeqUT,Other,Smoke & Air Quality,Smoke & Air Quality,Smoke & Air Quality,majority
1659669057166245888,FwhUNhKaAAAy1TT,General Information,General Information,General Information,General Information,full
1659667725927567360,FwhS7iNaQAAv-1j,Smoke & Air Quality,Smoke & Air Quality,Smoke & Air Quality,Smoke & Air Quality,full
1659665731716546560,FwhRL-IaUAUOVAr,Smoke & Air Quality,Weather Reports,Smoke & Air Quality,Smoke & Air Quality,majority
1659655962205257728,FwhITHaaUAIMT44,Smoke & Air Quality,Smoke & Air Quality,Smoke & Air Quality,Smoke & Air Quality,full
1659655120777510912,FwhHiO-agAAe3vk,Smoke & Air Quality,Smoke & Air Quality,Smoke & Air Quality,Smoke & Air Quality,full
1659653444976746496,FwhF_i2WIEA4mc2,Smoke & Air Quality,Smoke & Air Quality,Smoke & Air Quality,Smoke & Air Quality,full
1659635187259416576,Fwg1YRKWIAIxptK,Warnings & Status Updates,Warnings & Status Updates,Warnings & Status Updates,Warnings & Status Updates,full
1659635173959278592,Fwg1ZL0WIAkJrd7,Warnings & Status Updates,Warnings & Status Updates,Warnings & Status Updates,Warnings & Status Updates,full
1659630052248567808,FwgwvQyWwAA3RLC,Preparedness,Preparedness,Smoke & Air Quality,Preparedness,majority
1659622066193326080,FwgpePhaQAIZbvl,Political,Weather Reports,Smoke & Air Quality,Political,none
1659620010741088256,FwgniraaUAAoD64,Preparedness,Preparedness,Preparedness,Preparedness,full
1659614441279766528,Fwgiid_WwAcKDfy,Preparedness,Smoke & Air Quality,Preparedness,Preparedness,majority
1659605418472095744,FwgaOpZXwAAy7N7,General Information,Support,Preparedness,General Information,none
1659603471392292864,FwgYi5DWcAArZjP,Preparedness,Smoke & Air Quality,Preparedness,Preparedness,majority
1659601031276433408,FwgWVqDaIAEB_K5,Political,Political,Political,Political,full
1659597305568464896,FwgS9ANaIAAz166,Other,Smoke & Air Quality,Smoke & Air Quality,Smoke & Air Quality,majority
1659589873622487040,FwgMIJYagAAPRhP,Support,Support,Support,Support,full
1659581058034302976,FwgELFsaMAAF8bg,Weather Reports,Weather Reports,Weather Reports,Weather Reports,full
1659574925362081792,Fwf-mOwWAAAxg0M,Smoke & Air Quality,Smoke & Air Quality,Smoke & Air Quality,Smoke & Air Quality,full
1659573322437517312,Fwf9I8ZagAEhbS_,Reports of Actions of Responders,Support,Reports of Actions of Responders,Reports of Actions of Responders,majority
1659573322437517312,Fwf9I8ZaEAAsMck,Other,Infrastructure,Other,Other,majority
1659573322437517312,Fwf9I8YakAI8WsF,Political,General Information,Political,Political,majority
1659572638002577408,Fwf8hFvX0AE-Pmn,Smoke & Air Quality,Smoke & Air Quality,Smoke & Air Quality,Smoke & Air Quality,full
1659570677656039424,Fwf6vHwX0AkMOzf,Warnings & Status Updates,Smoke & Air Quality,Warnings & Status Updates,Warnings & Status Updates,majority
1659569586616803328,Fwf5vojXoAo0BCA,Weather Reports,Weather Reports,Weather Reports,Weather Reports,full
1659567403087409152,Fwf2P5pWYAYoMag,Preparedness,Support,Preparedness,Preparedness,majority
1659563320528056320,Fwf0C3BXsAEgFXZ,Evacuees,Weather Reports,Evacuees,Evacuees,majority
1659562263584608256,FwfzFXvaYAA4zmZ,Smoke & Air Quality,Smoke & Air Quality,Smoke & Air Quality,Smoke & Air Quality,full
1659561456629604352,FwfyQa2X0AEY2CY,Evacuees,Weather Reports,Evacuees,Evacuees,majority
1659560332673572864,FwfxVATXsAAevdF,Reports of Actions of Responders,Infrastructure,Other,Reports of Actions of Responders,none
1659544506075578368,Fwfiyq4XgAU9j2L,Smoke & Air Quality,Weather Reports,Weather Reports,Weather Reports,majority
1659534912616116224,FwfaKnhWIAAhBJZ,General Information,General Information,General Information,General Information,full
1659534912616116224,FwfaKnhXwAEU6g8,General Information,General Information,General Information,General Information,full
1659533672767275008,FwfZBl1WAAEJw7r,Smoke & Air Quality,Smoke & Air Quality,Weather Reports,Smoke & Air Quality,majority
1659528657281449984,FwfUgK_WIAUqtjS,Smoke & Air Quality,Weather Reports,Smoke & Air Quality,Smoke & Air Quality,majority
1659482906774114304,Fweq6A2aEAEztcr,Smoke & Air Quality,Smoke & Air Quality,Smoke & Air Quality,Smoke & Air Quality,full
1659482906774114304,Fweq6A4akAAgGt7,Smoke & Air Quality,Smoke & Air Quality,Smoke & Air Quality,Smoke & Air Quality,full
1659482906774114304,Fweq6A1acAEQUz8,Smoke & Air Quality,Smoke & Air Quality,Smoke & Air Quality,Smoke & Air Quality,full
1659482906774114304,Fweq6A5akAEONsc,Smoke & Air Quality,Smoke & Air Quality,Smoke & Air Quality,Smoke & Air Quality,full
1659466294457147392,FwebxleaIAEYfet,Evacuees,Warnings & Status Updates,Evacuees,Evacuees,majority
1659462910912114688,FweYsIEaIAE7cPA,Smoke & Air Quality,Warnings & Status Updates,Smoke & Air Quality,Smoke & Air Quality,majority
1659462910912114688,FweYqxbacAAplrU,Smoke & Air Quality,Warnings & Status Updates,Smoke & Air Quality,Smoke & Air Quality,majority
1659462910912114688,FweYuPkaIAAyATN,Smoke & Air Quality,Warnings & Status Updates,Smoke & Air Quality,Smoke & Air Quality,majority
1659462910912114688,FweYpapakAAofCQ,Smoke & Air Quality,Warnings & Status Updates,Smoke & Air Quality,Smoke & Air Quality,majority
1659442018408628224,FweFuJ9aAAA4Xl3,Reports of Actions of Responders,Smoke & Air Quality,Reports of Actions of Responders,Reports of Actions of Responders,majority
1659442018408628224,FweFt5iaMAU_KAI,Reports of Actions of Responders,Smoke & Air Quality,Reports of Actions of Responders,Reports of Actions of Responders,majority
1659424361009524736,Fwd1qDBacAAfk4Y,Smoke & Air Quality,Smoke & Air Quality,Smoke & Air Quality,Smoke & Air Quality,full
1659395930205093888,Fwdaf0XagAI4Rh_,Other,Smoke & Air Quality,Preparedness,Other,none
1659394233877532672,FwdaQkPakAAUfkR,Support,Support,Support,Support,full
1659393397294092288,FwdZgDwWAAEUlBH,Smoke & Air Quality,Smoke & Air Quality,Smoke & Air Quality,Smoke & Air Quality,full
1659389415733743616,FwdVwnaaIAAVDB8,Other,Smoke & Air Quality,Smoke & Air Quality,Smoke & Air Quality,majority
1659389415733743616,FwdVwnbacAEGcL8,Smoke & Air Quality,Smoke & Air Quality,Smoke & Air Quality,Smoke & Air Quality,full
1659374219229118464,FwdIBu4WwAIDuOL,Warnings & Status Updates,Weather Reports,Smoke & Air Quality,Warnings & Status Updates,none
1659372485102514176,FwdGeL7WYAMzycF,Smoke & Air Quality,Smoke & Air Quality,Smoke & Air Quality,Smoke & Air Quality,full
1659367181887447040,FwdBpxvaAAE673F,Preparedness,Warnings & Status Updates,Preparedness,Preparedness,majority
1659367181887447040,FwdBpzEaMAEgD9s,Preparedness,Smoke & Air Quality,Preparedness,Preparedness,majority
1659357594732093440,Fwc3y0yaMAMoE6Y,Weather Reports,Smoke & Air Quality,Weather Reports,Weather Reports,majority
1659345729343864832,FwcuIA0aUAEZzjN,Warnings & Status Updates,Warnings & Status Updates,Evacuees,Warnings & Status Updates,majority
1659336345712467968,FwclnFCaQAMOziH,Infrastructure,Infrastructure,Infrastructure,Infrastructure,full
1659336045367037952,FwclVjeaUAAS2AN,General Information,Preparedness,Preparedness,Preparedness,majority
1659333200437542912,FwciwMRXoAQSzcZ,Smoke & Air Quality,Smoke & Air Quality,Smoke & Air Quality,Smoke & Air Quality,full
1659324029889544192,FwcaaIHWYAYyLqw,Infrastructure,Infrastructure,Reports of Actions of Responders,Infrastructure,majority
1659324029889544192,FwcaZfxXsAAGnvi,Infrastructure,Infrastructure,Reports of Actions of Responders,Infrastructure,majority
1659322525090975744,FwcYZbSaQAARB7O,Smoke & Air Quality,Smoke & Air Quality,Smoke & Air Quality,Smoke & Air Quality,full
1659319235691302912,FwcWDM4aIAEmTFJ,Infrastructure,Infrastructure,Infrastructure,Infrastructure,full
1659303821078831104,FwcH1VsaIAMcorQ,Support,Support,Other,Support,majority
1659302876823408640,FwcHLElXsAIEYlp,Preparedness,Support,Preparedness,Preparedness,majority
1659302840580415488,FwcAuvaaYAEJe4E,Support,Support,Other,Support,majority
1659299803078205440,Fwb0FHSaYAMfKs9,Evacuees,Warnings & Status Updates,Evacuees,Evacuees,majority
1659297846427017216,FwcCmCTacAAl-zx,Smoke & Air Quality,Smoke & Air Quality,Smoke & Air Quality,Smoke & Air Quality,full
1659297790630170624,FwcB08BaMAAy94B,Reports of Actions of Responders,Warnings & Status Updates,Warnings & Status Updates,Warnings & Status Updates,majority
1659295938488442880,FwcAz-iaIAEqc08,Preparedness,Advertisement,Preparedness,Preparedness,majority
1659288039124791296,Fwb5rRCWcAE5RkX,Insurance,Insurance,Insurance,Insurance,full
1659288039124791296,Fwb5rSbWcB864mo,Insurance,Insurance,Insurance,Insurance,full
1659288039124791296,Fwb5rS8WcAAB1I2,Insurance,Insurance,Insurance,Insurance,full
1659288039124791296,Fwb5rSqWcAMabD-,Insurance,Insurance,Insurance,Insurance,full
1659287765253771264,Fwb5acsaQAAa5e5,General Information,Preparedness,Preparedness,Preparedness,majority
1659287342367248384,Fwb4eQ_aYAA55mT,Smoke & Air Quality,Smoke & Air Quality,Smoke & Air Quality,Smoke & Air Quality,full
1659287284573937664,Fwb4_fmaUAAqgIw,Political,Political,Political,Political,full
1659283642521354240,Fwb1rjIacAAOM8b,Other,Other,Other,Other,full
1659282441679302656,Fwbz0rlXgAA5OyT,Support,Support,Support,Support,full
1659282367411011584,Fwb0LKEaIAADXir,Evacuees,Evacuees,Support,Evacuees,majority
1659276476234051584,FwbvKVxX0AEyBbr,Preparedness,Smoke & Air Quality,Preparedness,Preparedness,majority
1659271079284834304,FwbqM2zaQAA1cl-,Support,Evacuees,Support,Support,majority
1659270588354154496,FwbpzEdaQAAsqql,Support,Support,Support,Support,full
1659266260990062592,Fwbl3xgagAA_aLR,Smoke & Air Quality,General Information,General Information,General Information,majority
1659266175694520320,FwblytBaIAAW3Ug,Weather Reports,Warnings & Status Updates,Weather Reports,Weather Reports,majority
1659261974193250304,FwbhjGQaUAAcRDP,Smoke & Air Quality,Smoke & Air Quality,Smoke & Air Quality,Smoke & Air Quality,full
1659261870409404416,FwbhwE5agAIlFt6,Infrastructure,Infrastructure,Infrastructure,Infrastructure,full
1659259650703859712,Fwbf125XoAwFCg0,Smoke & Air Quality,Smoke & Air Quality,Smoke & Air Quality,Smoke & Air Quality,full
1659259650703859712,Fwbf125XoAM47Us,Other,Smoke & Air Quality,Smoke & Air Quality,Smoke & Air Quality,majority
1659259271257763840,FwbfgtdWwAAAPbl,Support,Infrastructure,Evacuees,Support,none
1659258660189786112,Fwbe9W1aIAAtScY,Other,Other,Smoke & Air Quality,Other,majority
1659257490805071872,Fwbd5GwaEAEXnIk,Other,General Information,General Information,General Information,majority
1659256378370793472,Fwbc3aOXoBI2Fu9,Other,Reports of Actions of Responders,Other,Other,majority
1659256378370793472,FwbczwUXoAMUdJW,Other,Reports of Actions of Responders,Other,Other,majority
1659256378370793472,Fwbc2MGXsAEntUU,Other,Reports of Actions of Responders,Other,Other,majority
1659256378370793472,Fwbc097XoAE8hs3,Other,Reports of Actions of Responders,Other,Other,majority
1659250310081318912,FwbXXEraQAEgNcg,Smoke & Air Quality,Smoke & Air Quality,Other,Smoke & Air Quality,majority
1659247801757466624,FwbUXf1aMAAuKmX,Advertisement,Advertisement,Advertisement,Advertisement,full
1659247162767872000,FwbTe33aEAAAqM1,Smoke & Air Quality,Smoke & Air Quality,Smoke & Air Quality,Smoke & Air Quality,full
1659247162767872000,FwbTXmWaMAA-JeJ,Smoke & Air Quality,Smoke & Air Quality,Smoke & Air Quality,Smoke & Air Quality,full
1659247162767872000,FwbUDDcaEAU65n9,Warnings & Status Updates,Smoke & Air Quality,Smoke & Air Quality,Smoke & Air Quality,majority
1659247162767872000,FwbUEGuaMAEUXqv,Smoke & Air Quality,Smoke & Air Quality,Smoke & Air Quality,Smoke & Air Quality,full
1659241011099611136,FwbOTWlaIAA-6W6,Preparedness,Preparedness,Preparedness,Preparedness,full
1659239692070531072,FwbIDaEWwAAo0AL,Smoke & Air Quality,Weather Reports,Weather Reports,Weather Reports,majority
1659235156069085184,FwbJguhaYAAELnq,Other,Smoke & Air Quality,Other,Other,majority
1659234431314415616,FwbI7DnXwAArna6,Warnings & Status Updates,Other,Other,Other,majority
1659234200023896064,FwbItbyaAAI8qgT,Political,Political,Political,Political,full
1659232297395134464,FwbGw07aMAEVB07,General Information,Support,Insurance,General Information,none
1659229262182858752,FwbEMkqagAArnZg,Smoke & Air Quality,Smoke & Air Quality,Smoke & Air Quality,Smoke & Air Quality,full
1659225672227627008,FwbA9IiaUAASDBF,Smoke & Air Quality,Smoke & Air Quality,Smoke & Air Quality,Smoke & Air Quality,full
1659223746048303104,Fwa-mbqacAA-WLV,Smoke & Air Quality,Smoke & Air Quality,Smoke & Air Quality,Smoke & Air Quality,full
1659217339806629888,Fwa5YKYWIAAbhkO,Smoke & Air Quality,Smoke & Air Quality,Warnings & Status Updates,Smoke & Air Quality,majority
1659214085559578624,Fwa2auJaAAAGI2-,Smoke & Air Quality,Smoke & Air Quality,Smoke & Air Quality,Smoke & Air Quality,full
1659214050654576640,Fwa2W0rXsAA7Zr1,Infrastructure,Infrastructure,Preparedness,Infrastructure,majority
1659208217522757632,FwVg_9zWcAAuI6k,Advertisement,Other,Advertisement,Advertisement,majority
1659203731974668288,Fwas_4qakAAEUxd,Smoke & Air Quality,Smoke & Air Quality,Smoke & Air Quality,Smoke & Air Quality,full
1659203731974668288,Fwas7MvaMAI4qlF,Smoke & Air Quality,Smoke & Air Quality,Smoke & Air Quality,Smoke & Air Quality,full
1659203731974668288,Fwas6O0aIAEw8M7,Smoke & Air Quality,Smoke & Air Quality,Smoke & Air Quality,Smoke & Air Quality,full
1659203731974668288,Fwas9nwaMAMFba-,Smoke & Air Quality,Smoke & Air Quality,Smoke & Air Quality,Smoke & Air Quality,full
1659201808823390208,FwarP8pakAMDSEq,Other,Smoke & Air Quality,Other,Other,majority
1659201808823390208,FwarP8zaIAAqEw-,Other,Smoke & Air Quality,Other,Other,majority
1659194554791391232,FwakpvdaQAUBEpt,Smoke & Air Quality,Smoke & Air Quality,Smoke & Air Quality,Smoke & Air Quality,full
1659194020801961984,FwakKupakAAsqh5,Political,General Information,General Information,General Information,majority
1659187646797586432,FwaeXBZacAgJHOk,Smoke & Air Quality,Smoke & Air Quality,Smoke & Air Quality,Smoke & Air Quality,full
1659187646797586432,FwaeXqjacAAOSp2,Smoke & Air Quality,Smoke & Air Quality,Smoke & Air Quality,Smoke & Air Quality,full
1659169721227563008,FwaOESSXoAAr1iM,Smoke & Air Quality,Warnings & Status Updates,Smoke & Air Quality,Smoke & Air Quality,majority
1659168781846052864,FwaNNinacAENFCk,Smoke & Air Quality,Smoke & Air Quality,Smoke & Air Quality,Smoke & Air Quality,full
1659168208375660544,FwaMsQfacAI5xHC,Smoke & Air Quality,Smoke & Air Quality,Smoke & Air Quality,Smoke & Air Quality,full
1659166948398350336,FwHKM7saQAAln7B,Support,Support,Support,Support,full
1659162228069728256,FwaHHmPXsAE9Zxa,Smoke & Air Quality,Weather Reports,Smoke & Air Quality,Smoke & Air Quality,majority
1659152281047121920,FwZ-M-tWYAEOWX9,Support,Support,Support,Support,full
1659088595997556736,FwXV2FOaQAIgY6A,Smoke & Air Quality,Smoke & Air Quality,Smoke & Air Quality,Smoke & Air Quality,full
1659064040503787520,FwYt82FagAYpv9x,Political,Political,Political,Political,full
1659064040503787520,FwYt8-YakAICoiK,Political,Political,Political,Political,full
1659062860499255296,FwYpz6uaYAEoQQ7,Warnings & Status Updates,Warnings & Status Updates,Warnings & Status Updates,Warnings & Status Updates,full
1659048229558968320,FwYfUSGakAIQ1jf,Smoke & Air Quality,Smoke & Air Quality,Smoke & Air Quality,Smoke & Air Quality,full
1659046073762189312,FwYdm_UaYAUZi96,Other,General Information,Other,Other,majority
1659046073762189312,FwYdf87acAAd2qw,Other,General Information,Other,Other,majority
1659046073762189312,FwYdjc2aUAELQ0S,Other,General Information,Other,Other,majority
1659046073762189312,FwYdm9makAAa4AT,Other,General Information,Other,Other,majority
1659044968181415936,FwYcmxqakAAtr0P,Smoke & Air Quality,Smoke & Air Quality,Smoke & Air Quality,Smoke & Air Quality,full
1659038658736037888,FwYV56waIAEReQh,Smoke & Air Quality,Smoke & Air Quality,Smoke & Air Quality,Smoke & Air Quality,full
1659038658736037888,FwYWAALagAAjIW6,Smoke & Air Quality,Smoke & Air Quality,Smoke & Air Quality,Smoke & Air Quality,full
1659038658736037888,FwYV8UraQAEVWvp,Smoke & Air Quality,Smoke & Air Quality,Smoke & Air Quality,Smoke & Air Quality,full
1659038318921912320,FwYWjpkaEAEkMmb,Smoke & Air Quality,Smoke & Air Quality,Smoke & Air Quality,Smoke & Air Quality,full
1659034691662651392,FwYTGjEagAMVw5T,Warnings & Status Updates,Warnings & Status Updates,Warnings & Status Updates,Warnings & Status Updates,full
1659033676041322496,FwYR45CaMAEeX0C,Support,Support,Evacuees,Support,majority
1659030111579160576,FwYPGEyaIAAb_UZ,Smoke & Air Quality,Smoke & Air Quality,Smoke & Air Quality,Smoke & Air Quality,full
1659026175304552448,FwYLf-paAAA-X-w,Smoke & Air Quality,Smoke & Air Quality,Smoke & Air Quality,Smoke & Air Quality,full
1659026175304552448,FwYLgycagAECQhU,Smoke & Air Quality,Smoke & Air Quality,Smoke & Air Quality,Smoke & Air Quality,full
1659020923452944384,FwYGu5wakAE5tFj,Reports of Actions of Responders,Reports of Actions of Responders,Reports of Actions of Responders,Reports of Actions of Responders,full
1659019718928515072,FwYFpBiaMAA5dgs,Warnings & Status Updates,Smoke & Air Quality,Smoke & Air Quality,Smoke & Air Quality,majority
1659012311624073216,FwX-1gFaEAEYzWk,Other,Reports of Actions of Responders,Other,Other,majority
1659010536812716032,FwX9Sn1aIAAUMRC,Smoke & Air Quality,Smoke & Air Quality,Smoke & Air Quality,Smoke & Air Quality,full
1659009932383985664,FwX8t_eXoAIVdSK,Smoke & Air Quality,Weather Reports,Smoke & Air Quality,Smoke & Air Quality,majority
1659008903823097856,FwXyNBJagAAJ2IZ,Smoke & Air Quality,Weather Reports,Warnings & Status Updates,Smoke & Air Quality,none
1659007221601128448,FwX6RsQWIAIHwpO,Smoke & Air Quality,Smoke & Air Quality,Smoke & Air Quality,Smoke & Air Quality,full
1659006068801019904,FwX5Oi8acAA0eHa,Smoke & Air Quality,Smoke & Air Quality,Smoke & Air Quality,Smoke & Air Quality,full
1658994864137310208,FwXu6yKaAAERFiY,Smoke & Air Quality,Smoke & Air Quality,Smoke & Air Quality,Smoke & Air Quality,full
1658993302530854912,FwXjPP-aYAAPdwf,Smoke & Air Quality,Smoke & Air Quality,Smoke & Air Quality,Smoke & Air Quality,full
1658992369457598464,FwXsLkoakAA_AWI,General Information,Warnings & Status Updates,Warnings & Status Updates,Warnings & Status Updates,majority
1658990420616179712,FwXq_lSaUAA_Evn,Smoke & Air Quality,Smoke & Air Quality,Smoke & Air Quality,Smoke & Air Quality,full
1658990420616179712,FwXq_lWaYAAFHjs,Smoke & Air Quality,Smoke & Air Quality,Smoke & Air Quality,Smoke & Air Quality,full
1658990420616179712,FwXq_lWaIAAbPFB,Smoke & Air Quality,Smoke & Air Quality,Smoke & Air Quality,Smoke & Air Quality,full
1658979521268420608,FwXhFHqaIAAM5Ls,Reports of Actions of Responders,Warnings & Status Updates,Reports of Actions of Responders,Reports of Actions of Responders,majority
1658973172782473216,FwXbTnSaUAAfVXu,Political,Political,Political,Political,full
1658967716211085312,FwXV2FOaQAIgY6A,Smoke & Air Quality,Smoke & Air Quality,Smoke & Air Quality,Smoke & Air Quality,full
1658964239002812416,FwXTLTVXgAAW5Po,Smoke & Air Quality,Weather Reports,Smoke & Air Quality,Smoke & Air Quality,majority
1658964239002812416,FwXTLTVXwAAId1W,Smoke & Air Quality,Smoke & Air Quality,Smoke & Air Quality,Smoke & Air Quality,full
1658959631778209792,FwXObo-aYAA9hth,General Information,Support,Support,Support,majority
1658955568286171136,FwXLSm0aEAEl6qj,Warnings & Status Updates,Preparedness,Warnings & Status Updates,Warnings & Status Updates,majority
1658954420971794432,FwXKBdEWcAAdEKp,Smoke & Air Quality,Smoke & Air Quality,Smoke & Air Quality,Smoke & Air Quality,full
1658954420971794432,FwXJ9pmWcAgBGrC,Smoke & Air Quality,Smoke & Air Quality,Smoke & Air Quality,Smoke & Air Quality,full
1658953442872942592,FwXJTgDaYAE1E9f,Smoke & Air Quality,Weather Reports,Smoke & Air Quality,Smoke & Air Quality,majority
1658953442872942592,FwXJVeKaIAAds_3,Other,Weather Reports,Smoke & Air Quality,Other,none
1658953354951680000,FwXJSQ7XwAEs2Qs,Other,Support,Other,Other,majority
1658949304038354944,FwXFmRHWYAUW-wR,Preparedness,Preparedness,Insurance,Preparedness,majority
1658947986133782528,FwXD7SCacAAvDqG,Advertisement,Advertisement,Weather Reports,Advertisement,majority
1658946688751665152,FwXDOLuagAAR4Zs,Smoke & Air Quality,Smoke & Air Quality,Smoke & Air Quality,Smoke & Air Quality,full
1658927077192597504,FwWxKb2WwAECm1d,Weather Reports,Weather Reports,Weather Reports,Weather Reports,full
1658927077192597504,FwWxMelXsAI0rxN,Weather Reports,Weather Reports,Weather Reports,Weather Reports,full
1658927077192597504,FwWxKbzXwAUER3R,Weather Reports,Weather Reports,Weather Reports,Weather Reports,full
1658925862299881472,FwWwR4wWwAAHaMc,General Information,General Information,Support,General Information,majority
1658924444902125568,FwWu3pbaQAAyJY5,Support,Support,Support,Support,full
1658922955487981568,FwWtDwFaQAA9Fiv,Smoke & Air Quality,Smoke & Air Quality,Smoke & Air Quality,Smoke & Air Quality,full
1658920597504786432,FwWq7aAakAAayfJ,General Information,General Information,General Information,General Information,full
1658916300717015040,FwWncPpaYAA5jwB,Political,Political,Political,Political,full
1658915235183435776,FwWmnHaaIAABqHX,Weather Reports,Weather Reports,Preparedness,Weather Reports,majority
1658912962005053440,FwWkShDacAAEP2o,Other,Infrastructure,Smoke & Air Quality,Other,none
1658910210629705728,FwWh8JYaUAA53RJ,Warnings & Status Updates,Warnings & Status Updates,Warnings & Status Updates,Warnings & Status Updates,full
1658909472801292288,FwWgzzSaAAAwNJP,Warnings & Status Updates,Infrastructure,Warnings & Status Updates,Warnings & Status Updates,majority
1658909472801292288,FwWfAMsaQAAK91N,Warnings & Status Updates,Smoke & Air Quality,Warnings & Status Updates,Warnings & Status Updates,majority
1658907126360838144,FwWfN3JaQAApsU2,Support,Support,Preparedness,Support,majority
1658906602844598272,FwWewwRaMAMl48u,Other,Other,Other,Other,full
1658904921872138240,FwWdN9rXoA4CLwC,Preparedness,Preparedness,Preparedness,Preparedness,full
1658902795863617536,FwWbTJLaQAAjmRP,Evacuees,Evacuees,Evacuees,Evacuees,full
1658893672191082496,FwWS_INWYAAfSD1,Preparedness,Preparedness,Preparedness,Preparedness,full
1658893088113430528,FwWR4DMaIAIko9H,General Information,General Information,General Information,General Information,full
1658888172556939264,FwWMvpaaEAECPs7,Smoke & Air Quality,Smoke & Air Quality,Smoke & Air Quality,Smoke & Air Quality,full
1658888172556939264,FwWMv-QaMAAo6bH,Smoke & Air Quality,Smoke & Air Quality,Smoke & Air Quality,Smoke & Air Quality,full
1658885138217066496,FwWLPDWaQAA4efa,Smoke & Air Quality,Smoke & Air Quality,Smoke & Air Quality,Smoke & Air Quality,full
1658885138217066496,FwWLPDUaIAIfrAg,Smoke & Air Quality,Smoke & Air Quality,Smoke & Air Quality,Smoke & Air Quality,full
1658884497255825408,FwWKhRWWABgLzCp,Other,Other,Smoke & Air Quality,Other,majority
1658880380429299712,FwWGgf7aIAA8hgX,Smoke & Air Quality,Weather Reports,Smoke & Air Quality,Smoke & Air Quality,majority
1658876709578637312,FwWDMExaMAAiE5r,Other,Political,Political,Political,majority
1658870797577105408,FwV-LRWaAAAraDO,Smoke & Air Quality,Smoke & Air Quality,Smoke & Air Quality,Smoke & Air Quality,full
1658870059937169408,FwV9h18WIAA-EEG,Support,Support,Support,Support,full
1658870041348124672,FwV9gt_WIAANNGp,Insurance,Insurance,Insurance,Insurance,full
1658870041348124672,FwV9gvfWAAUwxRe,Insurance,Insurance,Insurance,Insurance,full
1658870041348124672,FwV9gudWYAEaYQU,Insurance,Insurance,Insurance,Insurance,full
1658870041348124672,FwV9gt0WAAArryg,Insurance,Insurance,Insurance,Insurance,full
1658868563187486720,FwV7vWnaMAA14aM,General Information,Warnings & Status Updates,Warnings & Status Updates,Warnings & Status Updates,majority
1658866645195190272,FwV5lI3akAMqPZw,Warnings & Status Updates,Weather Reports,General Information,Warnings & Status Updates,none
1658856944222760960,FwVltBbXwAocraw,Smoke & Air Quality,Weather Reports,Weather Reports,Weather Reports,majority
1658856782968819712,FwVxcwyaIAEH5J5,Other,Smoke & Air Quality,Smoke & Air Quality,Smoke & Air Quality,majority
1658855743859363840,FwVwgGJaEAAaaKN,Smoke & Air Quality,Smoke & Air Quality,Smoke & Air Quality,Smoke & Air Quality,full
1658853131130642432,FwVtp-oXoAQfiL4,Advertisement,Advertisement,Advertisement,Advertisement,full
1658852803001962496,FwVt1LfXoAYOqlj,Smoke & Air Quality,Smoke & Air Quality,Smoke & Air Quality,Smoke & Air Quality,full
1658851122595999744,FwVr6NEWYAEib2y,Weather Reports,Warnings & Status Updates,Weather Reports,Weather Reports,majority
1658850008018419712,FwVrSeEX0AI3oyP,Support,Preparedness,Support,Support,majority
1658847325387644928,FwVo19ZXsAAiLs4,Smoke & Air Quality,Preparedness,Smoke & Air Quality,Smoke & Air Quality,majority
1658844515149463552,FwVmSdQWYAEJHSZ,Political,Smoke & Air Quality,Smoke & Air Quality,Smoke & Air Quality,majority
1658844496140836864,FwVmRMcWAAou-22,Smoke & Air Quality,Other,Smoke & Air Quality,Smoke & Air Quality,majority
1658844363965734912,FwVkvtXWwAEiPqH,Smoke & Air Quality,Smoke & Air Quality,Smoke & Air Quality,Smoke & Air Quality,full
1658843550254080000,FwVk8kAWIAgLEjy,Other,Support,Support,Support,majority
1658843256111734784,FwVlJW-XsAUIoLA,Other,Other,Other,Other,full
1658842880608182272,FwVkzuwXwAwH7Wa,Smoke & Air Quality,Smoke & Air Quality,Smoke & Air Quality,Smoke & Air Quality,full
1658842874685935616,FwVkzVRXwAIMY9m,Preparedness,Support,Preparedness,Preparedness,majority
1658841606554890240,FwVjpl4X0AA19po,Evacuees,Evacuees,Evacuees,Evacuees,full
1658840545899290624,FwVirrDXwAEb9vu,Smoke & Air Quality,Smoke & Air Quality,Smoke & Air Quality,Smoke & Air Quality,full
1658839496282996736,FwVhulgWcAk458m,Other,Smoke & Air Quality,Political,Other,none
1658839009219444736,FwVgxZ3WwAst7gL,Weather Reports,Weather Reports,Smoke & Air Quality,Weather Reports,majority
1658839009219444736,FwVgxD0X0AYgdcR,Smoke & Air Quality,Weather Reports,Smoke & Air Quality,Smoke & Air Quality,majority
1658838545182736384,FwVg3d4WcAM2d-x,Support,Reports of Actions of Responders,Reports of Actions of Responders,Reports of Actions of Responders,majority
1658838331520606208,FwVgfvGXgAMk9sc,Other,Support,Other,Other,majority
1658833972850225152,FwVazNUX0AAd7-w,Advertisement,Advertisement,Advertisement,Advertisement,full
1658832715980980224,FwVbj6HagAE__q1,Smoke & Air Quality,Smoke & Air Quality,Smoke & Air Quality,Smoke & Air Quality,full
1658830269401497600,FwVY6cVX0AcTILm,Weather Reports,Weather Reports,Weather Reports,Weather Reports,full
1658830269401497600,FwVZFy3WcAYQeb_,Weather Reports,Weather Reports,Weather Reports,Weather Reports,full
1658830269401497600,FwVY6cOX0AEP0m5,Weather Reports,Weather Reports,Weather Reports,Weather Reports,full
1658830269401497600,FwVZVJGWIAMTFRc,Weather Reports,Weather Reports,Weather Reports,Weather Reports,full
1658829509108592640,FwVYpaIaQAAS3OJ,Smoke & Air Quality,Weather Reports,Smoke & Air Quality,Smoke & Air Quality,majority
1658828625830113280,FwVX19HakAAnbjx,Other,Other,Other,Other,full
1658827454075797504,FwVWx0aakAANapK,Smoke & Air Quality,Smoke & Air Quality,Smoke & Air Quality,Smoke & Air Quality,full
1658824929046052864,FwVUe3pakAAOdZt,Smoke & Air Quality,Smoke & Air Quality,Smoke & Air Quality,Smoke & Air Quality,full
1658822592772603904,FwVSWlfX0AUIC5u,Political,Political,Political,Political,full
1658819431898972160,FwVPevoaAAAqjjP,Smoke & Air Quality,Smoke & Air Quality,Smoke & Air Quality,Smoke & Air Quality,full
1658818716531052544,FwVMjb5aYAQScJN,Smoke & Air Quality,Smoke & Air Quality,Smoke & Air Quality,Smoke & Air Quality,full
1658817769507368960,FwVN99xWIAIlIEw,Smoke & Air Quality,Smoke & Air Quality,Smoke & Air Quality,Smoke & Air Quality,full
1658809362222137344,FwVGRBoXsAAP21V,Smoke & Air Quality,Smoke & Air Quality,Smoke & Air Quality,Smoke & Air Quality,full
1658804666988101632,FwVBrUGX0AIZmgq,Smoke & Air Quality,Smoke & Air Quality,Smoke & Air Quality,Smoke & Air Quality,full
1658713553040445440,FwTuJOhagAEuC_4,Advertisement,Advertisement,Advertisement,Advertisement,full
1658703109437407232,FwTlsB5aQAASxB6,Other,Other,Other,Other,full
1658701248726724608,FwTjpCEacAA8917,Smoke & Air Quality,General Information,Warnings & Status Updates,Smoke & Air Quality,none
1658695624135671808,FwTexgKXsAIQXqU,Smoke & Air Quality,Smoke & Air Quality,Advertisement,Smoke & Air Quality,majority
1658695624135671808,FwTe1oxXwAEgR59,Advertisement,Smoke & Air Quality,Advertisement,Advertisement,majority
1658694208365158400,FwTdl52aYAYO3H1,Advertisement,Advertisement,Advertisement,Advertisement,full
1658693611536646144,FwTdDKXagAUtGST,Advertisement,Advertisement,Advertisement,Advertisement,full
1658691524983660544,FwTbJplaQAAun2s,Smoke & Air Quality,Smoke & Air Quality,Smoke & Air Quality,Smoke & Air Quality,full
1658691524983660544,FwTbJxfaIAAHP2H,Smoke & Air Quality,Smoke & Air Quality,Smoke & Air Quality,Smoke & Air Quality,full
1658683317988859904,FwTTqUwacAcL6CW,Smoke & Air Quality,Smoke & Air Quality,Smoke & Air Quality,Smoke & Air Quality,full
1658683317988859904,FwTTp1uaIAMeJrP,Smoke & Air Quality,Smoke & Air Quality,Smoke & Air Quality,Smoke & Air Quality,full
1658683317988859904,FwTTrDGakAEzAUX,Smoke & Air Quality,Smoke & Air Quality,Smoke & Air Quality,Smoke & Air Quality,full
1658683317988859904,FwTTr2CaUAAVneU,Smoke & Air Quality,Smoke & Air Quality,Smoke & Air Quality,Smoke & Air Quality,full
1658682408609402880,FwTS1rqaQAcn5sV,Reports of Actions of Responders,Infrastructure,Reports of Actions of Responders,Reports of Actions of Responders,majority
1658682408609402880,FwTS1rnaUAIWlhu,Reports of Actions of Responders,Infrastructure,Reports of Actions of Responders,Reports of Actions of Responders,majority
1658682408609402880,FwTS1rrakAA0BNm,Infrastructure,Infrastructure,Reports of Actions of Responders,Infrastructure,majority
1658682408609402880,FwTS1roaUAEDcES,Infrastructure,Infrastructure,Reports of Actions of Responders,Infrastructure,majority
1658679439121874944,FwTQJ4RaYAYj3Z4,Political,Political,Political,Political,full
1658674828973584384,FwTL9qTagAE1Exp,Smoke & Air Quality,Smoke & Air Quality,Smoke & Air Quality,Smoke & Air Quality,full
1658671621488402432,FwTJDAeWYAEvay0,Smoke & Air Quality,Smoke & Air Quality,Smoke & Air Quality,Smoke & Air Quality,full
1658670121081274368,FwTHruUacAEGgF0,Reports of Actions of Responders,Reports of Actions of Responders,Reports of Actions of Responders,Reports of Actions of Responders,full
1658669623326425088,FwTHDrqacAARe6o,Smoke & Air Quality,Smoke & Air Quality,Smoke & Air Quality,Smoke & Air Quality,full
1658669623326425088,FwTHDroaMAcV8XY,Other,Smoke & Air Quality,Smoke & Air Quality,Smoke & Air Quality,majority
1658669623326425088,FwTHDrlacAEjlm6,Smoke & Air Quality,Smoke & Air Quality,Smoke & Air Quality,Smoke & Air Quality,full
1658669623326425088,FwTHDrnaEAEVHhu,Smoke & Air Quality,Smoke & Air Quality,Smoke & Air Quality,Smoke & Air Quality,full
1658668604651606016,FwTGEKWaQAAdDq6,Smoke & Air Quality,Smoke & Air Quality,Smoke & Air Quality,Smoke & Air Quality,full
1658663159539068928,FwTBWaRaQAEb6X0,Smoke & Air Quality,Smoke & Air Quality,Smoke & Air Quality,Smoke & Air Quality,full
1658663159539068928,FwTBWTVaYAEY2PJ,Smoke & Air Quality,Smoke & Air Quality,Smoke & Air Quality,Smoke & Air Quality,full
1658663159539068928,FwTBWgvaQAAmCnL,Smoke & Air Quality,Smoke & Air Quality,Smoke & Air Quality,Smoke & Air Quality,full
1658663159539068928,FwTBWp3aEAAvUhy,Smoke & Air Quality,Smoke & Air Quality,Smoke & Air Quality,Smoke & Air Quality,full
1658662142181253120,FwTAZ5GaMAAMBIo,Smoke & Air Quality,Smoke & Air Quality,Smoke & Air Quality,Smoke & Air Quality,full
1658658635566960640,FwS9O4VaYAE50UA,Smoke & Air Quality,Preparedness,Political,Smoke & Air Quality,none
1658658635566960640,FwS9O4TacAIGlbe,Smoke & Air Quality,Preparedness,Political,Smoke & Air Quality,none
1658658615996063744,FwS9OF7WwAIwDN3,Smoke & Air Quality,Smoke & Air Quality,Other,Smoke & Air Quality,majority
1658653696929181696,FwS4vwsakAMjfmz,Smoke & Air Quality,Smoke & Air Quality,Smoke & Air Quality,Smoke & Air Quality,full
1658653626737348608,FwS4rs2WwAApJwC,Support,Support,Support,Support,full
1658652984530829312,FwS4GLcaEAEu0iv,Other,Smoke & Air Quality,Smoke & Air Quality,Smoke & Air Quality,majority
1658651777279901696,FwSpiagXwAIkQgc,Smoke & Air Quality,Weather Reports,Smoke & Air Quality,Smoke & Air Quality,majority
1658651777279901696,FwSso9NWcAIGWCb,Smoke & Air Quality,Weather Reports,Smoke & Air Quality,Smoke & Air Quality,majority
1658643817212547072,FwSvv0UakAAPONP,Support,Evacuees,Evacuees,Evacuees,majority
1658637512204750848,FwSqBW3aQAALnfY,Smoke & Air Quality,General Information,Smoke & Air Quality,Smoke & Air Quality,majority
1658637512204750848,FwSqByHaQAI0t2M,Smoke & Air Quality,General Information,Smoke & Air Quality,Smoke & Air Quality,majority
1658637512204750848,FwSqBICagAAMrP3,Other,General Information,Smoke & Air Quality,Other,none
1658637512204750848,FwSqBkpaUAEX8av,Smoke & Air Quality,General Information,Smoke & Air Quality,Smoke & Air Quality,majority
1658634654277328896,FwSnFwuaMAEOwp8,Smoke & Air Quality,Weather Reports,Smoke & Air Quality,Smoke & Air Quality,majority
1658634471627804672,FwSnQT8WIAQhlkZ,Other,Advertisement,Advertisement,Advertisement,majority
1658633637720637440,FwSl2LQaAAAwZU1,Smoke & Air Quality,Weather Reports,Warnings & Status Updates,Smoke & Air Quality,none
1658629360977592320,FwSiaQyaYAA9Pnh,General Information,Evacuees,Warnings & Status Updates,General Information,none
1658628661606760448,FwSh-XkWcAAtgFJ,Smoke & Air Quality,Smoke & Air Quality,Smoke & Air Quality,Smoke & Air Quality,full
1658623512377176064,FwSc_f0aAAAxGbr,General Information,Support,Support,Support,majority
1658622083105185792,FwSb_pJagAAcK9c,Preparedness,Preparedness,Preparedness,Preparedness,full
1658619588513243136,FwRW4AHaMAA4FOz,Other,Support,Preparedness,Other,none
1658616965727162368,FwSVb3JakAE9los,Political,Warnings & Status Updates,General Information,Political,none
1658612584407506944,FwSTWvDaMAAdLzd,General Information,General Information,Preparedness,General Information,majority
1658609626802458624,FwSQqNBaIAEHvdX,Warnings & Status Updates,General Information,Smoke & Air Quality,Warnings & Status Updates,none
1658608365529083904,FwSO8nUaUAAcVut,Warnings & Status Updates,General Information,Warnings & Status Updates,Warnings & Status Updates,majority
1658608365529083904,FwSOkFiaUAIleCf,Warnings & Status Updates,Smoke & Air Quality,Warnings & Status Updates,Warnings & Status Updates,majority
1658607606091624448,FwSO0m-aYAE3bM0,Other,Other,Smoke & Air Quality,Other,majority
1658606569263886336,FwSN4knagAAJe07,Warnings & Status Updates,Warnings & Status Updates,Warnings & Status Updates,Warnings & Status Updates,full
1658606090723147776,FwSNcNMagAAPje1,Other,Infrastructure,Other,Other,majority
1658604863410827264,FwSMVBPWAAc8XUe,Infrastructure,Smoke & Air Quality,Evacuees,Infrastructure,none
1658604743151820800,FwSMLjEX0AAPn8V,Advertisement,Weather Reports,Advertisement,Advertisement,majority
1658601349855186944,FwSIZ7paMAABb-P,Advertisement,Advertisement,Advertisement,Advertisement,full
1658600889731670016,FwSH_BRacAEssPf,Smoke & Air Quality,Smoke & Air Quality,Smoke & Air Quality,Smoke & Air Quality,full
1658597316738297856,FwSFd3DXsAEWX-E,Smoke & Air Quality,Smoke & Air Quality,Smoke & Air Quality,Smoke & Air Quality,full
1658597316738297856,FwSFd3AX0AAMZ7_,Smoke & Air Quality,Smoke & Air Quality,Smoke & Air Quality,Smoke & Air Quality,full
1658592376938692608,FwSA-ZcaUAAzSbu,Smoke & Air Quality,Smoke & Air Quality,Smoke & Air Quality,Smoke & Air Quality,full
1658590085992816640,FwR-zy8WYAAmv4Z,Support,Evacuees,Evacuees,Evacuees,majority
1658589806916698112,FwR-ox8aUAIWDEA,Reports of Actions of Responders,Reports of Actions of Responders,Warnings & Status Updates,Reports of Actions of Responders,majority
1658589465366110208,FwR-U0dagAAlRQ0,Smoke & Air Quality,Weather Reports,Preparedness,Smoke & Air Quality,none
1658589465366110208,FwR-U0aaEAA_e_n,Smoke & Air Quality,Weather Reports,Preparedness,Smoke & Air Quality,none
1658589465366110208,FwR-U0aaUAEhYsL,Smoke & Air Quality,Weather Reports,Preparedness,Smoke & Air Quality,none
1658589465366110208,FwR-U0caQAEGqU9,Smoke & Air Quality,Weather Reports,Preparedness,Smoke & Air Quality,none
1658588574315364352,FwR9hGOWYAE6UXH,Political,Smoke & Air Quality,Political,Political,majority
1658587995325493248,FwR877SaIAElkc-,Preparedness,Preparedness,Preparedness,Preparedness,full
1658586015848857600,FwR3n-DaEAATJRR,Preparedness,Preparedness,Preparedness,Preparedness,full
1658585615070531584,FwNC8KMaAAAisNY,Preparedness,Preparedness,Preparedness,Preparedness,full
1658583923281231872,FwR4-lracAE5O2P,Warnings & Status Updates,General Information,Political,Warnings & Status Updates,none
1658583656259260416,FwR46qAakAI1Mjl,Smoke & Air Quality,Weather Reports,Smoke & Air Quality,Smoke & Air Quality,majority
1658583483567177728,FwR442uaYAAmaR3,Smoke & Air Quality,Smoke & Air Quality,Smoke & Air Quality,Smoke & Air Quality,full
1658577931256606720,FwRz1lzakAcbw_t,Smoke & Air Quality,Smoke & Air Quality,Smoke & Air Quality,Smoke & Air Quality,full
1658577931256606720,FwRz1l1akAIOaDu,Smoke & Air Quality,Smoke & Air Quality,Smoke & Air Quality,Smoke & Air Quality,full
1658577252525780992,FwRzNF6WcAwuAW0,Reports of Actions of Responders,Reports of Actions of Responders,Reports of Actions of Responders,Reports of Actions of Responders,full
1658575662679207936,FwRxxUqakAANedx,Smoke & Air Quality,Weather Reports,Smoke & Air Quality,Smoke & Air Quality,majority
1658575492742561792,FwRxnuiWYAI_7Iw,Warnings & Status Updates,Reports of Actions of Responders,Reports of Actions of Responders,Reports of Actions of Responders,majority
1658574290374230016,FwRtsCNaYAAPcHz,Warnings & Status Updates,Evacuees,Evacuees,Evacuees,majority
1658573016685760512,FwRvXiwaMAE2Nlm,Smoke & Air Quality,Weather Reports,Smoke & Air Quality,Smoke & Air Quality,majority
1658572116336467968,FwRui8_akAAe15l,Smoke & Air Quality,Preparedness,Preparedness,Preparedness,majority
1658572116336467968,FwRui76aMAAXwXi,Smoke & Air Quality,Preparedness,Preparedness,Preparedness,majority
1658572019099926528,FwRuTiiakAAAPz9,General Information,Weather Reports,Smoke & Air Quality,General Information,none
1658571152560893952,FwRtqt6aAAASro4,Smoke & Air Quality,Smoke & Air Quality,Smoke & Air Quality,Smoke & Air Quality,full
1658571152560893952,FwRtqt7aEAYxCLb,Smoke & Air Quality,Smoke & Air Quality,Smoke & Air Quality,Smoke & Air Quality,full
1658570266551918592,FwRs3eXakAASsY9,Warnings & Status Updates,Warnings & Status Updates,Evacuees,Warnings & Status Updates,majority
1658569155334000640,FwRr2UcaMAA_UDk,Smoke & Air Quality,Smoke & Air Quality,Smoke & Air Quality,Smoke & Air Quality,full
1658569155334000640,FwRr2UZaIAEqCw2,Smoke & Air Quality,Smoke & Air Quality,Smoke & Air Quality,Smoke & Air Quality,full
1658565997367005184,FwRo-anaIAA6kTE,Smoke & Air Quality,Smoke & Air Quality,Smoke & Air Quality,Smoke & Air Quality,full
1658565994959482880,FwRowMTacAEwnZQ,Weather Reports,Weather Reports,Warnings & Status Updates,Weather Reports,majority
1658565994959482880,FwRowMTakAAJB_i,Weather Reports,Weather Reports,Warnings & Status Updates,Weather Reports,majority
1658565994959482880,FwRowMTaEAAsTMO,Weather Reports,Weather Reports,Warnings & Status Updates,Weather Reports,majority
1658565994959482880,FwRowMUagAAASq2,Weather Reports,Weather Reports,Warnings & Status Updates,Weather Reports,majority
1658563816039370752,FwRm--gX0B0jzn-,Preparedness,Preparedness,Smoke & Air Quality,Preparedness,majority
1658563408441282560,FwRmjtHaUAI_uT8,Other,Smoke & Air Quality,Smoke & Air Quality,Smoke & Air Quality,majority
1658563408441282560,FwRmjtKaIAEopdt,Other,Smoke & Air Quality,Smoke & Air Quality,Smoke & Air Quality,majority
1658563225397481472,FwRmdkhX0A4Hj5q,Support,Preparedness,Preparedness,Preparedness,majority
1658563049341571072,FwRmTc-X0AoWFjV,General Information,Support,Support,Support,majority
1658563016579751936,FwRl6m_WYAAxMwI,General Information,General Information,General Information,General Information,full
1658563016579751936,FwRmFkbX0A0Gvdt,General Information,Smoke & Air Quality,General Information,General Information,majority
1658562152540807168,FwRlXs8agAI_Tht,Other,Other,Advertisement,Other,majority
1658559036508479488,FwRibteaAAEEpsn,Evacuees,Evacuees,Evacuees,Evacuees,full
1658559036508479488,FwRibtjaAAEYB24,Warnings & Status Updates,Evacuees,Evacuees,Evacuees,majority
1658558706563563520,FwRh3OTaMAUsN1q,Smoke & Air Quality,Weather Reports,Smoke & Air Quality,Smoke & Air Quality,majority
1658558580705075200,FwRiPRiaQAAByPC,Preparedness,Support,Other,Preparedness,none
1658558580705075200,FwRiPRhaMAASpsM,Preparedness,Support,Other,Preparedness,none
1658557932588658688,FwRWxaDaIAA--X_,Smoke & Air Quality,Support,Preparedness,Smoke & Air Quality,none
1658556891784421376,FwRgtAnWAAIh-YZ,Other,Other,Other,Other,full
1658556502792372224,FwRgWQIacAAlqvM,Evacuees,Evacuees,Evacuees,Evacuees,full
1658555213731729408,FwRfFaSaAAARZNE,Smoke & Air Quality,Weather Reports,Smoke & Air Quality,Smoke & Air Quality,majority
1658554873921642496,FwRe3nRX0Ag7gXF,Smoke & Air Quality,Smoke & Air Quality,General Information,Smoke & Air Quality,majority
1658554221896032256,FwReRXVX0AgKxNq,Political,Political,Political,Political,full
1658554032565411840,FwReGoqaQAEVykg,Evacuees,Evacuees,Evacuees,Evacuees,full
1658554017327497216,FwReFoOaAAg3yux,Evacuees,Evacuees,Evacuees,Evacuees,full
1658552346274852864,FwRckNXacAADUlW,Smoke & Air Quality,Smoke & Air Quality,Smoke & Air Quality,Smoke & Air Quality,full
1658551339578957824,FwRbpujagAIHM6Z,Smoke & Air Quality,Smoke & Air Quality,Smoke & Air Quality,Smoke & Air Quality,full
1658549586141630464,FwRaDwxX0AIS2Hg,Political,Political,Political,Political,full
1658548938843082752,FwRZeDHXgAAlR5u,Smoke & Air Quality,Weather Reports,Smoke & Air Quality,Smoke & Air Quality,majority
1658548261374812160,FwRY2tpWYAo-FOq,Support,Support,Support,Support,full
1658547515090771968,FwRYLQ1WYAIpqY-,Smoke & Air Quality,Smoke & Air Quality,Smoke & Air Quality,Smoke & Air Quality,full
1658546711286120448,FwRXC1HaUAAkG-i,Advertisement,Political,Political,Political,majority
1658542533847441408,FwRTpOLagAAgN80,Warnings & Status Updates,Warnings & Status Updates,Warnings & Status Updates,Warnings & Status Updates,full
1658540416080175104,FwRRt_2WIAAJPHq,Smoke & Air Quality,Warnings & Status Updates,Smoke & Air Quality,Smoke & Air Quality,majority
1658540292528807936,FwRQt3gaYAAprS5,Preparedness,Advertisement,Advertisement,Advertisement,majority
1658538878633123840,FwRQUHSaEAIPDKx,General Information,Support,Warnings & Status Updates,General Information,none
1658537946352586752,FwRPd5yaIAEes4V,Smoke & Air Quality,Smoke & Air Quality,Smoke & Air Quality,Smoke & Air Quality,full
1658537677799694336,FwRPOgvakAEQmUH,Smoke & Air Quality,Smoke & Air Quality,Smoke & Air Quality,Smoke & Air Quality,full
1658537356725739520,FwROzjhagAAX4zN,Other,Weather Reports,Warnings & Status Updates,Other,none
1658536445005697024,FwROGzQaYAAfvVr,Smoke & Air Quality,General Information,General Information,General Information,majority
1658536445005697024,FwROGzOaAAA-XTL,General Information,General Information,Preparedness,General Information,majority
1658536445005697024,FwROGzPaIAABbkV,Political,General Information,General Information,General Information,majority
1658536445005697024,FwROGzPaQAA_KS9,Political,General Information,Other,Political,none
1658535816308875264,FwRNiU8acAA2_qr,Smoke & Air Quality,Other,Other,Other,majority
1658535790669103104,FwRNb65aIAAWjiz,Smoke & Air Quality,Smoke & Air Quality,Smoke & Air Quality,Smoke & Air Quality,full
1658535790669103104,FwRNb64aEAAtQHk,Other,Smoke & Air Quality,Smoke & Air Quality,Smoke & Air Quality,majority
1658535790669103104,FwRNb65agAAG17T,Smoke & Air Quality,Infrastructure,Smoke & Air Quality,Smoke & Air Quality,majority
1658535790669103104,FwRNb63aIAAqrHH,Smoke & Air Quality,Smoke & Air Quality,Smoke & Air Quality,Smoke & Air Quality,full
1658535335196778496,FwRNGJEXsAALHS1,Insurance,Insurance,Insurance,Insurance,full
1658534289196355584,FwRMJVAaUAAdfVB,Other,Other,Advertisement,Other,majority
1658534289196355584,FwRMJVBaEAAKLrI,Other,Other,Advertisement,Other,majority
1658534289196355584,FwRMJVDaYAEn2uf,Other,Other,Advertisement,Other,majority
1658534266865852416,FwRI2qGaYAAyCb_,Political,Political,Political,Political,full
1658534266865852416,FwRLnYTaMAET2Z6,Political,Political,Political,Political,full
1658534266865852416,FwRLe-_aAAATsTz,Political,Political,Political,Political,full
1658534237161545728,FwRMGTraQAA3lds,Smoke & Air Quality,Smoke & Air Quality,Smoke & Air Quality,Smoke & Air Quality,full
1658533759690616832,FwRLqkvaMAEHhTo,Smoke & Air Quality,Smoke & Air Quality,Smoke & Air Quality,Smoke & Air Quality,full
1658533255547871232,FwRLMQMWwAQKGd4,Smoke & Air Quality,Smoke & Air Quality,Smoke & Air Quality,Smoke & Air Quality,full
1658533255547871232,FwRLM95WYAsXTVF,Smoke & Air Quality,Smoke & Air Quality,Smoke & Air Quality,Smoke & Air Quality,full
1658532904216182784,FwRJiOraUAAayDb,Warnings & Status Updates,Infrastructure,Smoke & Air Quality,Warnings & Status Updates,none
1658532904216182784,FwRJrr2aYAEZdPz,Smoke & Air Quality,Infrastructure,Smoke & Air Quality,Smoke & Air Quality,majority
1658532854618521600,FwRK17HakAAO-Bn,Support,Support,Support,Support,full
1658529820853305344,FwRIC8eaIAA1d7d,Other,Infrastructure,Smoke & Air Quality,Other,none
1658527564858793984,FwRGB-iaUAA9GRp,Smoke & Air Quality,Smoke & Air Quality,Smoke & Air Quality,Smoke & Air Quality,full
1658527564858793984,FwRGBSaakAAgnov,Smoke & Air Quality,Smoke & Air Quality,Smoke & Air Quality,Smoke & Air Quality,full
1658527564858793984,FwRGBpQaUAE9bSF,Smoke & Air Quality,Smoke & Air Quality,Smoke & Air Quality,Smoke & Air Quality,full
1658527350995156992,FwRF1HPWcAA3gbe,Smoke & Air Quality,Smoke & Air Quality,Smoke & Air Quality,Smoke & Air Quality,full
1658527350995156992,FwRF1XjWABg7rHs,Smoke & Air Quality,Smoke & Air Quality,Smoke & Air Quality,Smoke & Air Quality,full
1658527350995156992,FwRF0zGWABgWuAg,Smoke & Air Quality,Smoke & Air Quality,Smoke & Air Quality,Smoke & Air Quality,full
1658525298596380672,FwRD-GAWAAgIGSg,Insurance,Insurance,Insurance,Insurance,full
1658524674727215104,FwRDZhDWAAo1CcT,Infrastructure,Reports of Actions of Responders,Reports of Actions of Responders,Reports of Actions of Responders,majority
1658524674727215104,FwRDZACXwAANo5G,Infrastructure,Reports of Actions of Responders,Reports of Actions of Responders,Reports of Actions of Responders,majority
1658524452685230080,FwRCggyaYAAabbk,Other,Support,Other,Other,majority
1658524170349576192,FwRC2VcXsAIeR06,Smoke & Air Quality,Weather Reports,Smoke & Air Quality,Smoke & Air Quality,majority
1658523647349227520,FwRBFNMWAA0PBwK,Political,Political,Political,Political,full
1658523647349227520,FwRBNnxXsAAa0mh,Political,Political,Political,Political,full
1658523647349227520,FwRA17hWAA4Etz3,Political,Political,Political,Political,full
1658523647349227520,FwRARrYWABg8Dil,Political,Political,Political,Political,full
1658523547009171456,FwRCYCkaUAAVq0s,Political,Smoke & Air Quality,Smoke & Air Quality,Smoke & Air Quality,majority
1658522747901992960,FwRBpoIakAA3_Mh,Smoke & Air Quality,Weather Reports,Smoke & Air Quality,Smoke & Air Quality,majority
1658522747901992960,FwRBpcGaQAIhwzw,Smoke & Air Quality,Weather Reports,Smoke & Air Quality,Smoke & Air Quality,majority
1658522708022534144,FwRBm-TaEAEOB4n,Smoke & Air Quality,Smoke & Air Quality,Smoke & Air Quality,Smoke & Air Quality,full
1658522229926428672,FwRAkmeaIAAvKTH,Smoke & Air Quality,Smoke & Air Quality,Smoke & Air Quality,Smoke & Air Quality,full
1658521892872126464,FwRA3UiaAAA2w67,Smoke & Air Quality,Smoke & Air Quality,Smoke & Air Quality,Smoke & Air Quality,full
1658521824437891072,FwRAzuyagAE6xER,Preparedness,Preparedness,Preparedness,Preparedness,full
1658520780840538112,FwQ_3GOaEAA-zfE,Smoke & Air Quality,Smoke & Air Quality,Smoke & Air Quality,Smoke & Air Quality,full
1658519447597125632,FwQ-pSlWAAMc1Lg,Smoke & Air Quality,Smoke & Air Quality,Smoke & Air Quality,Smoke & Air Quality,full
1658519054917697536,FwQ-O7nWABg78ax,Smoke & Air Quality,Weather Reports,Smoke & Air Quality,Smoke & Air Quality,majority
1658518524904587264,FwQ9sNcWAAgL3Jk,Warnings & Status Updates,Reports of Actions of Responders,Reports of Actions of Responders,Reports of Actions of Responders,majority
1658516853059362816,FwQ8SbeWAAYDijF,Political,Other,Smoke & Air Quality,Political,none
1658516583466291200,FwQ8Cm_acAAfGII,Smoke & Air Quality,Smoke & Air Quality,Smoke & Air Quality,Smoke & Air Quality,full
1658516017700823040,FwQ7hv_aAAA9D62,Other,Smoke & Air Quality,Other,Other,majority
1658515391616888832,FwQ69KfWAAo6P6L,Smoke & Air Quality,Other,Smoke & Air Quality,Smoke & Air Quality,majority
1658514779273584640,FwQ6ZoyWABUj9yu,Smoke & Air Quality,Smoke & Air Quality,Smoke & Air Quality,Smoke & Air Quality,full
1658514779273584640,FwQ6ZozWIAAyHPK,Smoke & Air Quality,Smoke & Air Quality,Smoke & Air Quality,Smoke & Air Quality,full
1658514715105189888,FwQ6U6WWAAAhBZY,Smoke & Air Quality,Smoke & Air Quality,Smoke & Air Quality,Smoke & Air Quality,full
1658514685698936832,FwQ6UK6XwAAuuZL,Preparedness,Evacuees,Preparedness,Preparedness,majority
1658514685698936832,FwQ6UK4WAAkSqgH,Preparedness,Evacuees,Preparedness,Preparedness,majority
1658514685698936832,FwQ6UK1WABQ7gtD,Preparedness,Evacuees,Preparedness,Preparedness,majority
1658514685698936832,FwQ6UK3WAAccu5o,Preparedness,Evacuees,Preparedness,Preparedness,majority
1658514139684433920,FwQ5z6VaUAEsW8z,Smoke & Air Quality,Infrastructure,Smoke & Air Quality,Smoke & Air Quality,majority
1658514139684433920,FwQ5z6RaAAIwCXT,Smoke & Air Quality,Smoke & Air Quality,Smoke & Air Quality,Smoke & Air Quality,full
1658512286687047680,FwQ4IezakAA1x0Q,Smoke & Air Quality,Smoke & Air Quality,Smoke & Air Quality,Smoke & Air Quality,full
1658512283985936384,FwQ4IBmaAAIAkas,Smoke & Air Quality,Other,Smoke & Air Quality,Smoke & Air Quality,majority
1658512283985936384,FwQ4IBsaQAAuPDZ,Smoke & Air Quality,Smoke & Air Quality,Smoke & Air Quality,Smoke & Air Quality,full
1658512283985936384,FwQ4IBnagAE-I03,Smoke & Air Quality,Weather Reports,General Information,Smoke & Air Quality,none
1658512162375991296,FwQ3_guXgAY3z4O,Smoke & Air Quality,Smoke & Air Quality,Smoke & Air Quality,Smoke & Air Quality,full
1658511205215133696,FwQ3JveakAANQwF,Smoke & Air Quality,Smoke & Air Quality,Smoke & Air Quality,Smoke & Air Quality,full
1658511198352990208,FwQ3JBhWwAEZjOI,Smoke & Air Quality,Smoke & Air Quality,Smoke & Air Quality,Smoke & Air Quality,full
1658510859008634880,FwQ2y5yWAAYo7Kp,Smoke & Air Quality,Smoke & Air Quality,Smoke & Air Quality,Smoke & Air Quality,full
1658510859008634880,FwQ2y5yWAAo7Mig,Smoke & Air Quality,Smoke & Air Quality,Smoke & Air Quality,Smoke & Air Quality,full
1658510859008634880,FwQ2y5wWAAsO-5U,Smoke & Air Quality,Smoke & Air Quality,Smoke & Air Quality,Smoke & Air Quality,full
1658510666611806208,FwQ2qGPWAA0YsX2,Other,Other,Smoke & Air Quality,Other,majority
1658510225702285312,FwQ2QvuXoAEirZ6,Warnings & Status Updates,General Information,Support,Warnings & Status Updates,none
1658510228265259008,FwQ2PjsaUAIpJ1h,Other,Political,Political,Political,majority
1658510205766848512,FwQ2PmIXsAIs09f,Insurance,Insurance,Insurance,Insurance,full
1658510143687098368,FwQ2Lo8aQAAqnlW,Other,Smoke & Air Quality,Smoke & Air Quality,Smoke & Air Quality,majority
1658510019921584128,FwQ2EwzaYAMMTFh,Other,Other,Smoke & Air Quality,Other,majority
1658509147321823232,FwQ1Rw2acAACAKx,Smoke & Air Quality,Smoke & Air Quality,Smoke & Air Quality,Smoke & Air Quality,full
1658508775266074624,FwQ08DJaQAA8FCR,Smoke & Air Quality,Smoke & Air Quality,Smoke & Air Quality,Smoke & Air Quality,full
1658508700368134144,FwQ034UaYAEhjJd,Smoke & Air Quality,Smoke & Air Quality,Smoke & Air Quality,Smoke & Air Quality,full
1658508672400752640,FwQ0wQfaMAAOW1G,Other,General Information,Advertisement,Other,none
1658508655799705600,FwQ0zaMaIAMjEiu,Smoke & Air Quality,Weather Reports,Warnings & Status Updates,Smoke & Air Quality,none
1658508655799705600,FwQ0zaMaIAE-zMI,Preparedness,Weather Reports,Weather Reports,Weather Reports,majority
1658508655799705600,FwQ0zaJaAAEITPu,General Information,Weather Reports,Weather Reports,Weather Reports,majority
1658508311258624000,FwQ0hLYagAY4wDn,Smoke & Air Quality,Smoke & Air Quality,Smoke & Air Quality,Smoke & Air Quality,full
1658508137941573632,FwQ0W2HagAATxh9,Other,Other,Other,Other,full
1658508042424696832,FwQ0RgTagAAWwLD,Other,Other,Smoke & Air Quality,Other,majority
1658507833690963968,FwQ0FMOaAAAHo8I,Smoke & Air Quality,Smoke & Air Quality,Smoke & Air Quality,Smoke & Air Quality,full
1658507833690963968,FwQ0FVOagAAkiIM,Smoke & Air Quality,Smoke & Air Quality,Smoke & Air Quality,Smoke & Air Quality,full
1658507833690963968,FwQ0FeiaAAA5AtX,Smoke & Air Quality,Smoke & Air Quality,Smoke & Air Quality,Smoke & Air Quality,full
1658507833690963968,FwQ0FFsaYAUEeJ6,Smoke & Air Quality,Smoke & Air Quality,Smoke & Air Quality,Smoke & Air Quality,full
1658507551049396224,FwQz0L3aEAAsiMH,Smoke & Air Quality,Infrastructure,Smoke & Air Quality,Smoke & Air Quality,majority
1658507433126526976,FwQzmN6acAEYECX,Smoke & Air Quality,Other,Smoke & Air Quality,Smoke & Air Quality,majority
1658507246404538368,FwQzi9NakAA8edn,Smoke & Air Quality,Smoke & Air Quality,Smoke & Air Quality,Smoke & Air Quality,full
1658507122253103104,FwQzcC3agAAAtC2,Smoke & Air Quality,Smoke & Air Quality,Smoke & Air Quality,Smoke & Air Quality,full
1658506668303597568,FwQzBhzacAAEZSX,Smoke & Air Quality,Smoke & Air Quality,Smoke & Air Quality,Smoke & Air Quality,full
1658506420239626240,FwQyyHGWIAkizQL,Reports of Actions of Responders,Reports of Actions of Responders,Reports of Actions of Responders,Reports of Actions of Responders,full
1658506420239626240,FwQyw5dXwAQ2RKl,Evacuees,Reports of Actions of Responders,Reports of Actions of Responders,Reports of Actions of Responders,majority
1658506072662102016,FwQye3NaUAAi4NB,Smoke & Air Quality,Smoke & Air Quality,Smoke & Air Quality,Smoke & Air Quality,full
1658505786560253952,FwQyOJlaMAg6far,Smoke & Air Quality,Smoke & Air Quality,Smoke & Air Quality,Smoke & Air Quality,full
1658504768254545920,FwQxLulakAEyDkc,Support,Support,Smoke & Air Quality,Support,majority
1658504092044361728,FwQwrdpXoAApitv,Reports of Actions of Responders,Reports of Actions of Responders,Reports of Actions of Responders,Reports of Actions of Responders,full
1658503343843540992,FwQwAHmWIAgfxOl,Other,Support,Preparedness,Other,none
1658503323224530944,FwQv9kbaQAESbdP,Smoke & Air Quality,Smoke & Air Quality,Smoke & Air Quality,Smoke & Air Quality,full
1658503217368674304,FwQvv8NacAA6ugj,Advertisement,Advertisement,Support,Advertisement,majority
1658503217368674304,FwQvv8NakAMk28O,Advertisement,Advertisement,Support,Advertisement,majority
1658502971829764096,FwQvqa9XwAMC2O2,Advertisement,Advertisement,Advertisement,Advertisement,full
1658502727981486080,FwQvb9-aQAAu5xD,Smoke & Air Quality,Smoke & Air Quality,Smoke & Air Quality,Smoke & Air Quality,full
1658502422107680768,FwQu8fkaIAA_-_-,Preparedness,Warnings & Status Updates,Evacuees,Preparedness,none
1658502328977326080,FwQvE1KaYAAz24c,Smoke & Air Quality,Smoke & Air Quality,Smoke & Air Quality,Smoke & Air Quality,full
1658502184978219008,FwQu21IXwAAJIOC,Insurance,Insurance,Insurance,Insurance,full
1658502066724278272,FwQunRTaYAMBCBb,Smoke & Air Quality,Smoke & Air Quality,Smoke & Air Quality,Smoke & Air Quality,full
1658501932615626752,FwQufpVaYAAPAe-,Warnings & Status Updates,Smoke & Air Quality,Smoke & Air Quality,Smoke & Air Quality,majority
1658501932615626752,FwQufpVacAIl02u,Smoke & Air Quality,Smoke & Air Quality,Smoke & Air Quality,Smoke & Air Quality,full
1658501932615626752,FwQufpUaQAAs4_l,Smoke & Air Quality,Smoke & Air Quality,Smoke & Air Quality,Smoke & Air Quality,full
1658500523610509312,FwQtb_0akAApNTL,Smoke & Air Quality,Smoke & Air Quality,Smoke & Air Quality,Smoke & Air Quality,full
1658500271587360768,FwQtJPBaQAIo1PH,Weather Reports,Smoke & Air Quality,General Information,Weather Reports,none
1658499602146795520,FwQslqpWIAU6NG5,Smoke & Air Quality,Smoke & Air Quality,Smoke & Air Quality,Smoke & Air Quality,full
1658499602146795520,FwQsmLjWAAUPaO1,Smoke & Air Quality,Smoke & Air Quality,Smoke & Air Quality,Smoke & Air Quality,full
1658498934980116480,FwQr_VJaMAE4kne,Smoke & Air Quality,Smoke & Air Quality,Smoke & Air Quality,Smoke & Air Quality,full
1658498905481580544,FwQr9m-aIAAHY0G,Smoke & Air Quality,Smoke & Air Quality,Smoke & Air Quality,Smoke & Air Quality,full
1658498590644523008,FwQrrQbaYAEEtYP,Smoke & Air Quality,Smoke & Air Quality,Smoke & Air Quality,Smoke & Air Quality,full
1658498259772674048,FwQrYM3aEAATIWU,Smoke & Air Quality,Smoke & Air Quality,Smoke & Air Quality,Smoke & Air Quality,full
1658498259772674048,FwQrX_TaQAEz7Aw,Other,Smoke & Air Quality,Smoke & Air Quality,Smoke & Air Quality,majority
1658498038300819456,FwQrLTJaAAIcubg,Smoke & Air Quality,Smoke & Air Quality,Smoke & Air Quality,Smoke & Air Quality,full
1658498038300819456,FwQrKUmaEAAxxYT,Smoke & Air Quality,Smoke & Air Quality,Smoke & Air Quality,Smoke & Air Quality,full
1658497690177769472,FwQq2-UaMAYF-pE,Smoke & Air Quality,Smoke & Air Quality,Smoke & Air Quality,Smoke & Air Quality,full
1658497063234187264,FwQqSbZaAAImJm9,Smoke & Air Quality,Smoke & Air Quality,Smoke & Air Quality,Smoke & Air Quality,full
1658496495782596608,FwQpxhtaIAMvj_Q,Smoke & Air Quality,Smoke & Air Quality,Smoke & Air Quality,Smoke & Air Quality,full
1658496392032141312,FwQpHeSWYAoYzIF,Smoke & Air Quality,Smoke & Air Quality,Smoke & Air Quality,Smoke & Air Quality,full
1658496392032141312,FwQpLmtWYAAUfze,Smoke & Air Quality,Smoke & Air Quality,Smoke & Air Quality,Smoke & Air Quality,full
1658496392032141312,FwQo_5eXwAMIWvN,Smoke & Air Quality,Smoke & Air Quality,Smoke & Air Quality,Smoke & Air Quality,full
1658496279738212352,FwQpfJUaQAEPGxG,Smoke & Air Quality,Smoke & Air Quality,Smoke & Air Quality,Smoke & Air Quality,full
1658496082467491840,FwQpWB3aYAINjGN,Smoke & Air Quality,Smoke & Air Quality,Smoke & Air Quality,Smoke & Air Quality,full
1658496082467491840,FwQpWB-aYAEqgAE,Smoke & Air Quality,Smoke & Air Quality,Smoke & Air Quality,Smoke & Air Quality,full
1658496082467491840,FwQpWB8aEAADmqH,Smoke & Air Quality,Smoke & Air Quality,Smoke & Air Quality,Smoke & Air Quality,full
1658494419878940672,FwQn4iRaMAQ5XTO,Smoke & Air Quality,Smoke & Air Quality,Smoke & Air Quality,Smoke & Air Quality,full
1658493888905232384,FwQnUaGakAAlbhE,Smoke & Air Quality,Weather Reports,Smoke & Air Quality,Smoke & Air Quality,majority
1658493362880778240,FwQm6-MagAAlbr1,Smoke & Air Quality,Smoke & Air Quality,Smoke & Air Quality,Smoke & Air Quality,full
1658493044172402688,FwQmjYPaEAEevJU,Smoke & Air Quality,Weather Reports,Smoke & Air Quality,Smoke & Air Quality,majority
1658493044172402688,FwQmjYOaQAE_MMu,Smoke & Air Quality,Smoke & Air Quality,Smoke & Air Quality,Smoke & Air Quality,full
1658493044172402688,FwQmjYKaAAYM0Xs,Other,Other,Smoke & Air Quality,Other,majority
1658492486744932352,FwQmH_cWYAA1iLB,Smoke & Air Quality,Weather Reports,Smoke & Air Quality,Smoke & Air Quality,majority
1658491937740189696,FwQlnE3aMAArkBb,Smoke & Air Quality,Smoke & Air Quality,Smoke & Air Quality,Smoke & Air Quality,full
1658491114788360192,FwQko2IacAoWR6Z,Smoke & Air Quality,Weather Reports,Smoke & Air Quality,Smoke & Air Quality,majority
1658490840518651904,FwQkoKUacAAFmBZ,Smoke & Air Quality,Smoke & Air Quality,Smoke & Air Quality,Smoke & Air Quality,full
1658490274400845824,FwQkHHDaEAE6sPa,Other,Other,Smoke & Air Quality,Other,majority
1658489870820724736,FwQjuY2akAEGn4L,Other,Smoke & Air Quality,Other,Other,majority
1658489279117668352,FwQjNGpakAMuv_k,Smoke & Air Quality,Smoke & Air Quality,Smoke & Air Quality,Smoke & Air Quality,full
1658487807088922624,FwQh3jTaUAMhuXJ,Smoke & Air Quality,Smoke & Air Quality,Smoke & Air Quality,Smoke & Air Quality,full
1658487111501365248,FwQhO1AacAEvLWx,Smoke & Air Quality,Smoke & Air Quality,Smoke & Air Quality,Smoke & Air Quality,full
1658487111501365248,FwQhO0_aAAEcTmr,Other,Smoke & Air Quality,Smoke & Air Quality,Smoke & Air Quality,majority
1658486737105219584,FwQZrd3agAgdExY,Smoke & Air Quality,Weather Reports,Smoke & Air Quality,Smoke & Air Quality,majority
1658485933564641280,FwQgKeSaIAY9RP7,Smoke & Air Quality,Smoke & Air Quality,Smoke & Air Quality,Smoke & Air Quality,full
1658485933564641280,FwQgKeGaUAEyzvX,Smoke & Air Quality,Smoke & Air Quality,Smoke & Air Quality,Smoke & Air Quality,full
1658485933564641280,FwQgKeMaEAcDRtx,Smoke & Air Quality,Smoke & Air Quality,Smoke & Air Quality,Smoke & Air Quality,full
1658485933564641280,FwQgKeGaMAwnH-H,Smoke & Air Quality,Smoke & Air Quality,Smoke & Air Quality,Smoke & Air Quality,full
1658485496753033216,FwQfwVXacAAlblk,Warnings & Status Updates,Warnings & Status Updates,Smoke & Air Quality,Warnings & Status Updates,majority
1658485330729897984,FwQfnjVaMAUt0un,Smoke & Air Quality,Smoke & Air Quality,Smoke & Air Quality,Smoke & Air Quality,full
1658485328620171264,FwQfmlwakAEICNc,Smoke & Air Quality,Smoke & Air Quality,Smoke & Air Quality,Smoke & Air Quality,full
1658485328620171264,FwQfml4acAEjf1b,Smoke & Air Quality,Smoke & Air Quality,Smoke & Air Quality,Smoke & Air Quality,full
1658485330729897984,FwQfnjUaUAE3FIo,Smoke & Air Quality,Smoke & Air Quality,Smoke & Air Quality,Smoke & Air Quality,full
1658485201700536320,FwQff5kaMAEhGbB,Smoke & Air Quality,Smoke & Air Quality,Smoke & Air Quality,Smoke & Air Quality,full
1658485201700536320,FwQff5dacAAb6Bg,Smoke & Air Quality,Smoke & Air Quality,Smoke & Air Quality,Smoke & Air Quality,full
1658483321687666688,FwQdytEacAMywH1,Smoke & Air Quality,Smoke & Air Quality,Smoke & Air Quality,Smoke & Air Quality,full
1658482933739716608,FwQaDmCacAMWnwG,Smoke & Air Quality,Smoke & Air Quality,Smoke & Air Quality,Smoke & Air Quality,full
1658482916513689600,FwQda5GaIAcB09T,Smoke & Air Quality,Smoke & Air Quality,Smoke & Air Quality,Smoke & Air Quality,full
1658482839741149184,FwQdWS3agAAO4v7,Smoke & Air Quality,Smoke & Air Quality,Smoke & Air Quality,Smoke & Air Quality,full
1658482254426046464,FwQc0hIagAA2aY1,Smoke & Air Quality,Smoke & Air Quality,Smoke & Air Quality,Smoke & Air Quality,full
1658482254426046464,FwQc0Q8akAQYKL8,Smoke & Air Quality,Smoke & Air Quality,Smoke & Air Quality,Smoke & Air Quality,full
1658479223701659648,FwQaEA3aUAMyUVP,Smoke & Air Quality,Smoke & Air Quality,Smoke & Air Quality,Smoke & Air Quality,full
1658479216768483328,FwQaDmCacAMWnwG,Smoke & Air Quality,Smoke & Air Quality,Smoke & Air Quality,Smoke & Air Quality,full
1658475506722021376,FwQWqsqacAcajgn,Preparedness,Preparedness,Preparedness,Preparedness,full
1658473497595879424,FwQU2nTaQAIK49L,Other,Weather Reports,Warnings & Status Updates,Other,none
1658473137691058176,FwQUhxiacAgyeQ9,Smoke & Air Quality,Smoke & Air Quality,Smoke & Air Quality,Smoke & Air Quality,full
1658473030681792512,FwQUbegaEAEGwEP,Smoke & Air Quality,Smoke & Air Quality,Smoke & Air Quality,Smoke & Air Quality,full
1658472977766440960,FwQUYeIaUAMTnMT,Smoke & Air Quality,Smoke & Air Quality,Smoke & Air Quality,Smoke & Air Quality,full
1658472158631464960,FwQTdY4akAIf2x9,Advertisement,Advertisement,Advertisement,Advertisement,full
1658471167504809984,FwQSpv-aQAEl1FT,Smoke & Air Quality,Weather Reports,Smoke & Air Quality,Smoke & Air Quality,majority
1658469787939528704,FwQRetgakAEqlsV,Other,Other,Smoke & Air Quality,Other,majority
1658468011609825280,FwQPaoBaUAMda2P,Smoke & Air Quality,Smoke & Air Quality,Smoke & Air Quality,Smoke & Air Quality,full
1658466763544334336,FwQOud6WwAAlBzH,Smoke & Air Quality,Infrastructure,Smoke & Air Quality,Smoke & Air Quality,majority
1658466763544334336,FwQOt5xWIAAFrTt,Smoke & Air Quality,Infrastructure,Smoke & Air Quality,Smoke & Air Quality,majority
1658466251872829440,FwQOQ6KaUAE0NhV,Smoke & Air Quality,Smoke & Air Quality,Smoke & Air Quality,Smoke & Air Quality,full
1658465873827614720,FwQN62CaMAADz0g,Smoke & Air Quality,Smoke & Air Quality,Smoke & Air Quality,Smoke & Air Quality,full
1658465633112309760,FwQNs5hagAA7pTj,Smoke & Air Quality,Smoke & Air Quality,Smoke & Air Quality,Smoke & Air Quality,full
1658465016692240384,FwQNJBsaEAEKNUg,Smoke & Air Quality,Preparedness,Preparedness,Preparedness,majority
1658463389709127680,FwQLqeiakAEhYJ4,Smoke & Air Quality,Smoke & Air Quality,Smoke & Air Quality,Smoke & Air Quality,full
1658463369341571072,FwQLo46aQAYiZVE,Other,Infrastructure,Smoke & Air Quality,Other,none
1658463369341571072,FwQLpWlakAArT2x,Other,Weather Reports,Smoke & Air Quality,Other,none
1658463369341571072,FwQLpJuaQAALWM5,Other,Infrastructure,Smoke & Air Quality,Other,none
1658459184524926976,FwQH1w9XgAYf_6G,Evacuees,Evacuees,Evacuees,Evacuees,full
1658457979535118336,FwQGvAkaMAEh4OP,Smoke & Air Quality,Smoke & Air Quality,Smoke & Air Quality,Smoke & Air Quality,full
1658451510160941056,FwQA22_aUAMkJEJ,Smoke & Air Quality,Weather Reports,Smoke & Air Quality,Smoke & Air Quality,majority
1658451345693896704,FwQAtJAagAI9XMI,Smoke & Air Quality,Smoke & Air Quality,Smoke & Air Quality,Smoke & Air Quality,full
1658450119895965696,FwP_lfgaAAAxMeP,Weather Reports,Weather Reports,Weather Reports,Weather Reports,full
1658450119895965696,FwP_lzvaAAAzP9H,Weather Reports,Weather Reports,Weather Reports,Weather Reports,full
1658441283982045184,FwP3jo0WcAEHuV7,Other,Smoke & Air Quality,Other,Other,majority
1658436121246724096,FwPy3SdXsAEi4dM,Smoke & Air Quality,General Information,Smoke & Air Quality,Smoke & Air Quality,majority
1658352746859491328,FwOnCOkaEAI-yi9,Warnings & Status Updates,Warnings & Status Updates,Evacuees,Warnings & Status Updates,majority
1658326759128039424,FwOOuQjaIAEVONl,Preparedness,Evacuees,Evacuees,Evacuees,majority
1658324493557972992,FwONUzaacAc0UEJ,Smoke & Air Quality,Smoke & Air Quality,Smoke & Air Quality,Smoke & Air Quality,full
1658322135830654976,FwOLMT0aYAA8dFM,Smoke & Air Quality,Smoke & Air Quality,Smoke & Air Quality,Smoke & Air Quality,full
1658312331879936000,FwOCRc3akAAR4TN,Reports of Actions of Responders,Smoke & Air Quality,Reports of Actions of Responders,Reports of Actions of Responders,majority
1658305966516080640,FwN8e8wWwAALovd,Smoke & Air Quality,Smoke & Air Quality,Smoke & Air Quality,Smoke & Air Quality,full
1658303054205317120,FwN51oiaUAY2u_F,Smoke & Air Quality,Smoke & Air Quality,Smoke & Air Quality,Smoke & Air Quality,full
1658303054205317120,FwN50W2acAICh6I,Smoke & Air Quality,Smoke & Air Quality,Smoke & Air Quality,Smoke & Air Quality,full
1658303054205317120,FwN51T-agAISMkW,Smoke & Air Quality,Smoke & Air Quality,Smoke & Air Quality,Smoke & Air Quality,full
1658303054205317120,FwN502faUAAgZyB,Smoke & Air Quality,Smoke & Air Quality,Smoke & Air Quality,Smoke & Air Quality,full
1658302679570075648,FwN5f26akAAV-fQ,Smoke & Air Quality,Smoke & Air Quality,Smoke & Air Quality,Smoke & Air Quality,full
1658302679570075648,FwN5f26aMAAmQdc,Smoke & Air Quality,Smoke & Air Quality,Smoke & Air Quality,Smoke & Air Quality,full
1658302564407070720,FwN5YB3akAA8Z9a,Smoke & Air Quality,Smoke & Air Quality,Smoke & Air Quality,Smoke & Air Quality,full
1658302564407070720,FwN5WVraAAAK4im,Smoke & Air Quality,Smoke & Air Quality,Smoke & Air Quality,Smoke & Air Quality,full
1658302564407070720,FwN5V1FaYAAAt0P,Smoke & Air Quality,Smoke & Air Quality,Smoke & Air Quality,Smoke & Air Quality,full
1658302564407070720,FwN5ZF-aEAAL6Io,Smoke & Air Quality,Smoke & Air Quality,Smoke & Air Quality,Smoke & Air Quality,full
1658300073481216000,FwN3IGmaMAMdv9z,Smoke & Air Quality,Smoke & Air Quality,Smoke & Air Quality,Smoke & Air Quality,full
1658297402720391168,FwN0stIaIAU5dum,Smoke & Air Quality,Smoke & Air Quality,Smoke & Air Quality,Smoke & Air Quality,full
1658296341263704064,FwNzu1saMAApThD,Smoke & Air Quality,Smoke & Air Quality,Smoke & Air Quality,Smoke & Air Quality,full
1658296123864547328,FwNziKFaAAA-sWS,Smoke & Air Quality,Smoke & Air Quality,Smoke & Air Quality,Smoke & Air Quality,full
1658295693814140928,FwNzIpiaAAAFaUY,Smoke & Air Quality,Smoke & Air Quality,Smoke & Air Quality,Smoke & Air Quality,full
1658294589822836736,FwNyJBiXsAEKtE2,Evacuees,Evacuees,Evacuees,Evacuees,full
1658291719274909696,FwNvh3sakAUNmUP,Reports of Actions of Responders,Support,Reports of Actions of Responders,Reports of Actions of Responders,majority
1658290133299523584,FwNuE1SaIAIyoT9,Smoke & Air Quality,Smoke & Air Quality,Smoke & Air Quality,Smoke & Air Quality,full
1658290133299523584,FwNuFW6aUAEJ8-h,Smoke & Air Quality,Smoke & Air Quality,Smoke & Air Quality,Smoke & Air Quality,full
1658289257503502336,FwNtSbgXsAE4wlQ,Political,Political,Political,Political,full
1658289257503502336,FwNtSdCXoAMsBgk,Political,Political,Political,Political,full
1658289257503502336,FwNtSciWYAAwPvW,Political,Political,Political,Political,full
1658289257503502336,FwNtSb9XoAQKRSP,Political,Political,Political,Political,full
1658280450559733760,FwNlRphXwAMX9cV,Political,Political,Political,Political,full
1658280450559733760,FwNlRq5XwAAwsd0,Political,Political,Political,Political,full
1658280450559733760,FwNlRopWAAIoKxH,Political,Political,Political,Political,full
1658277249026539520,FwNfS4LWYAUh56G,Smoke & Air Quality,Weather Reports,Smoke & Air Quality,Smoke & Air Quality,majority
1658277249026539520,FwNeKxKWAAEmKx_,Smoke & Air Quality,Weather Reports,Smoke & Air Quality,Smoke & Air Quality,majority
1658276824403824640,FwNh-zPaAAAbtsw,Preparedness,Evacuees,Preparedness,Preparedness,majority
1658275500609945600,FwNgxIxaYAArSjP,Reports of Actions of Responders,Reports of Actions of Responders,Reports of Actions of Responders,Reports of Actions of Responders,full
1658275500609945600,FwNgxu0akAEWBkj,Reports of Actions of Responders,Smoke & Air Quality,Reports of Actions of Responders,Reports of Actions of Responders,majority
1658269968600043520,FwNbSyJaYAArIUf,Evacuees,Warnings & Status Updates,Evacuees,Evacuees,majority
1658268436756336640,FwNaWuoaAAED7d6,Warnings & Status Updates,Warnings & Status Updates,Evacuees,Warnings & Status Updates,majority
1658268135307501568,FwNaDH0aAAEwFK-,Other,Smoke & Air Quality,Smoke & Air Quality,Smoke & Air Quality,majority
1658268135307501568,FwNaEaPaUAA8N3y,Smoke & Air Quality,Smoke & Air Quality,Smoke & Air Quality,Smoke & Air Quality,full
1658267652517937152,FwNZmhlagAEu4Md,Smoke & Air Quality,Smoke & Air Quality,Smoke & Air Quality,Smoke & Air Quality,full
1658262999029936128,FwNUfIYakAApIlm,Political,Political,Political,Political,full
1658262999029936128,FwNVGhbaQAAfcdg,Political,Political,Political,Political,full
1658262999029936128,FwNU5RyacAAdoQV,Political,Political,Political,Political,full
1658262999029936128,FwNUmQDaQAAhFSG,Political,Political,Political,Political,full
1658261242740441088,FwNT0BWWAAEJv_1,Evacuees,Support,Support,Support,majority
1658261097902936064,FwNTil8aEAANQua,Evacuees,Evacuees,Evacuees,Evacuees,full
1658259566180675584,FwNSM8QXgAQNkw5,Support,Support,Support,Support,full
1658258879481020416,FwNRqBCaIAIL8I3,Infrastructure,Infrastructure,Infrastructure,Infrastructure,full
1658254354615521280,FwNNi8ZaMAAE64t,Other,Evacuees,Evacuees,Evacuees,majority
1658246760664268800,FwNGpDEXoAID_Co,Warnings & Status Updates,Warnings & Status Updates,Warnings & Status Updates,Warnings & Status Updates,full
1658231245648855040,FwM4htAagAAP-zl,Weather Reports,Weather Reports,Weather Reports,Weather Reports,full
1658231245648855040,FwM4hs-aYAAxGOR,Weather Reports,Weather Reports,Weather Reports,Weather Reports,full
1658231245648855040,FwM4htBacAAIHXm,Weather Reports,Weather Reports,Weather Reports,Weather Reports,full
1658231245648855040,FwM4hs_acAAGr9h,Weather Reports,Weather Reports,Weather Reports,Weather Reports,full
1658224544308674560,FwMvsi3aEAEPB2s,Infrastructure,Reports of Actions of Responders,Infrastructure,Infrastructure,majority
1658217730053636096,FwMsO_bakAIN0Rx,Advertisement,Advertisement,Advertisement,Advertisement,full
1658211949325197312,FwMm-kmWIAkbK8h,Preparedness,Insurance,Insurance,Insurance,majority
1658209409963532288,FwMkp2OWIDQzyAI,Warnings & Status Updates,Smoke & Air Quality,Smoke & Air Quality,Smoke & Air Quality,majority
1658201066498916352,FwMdFPiWAAEW88Q,General Information,Support,Support,Support,majority
1658194188372934656,FwMW0BJXoAEffyX,Evacuees,Evacuees,Evacuees,Evacuees,full
1658192843561922560,FwMVl-PaEAAXzpG,Reports of Actions of Responders,Warnings & Status Updates,Warnings & Status Updates,Warnings & Status Updates,majority
1658192670487920640,FwMVceVWIAUNVZB,Support,Support,Support,Support,full
1658178019402428416,FwMIHvfWYAs0XBV,Insurance,General Information,Support,Insurance,none
1658163591969746944,FwL6__9XsBwhiqh,Preparedness,Reports of Actions of Responders,Preparedness,Preparedness,majority
1658162490927198208,FwL5-yTXsAYWb9o,Preparedness,Evacuees,Preparedness,Preparedness,majority
1658155569536958464,FwLzs_HXsAQrtkZ,Support,Support,Support,Support,full
1658154324839759872,FwLykdfaYAA0_so,Warnings & Status Updates,Warnings & Status Updates,Warnings & Status Updates,Warnings & Status Updates,full
1658154324839759872,FwLykdcakAEhmp6,Warnings & Status Updates,Warnings & Status Updates,Warnings & Status Updates,Warnings & Status Updates,full
1658150631906103296,FwLtbBHaYAAdnF1,Weather Reports,Weather Reports,Weather Reports,Weather Reports,full
1658147820782723072,FwLspwEXoAAJbCD,Insurance,Insurance,Insurance,Insurance,full
1658147820782723072,FwLspthWwAAwfaY,Support,Insurance,Insurance,Insurance,majority
1658147820782723072,FwLspvjWIAEYfu2,Insurance,Insurance,Insurance,Insurance,full
1658147820782723072,FwLspv2WIAYsCYs,Insurance,Insurance,Insurance,Insurance,full
1658147491148361728,FwLsWEWaAAASNl6,Smoke & Air Quality,Support,Warnings & Status Updates,Smoke & Air Quality,none
1658134027272847360,FwLf01FWwAAzso2,Smoke & Air Quality,Weather Reports,Smoke & Air Quality,Smoke & Air Quality,majority
1658125286901178368,FwLWcefXsAEyh1r,Political,Political,Political,Political,full
1658125286901178368,FwLWdjWXoAQpifq,Political,Political,Political,Political,full
1658120223810023424,FwLTV5JWIAkjYvN,Weather Reports,Weather Reports,Weather Reports,Weather Reports,full
1658111066784804864,FwLLObYXoAEYo6C,Weather Reports,Weather Reports,Weather Reports,Weather Reports,full
1658108303619112960,FwLIr0EWYAIbnvt,Weather Reports,Weather Reports,Weather Reports,Weather Reports,full
1658093402725171200,FwK7KQbaQAIkUHU,Smoke & Air Quality,Smoke & Air Quality,Smoke & Air Quality,Smoke & Air Quality,full
1658086235695620096,FwK0pGhaMAYC9NJ,Smoke & Air Quality,Smoke & Air Quality,Smoke & Air Quality,Smoke & Air Quality,full
1658086235695620096,FwK0oW3aYAMTfPJ,Other,Infrastructure,Smoke & Air Quality,Other,none
1658085767057674240,FwK0NxAaAAEZPr3,Smoke & Air Quality,Smoke & Air Quality,Smoke & Air Quality,Smoke & Air Quality,full
1658083053183602688,FvzO49kaQAM5Z1I,Advertisement,Advertisement,Advertisement,Advertisement,full
1658029503350988800,FwKA2tpaUAE-uA2,Other,Political,Other,Other,majority
1657984076463362048,FwJXuxMaUAA6Ykm,Evacuees,Evacuees,Evacuees,Evacuees,full
1657977836429520896,FwJR-zYaEAAn4wg,Warnings & Status Updates,Warnings & Status Updates,Warnings & Status Updates,Warnings & Status Updates,full
1657975685896605696,FwJPq6eaAAAIF3S,Smoke & Air Quality,Smoke & Air Quality,Smoke & Air Quality,Smoke & Air Quality,full
1657975685896605696,FwJPq6bagAMR58K,Smoke & Air Quality,Smoke & Air Quality,Smoke & Air Quality,Smoke & Air Quality,full
1657975685896605696,FwJPq6baUAA-F7z,Smoke & Air Quality,Smoke & Air Quality,Smoke & Air Quality,Smoke & Air Quality,full
1657975685896605696,FwJPq6baIAA8vcm,Smoke & Air Quality,Smoke & Air Quality,Smoke & Air Quality,Smoke & Air Quality,full
1657954113114742784,FwI8HwPaEAAMCUv,Smoke & Air Quality,Smoke & Air Quality,Smoke & Air Quality,Smoke & Air Quality,full
1657954113114742784,FwI8PjgagAENti6,Smoke & Air Quality,Smoke & Air Quality,Smoke & Air Quality,Smoke & Air Quality,full
1657954113114742784,FwI7q_bakAU4Qc-,Smoke & Air Quality,Smoke & Air Quality,Smoke & Air Quality,Smoke & Air Quality,full
1657954113114742784,FwI8Y7caIAExqxX,Smoke & Air Quality,Smoke & Air Quality,Smoke & Air Quality,Smoke & Air Quality,full
1657943742643331072,FwIypnSWYAAt5MY,Weather Reports,Weather Reports,Smoke & Air Quality,Weather Reports,majority
1657931595234545664,FwIn_3gaUAE58Ju,Weather Reports,Weather Reports,Warnings & Status Updates,Weather Reports,majority
1657931595234545664,FwIn_27acAEjC6W,General Information,Weather Reports,Warnings & Status Updates,General Information,none
1657925925818994688,FwIizKeakAEVPdC,Weather Reports,Weather Reports,Warnings & Status Updates,Weather Reports,majority
1657916096807325696,FwIY2UFaMAAvkNn,Smoke & Air Quality,Weather Reports,Smoke & Air Quality,Smoke & Air Quality,majority
1657916097885245440,FwIZ1_qaEAEwN1R,General Information,Preparedness,Preparedness,Preparedness,majority
1657906257225977856,FwIQ88UaQAETQ1F,Smoke & Air Quality,Smoke & Air Quality,Smoke & Air Quality,Smoke & Air Quality,full
1657904810300166144,FwIPAVPaQAEyEqy,Smoke & Air Quality,Smoke & Air Quality,Smoke & Air Quality,Smoke & Air Quality,full
1657894875717865472,FwIGk5AaIAEOGir,Reports of Actions of Responders,Reports of Actions of Responders,Reports of Actions of Responders,Reports of Actions of Responders,full
1657890682592174080,FwICxdoWwAAe6YJ,Preparedness,Evacuees,Preparedness,Preparedness,majority
1657889854477455360,FwIAhzOaEAADJFl,Support,General Information,Support,Support,majority
1657881351549509632,FwH6TOgaQAEQ3oe,Other,Smoke & Air Quality,Smoke & Air Quality,Smoke & Air Quality,majority
1657881210893287424,FwH6J_BWcAEVbRa,Weather Reports,Weather Reports,Warnings & Status Updates,Weather Reports,majority
1657881210893287424,FwH6J--XsAcnlJ1,Weather Reports,Weather Reports,Warnings & Status Updates,Weather Reports,majority
1657881210893287424,FwH6J_BWAAElr8s,Weather Reports,Weather Reports,Warnings & Status Updates,Weather Reports,majority
1657876715673190400,FwH2EeCWwAAQorc,Advertisement,Advertisement,Preparedness,Advertisement,majority
1657868404496400384,FwHuhg3akAES9ph,Support,Evacuees,Support,Support,majority
1657850606822760448,FwHeUu-XgAY1qlJ,Preparedness,Insurance,Insurance,Insurance,majority
1657850606822760448,FwHeSSmXwAApNwq,Preparedness,Insurance,Insurance,Insurance,majority
1657850606822760448,FwHeRFNWAAcIE9N,Preparedness,Insurance,Insurance,Insurance,majority
1657850606822760448,FwHeTgyWYAEwXeY,Preparedness,Insurance,Insurance,Insurance,majority
1657840830483431424,FwHVcsZacAAq-iw,Warnings & Status Updates,Warnings & Status Updates,Warnings & Status Updates,Warnings & Status Updates,full
1657832340088037376,FwHNKKpaYAAvBMM,Reports of Actions of Responders,Smoke & Air Quality,Reports of Actions of Responders,Reports of Actions of Responders,majority
1657828471165562880,FwHKM7saQAAln7B,Support,Support,Support,Support,full
1657827922634498048,FwHJtczaUAEiskO,Weather Reports,Weather Reports,Weather Reports,Weather Reports,full
1657800949476491264,FwGxKvdaAAAxScU,Smoke & Air Quality,Other,Smoke & Air Quality,Smoke & Air Quality,majority
1657800949476491264,FwGxI-GagAAxBE0,Smoke & Air Quality,Other,Smoke & Air Quality,Smoke & Air Quality,majority
1657800949476491264,FwGxJ0iacAEzsDj,Weather Reports,Other,Smoke & Air Quality,Weather Reports,none
1657800485661986816,FwGwVtaaAAAfLhC,Infrastructure,Infrastructure,Infrastructure,Infrastructure,full
1657800485661986816,FwGwVtbaUAEoVl5,Infrastructure,Infrastructure,Infrastructure,Infrastructure,full
1657800485661986816,FwGwVtcagAAzUyh,Infrastructure,Infrastructure,Infrastructure,Infrastructure,full
1657797327963443200,FwGt2vlaYAAh5Uf,Infrastructure,Infrastructure,Infrastructure,Infrastructure,full
1657797327963443200,FwGt4QvaQAAB4C4,Infrastructure,Infrastructure,Infrastructure,Infrastructure,full
1657797327963443200,FwGt3hqaIAAFSkq,Infrastructure,Infrastructure,Infrastructure,Infrastructure,full
1657795178772529152,FwGr6atWYAIgImK,Preparedness,Insurance,Insurance,Insurance,majority
1657791987779526656,FwGonG5WYAAUEDG,Weather Reports,Weather Reports,Weather Reports,Weather Reports,full
1657782113867890688,FwGgDDwX0AIiYRZ,Warnings & Status Updates,Weather Reports,Warnings & Status Updates,Warnings & Status Updates,majority
1657779944976416768,FwGeDsBWIAAB6Cu,Evacuees,Reports of Actions of Responders,Evacuees,Evacuees,majority
1657779066228051968,FwGdPxJaYAEMjNF,Weather Reports,Other,Smoke & Air Quality,Weather Reports,none
1657779066228051968,FwGdRBUaMAAlaFB,Other,Other,Other,Other,full
1657774158212734976,FwGWz2jXoAEgDUd,General Information,Weather Reports,General Information,General Information,majority
1657759683636260864,FwGLpSxaMAIc15E,Smoke & Air Quality,Smoke & Air Quality,Warnings & Status Updates,Smoke & Air Quality,majority
1657748452716040192,FwGBboDX0AInc2O,Smoke & Air Quality,Support,Preparedness,Smoke & Air Quality,none
1657739037774598144,FwF43kNaUAUkkr5,General Information,Weather Reports,Warnings & Status Updates,General Information,none
1657713915302920192,FwFfOpCakAAJbpf,Political,Political,Political,Political,full
1657634359808253952,FwEZkc8acAAh1OC,Warnings & Status Updates,Smoke & Air Quality,Warnings & Status Updates,Warnings & Status Updates,majority
1657634359808253952,FwEZkc6aAAA-1R5,Smoke & Air Quality,Smoke & Air Quality,Warnings & Status Updates,Smoke & Air Quality,majority
1657625554755960832,FwERp7BacAAgF_A,Smoke & Air Quality,Smoke & Air Quality,Other,Smoke & Air Quality,majority
1657608919634833408,FwEChzLagAEkAZ-,Warnings & Status Updates,Warnings & Status Updates,Evacuees,Warnings & Status Updates,majority
1657592446128377856,FwDzSr4aAAA4wlb,Political,Warnings & Status Updates,General Information,Political,none
1657554933212921856,FwDRZiGakAAZY1s,Smoke & Air Quality,Smoke & Air Quality,Smoke & Air Quality,Smoke & Air Quality,full
1657554933212921856,FwDRaduagAAEXv2,Other,Other,Smoke & Air Quality,Other,majority
1657554933212921856,FwDRaDtaAAE5kmV,Other,Other,Smoke & Air Quality,Other,majority
1657554933212921856,FwDRa-2aQAIArMD,Other,Other,Smoke & Air Quality,Other,majority
1657553411368443904,FwDP_6JaEAIiRqC,Warnings & Status Updates,Warnings & Status Updates,Warnings & Status Updates,Warnings & Status Updates,full
1657535740811808768,FwC_-ImagAABi2F,Reports of Actions of Responders,Warnings & Status Updates,Warnings & Status Updates,Warnings & Status Updates,majority
1657534279117836288,FwC-nbMakAEPTV0,Smoke & Air Quality,Smoke & Air Quality,Warnings & Status Updates,Smoke & Air Quality,majority
1657526762795069440,FwC3ziZaAAEZRue,Warnings & Status Updates,Smoke & Air Quality,Warnings & Status Updates,Warnings & Status Updates,majority
1657526762795069440,FwC3ziWaYAMo2aF,Warnings & Status Updates,Smoke & Air Quality,Warnings & Status Updates,Warnings & Status Updates,majority
1657512607333646336,FwCqZFhaUAAXTIP,Support,Evacuees,Support,Support,majority
1657512607333646336,FwCqZMVagAAioqu,Support,Evacuees,Support,Support,majority
1657512607333646336,FwCpuoYaQAAVKPQ,Support,Evacuees,Support,Support,majority
1657509794834710528,FwCoX0PaEAIbIhB,Weather Reports,Weather Reports,Weather Reports,Weather Reports,full
1657509794834710528,FwCoX0JacAUbGQ-,Weather Reports,Weather Reports,Weather Reports,Weather Reports,full
1657509794834710528,FwCoX0NaIAApqo6,Weather Reports,Weather Reports,Weather Reports,Weather Reports,full
1657509794834710528,FwCoX0MacAA-uwV,Weather Reports,Weather Reports,Weather Reports,Weather Reports,full
1657502751876689920,FwCh87OWYAEUVdw,Preparedness,Preparedness,Preparedness,Preparedness,full
1657500671585959936,FwCgEyWaIAATBRG,Warnings & Status Updates,Warnings & Status Updates,Evacuees,Warnings & Status Updates,majority
1657496514649014272,FwCcS2raUAEyxBm,Reports of Actions of Responders,Reports of Actions of Responders,Reports of Actions of Responders,Reports of Actions of Responders,full
1657475819730788352,FwCJdw-aAAITujD,Support,Support,Support,Support,full
1657469784664014848,FwCD9-UWAAYoYQe,Preparedness,Insurance,Insurance,Insurance,majority
1657465368695443456,FwB1CVtaUAEjRh0,Political,Political,Political,Political,full
1657465368695443456,FwB1CVuagAA9Dto,Political,Political,Political,Political,full
1657463696233472000,FwB9_LYaIAAHvTB,Advertisement,Advertisement,Advertisement,Advertisement,full
1657460776133890048,FwB7yi0acAA8skE,Other,Reports of Actions of Responders,Reports of Actions of Responders,Reports of Actions of Responders,majority
1657455408842407936,FwB25ymaAAAGRLS,Evacuees,Evacuees,Support,Evacuees,majority
1657452761280286720,FwB0YagaEAAhSxX,Reports of Actions of Responders,Warnings & Status Updates,Warnings & Status Updates,Warnings & Status Updates,majority
1657441818584264704,FwBqQFdXgAE9js3,General Information,Weather Reports,Weather Reports,Weather Reports,majority
1657436828532883456,FwBmAsJakAYoIT4,General Information,General Information,General Information,General Information,full
1657436828532883456,FwBmAsOaIAEWvRS,General Information,General Information,General Information,General Information,full
1657430824961146880,FwBgjStXoAopwwb,Preparedness,Smoke & Air Quality,Preparedness,Preparedness,majority
1657422312826900480,FwBYzeTaAAE-dPu,Preparedness,Support,Support,Support,majority
1657415903238291456,FwBSxPvaMAAgYuq,Smoke & Air Quality,Weather Reports,Smoke & Air Quality,Smoke & Air Quality,majority
1657402890791833600,FwBHJOdacAAsN60,Weather Reports,Weather Reports,Weather Reports,Weather Reports,full
1657402890791833600,FwBHJOdaMAErTvr,Weather Reports,Weather Reports,Weather Reports,Weather Reports,full
1657399470068322304,FwBEBIZXwAAlcRn,Preparedness,Warnings & Status Updates,Preparedness,Preparedness,majority
1657324561967316992,Fv__6CVWYAEZxAV,Other,Reports of Actions of Responders,Reports of Actions of Responders,Reports of Actions of Responders,majority
1657270683485995008,Fv_O51takAAxOoW,Other,Support,Other,Other,majority
1657260358430765056,Fv_Fg1AaMAAGfLf,Reports of Actions of Responders,Reports of Actions of Responders,Reports of Actions of Responders,Reports of Actions of Responders,full
1657214171057098752,Fv-bgKGakAA4s-o,Smoke & Air Quality,Warnings & Status Updates,Preparedness,Smoke & Air Quality,none
1657211477101805568,Fv-ZDbtaMAEAsgP,Support,Support,Support,Support,full
1657199835714572288,Fv-OdyYakAAh6na,Smoke & Air Quality,Smoke & Air Quality,Smoke & Air Quality,Smoke & Air Quality,full
1657195298631077888,Fv-JsyaacAUw8dt,Political,Reports of Actions of Responders,Other,Political,none
1657195298631077888,Fv-Jr1LagAAGofY,Political,Reports of Actions of Responders,Other,Political,none
1657194248993902592,Fv-IuwXaQAEnsqN,Political,Political,Political,Political,full
1657188110483042304,Fv-DE42agAApwwh,Political,Support,Political,Political,majority
1657178125401473024,Fv96tz8agAEBLRx,General Information,Support,Support,Support,majority
1657168684132241408,Fv9yHEnaQAAul-Z,Reports of Actions of Responders,Reports of Actions of Responders,Reports of Actions of Responders,Reports of Actions of Responders,full
1657167458434973696,Fv9wqYsaUAARbEP,General Information,Support,Support,Support,majority
1657164353823547392,Fv9uKTsWYAEJDcX,Preparedness,Reports of Actions of Responders,Preparedness,Preparedness,majority
1657162508556173312,Fv9shQqWcAA0snw,Smoke & Air Quality,Smoke & Air Quality,Other,Smoke & Air Quality,majority
1657157142951104512,Fv9no44aEAAG8D_,Political,Political,Political,Political,full
1657156508126416896,Fv9mxX8aIAAu-XU,Smoke & Air Quality,Smoke & Air Quality,Smoke & Air Quality,Smoke & Air Quality,full
1657148173385871360,Fv9fI7JaUAAIsp_,Reports of Actions of Responders,Reports of Actions of Responders,Reports of Actions of Responders,Reports of Actions of Responders,full
1657136818368937984,FvyPRYnaAAAPc2Y,Advertisement,Advertisement,Advertisement,Advertisement,full
1657132168345268224,Fv9Q6FVWcAAHAQZ,Reports of Actions of Responders,Reports of Actions of Responders,Reports of Actions of Responders,Reports of Actions of Responders,full
1657122111100538880,Fv9HkuXX0BwB1cg,Support,Evacuees,Support,Support,majority
1657121985279807488,Fv9HqbzWAAA4oYX,Support,Support,Support,Support,full
1657116105884966912,Fv9BhvbaIAIkJns,Political,General Information,General Information,General Information,majority
1657102704328560640,Fv82HZiXoAAVQzn,Warnings & Status Updates,Reports of Actions of Responders,Warnings & Status Updates,Warnings & Status Updates,majority
1657100486384799744,Fv80Gu6X0BsbUmW,Other,Preparedness,Other,Other,majority
1657097548778070016,Fv8xbrUWYBoWiGK,Warnings & Status Updates,Political,Reports of Actions of Responders,Warnings & Status Updates,none
1657097548778070016,Fv8xbrUWYAwkdc0,Political,Political,Reports of Actions of Responders,Political,majority
1657096874548133888,Fv8wfF9acAEWreJ,Support,Support,Support,Support,full
1657092994984722432,Fv8tMWOacAE3gEn,Preparedness,Preparedness,Preparedness,Preparedness,full
1657092994984722432,Fv8tLlPaUAAJeKU,Preparedness,Preparedness,Preparedness,Preparedness,full
1657092292677623808,Fv8sqKHWYBAsXvq,Support,Support,Support,Support,full
1657089554279481344,Fv8qKyAWYNYktd9,Support,General Information,Support,Support,majority
1657085511809499136,Fv8mfNPakAAeMMK,Weather Reports,Smoke & Air Quality,Smoke & Air Quality,Smoke & Air Quality,majority
1657082784744103936,Fv8kAv0WYA8wuRl,Support,Support,Support,Support,full
1657080732425281536,Fv8iG_5agAADZPM,Infrastructure,Warnings & Status Updates,Infrastructure,Infrastructure,majority
1657075729157472256,Fv8ZYbpaUAAEC2g,Infrastructure,Infrastructure,Infrastructure,Infrastructure,full
1657075729157472256,Fv8ZXxSaIAAglmv,Infrastructure,Infrastructure,Infrastructure,Infrastructure,full
1657075606524407808,Fv8dc_sagAAgzJo,Infrastructure,Warnings & Status Updates,Infrastructure,Infrastructure,majority
1657075501213843456,Fv8a1MeaEAAhmt_,Infrastructure,Warnings & Status Updates,Infrastructure,Infrastructure,majority
1657072012463050752,Fv8RHhMaUAI3yRS,Evacuees,Support,Support,Support,majority
1657072012463050752,Fv8RHhMaUAMpdnZ,Evacuees,Support,Support,Support,majority
1657072012463050752,Fv8RHhMaEAIQ_kU,Evacuees,Support,Support,Support,majority
1657072012463050752,Fv8RHhLaQAEtjTv,Support,Support,Support,Support,full
1657068572646965248,Fv8XFdQWABMDIsA,Insurance,Insurance,Insurance,Insurance,full
1657067229501087744,Fv8V3DpagAEBwnl,Support,Evacuees,Support,Support,majority
1657056224616267776,Fv8Lcw9aEAAvvxQ,Political,Political,Reports of Actions of Responders,Political,majority
1657055783929155584,Fv8Lcw9aEAAvvxQ,Political,Political,Reports of Actions of Responders,Political,majority
1657054027316592640,Fv8J2zRWcAQdGtp,Reports of Actions of Responders,Reports of Actions of Responders,Reports of Actions of Responders,Reports of Actions of Responders,full
1657051441939488768,Fv8HAcbaQAA_-63,Political,General Information,Other,Political,none
1657050149598765056,Fv8GVD9WwAcsGQy,Other,Reports of Actions of Responders,Reports of Actions of Responders,Reports of Actions of Responders,majority
1657046934698196992,Fv8B5a0WIAMl_pZ,Weather Reports,Weather Reports,Weather Reports,Weather Reports,full
1657046934698196992,Fv8B5a1XoAAjeA2,Weather Reports,Weather Reports,Weather Reports,Weather Reports,full
1657044710693666816,Fv8BYiKWwAIqL-H,Support,Support,Support,Support,full
1657043717247877120,Fv8AbPDaIAImWc7,Advertisement,Weather Reports,Support,Advertisement,none
1657037926465949696,Fvx5SsUWYAEpQCv,Support,Warnings & Status Updates,Support,Support,majority
1657024654417055744,Fv7vJHoXgAIx09U,Reports of Actions of Responders,Weather Reports,Reports of Actions of Responders,Reports of Actions of Responders,majority
1657021427550244864,Fv7sNRrX0AAQ5sw,Warnings & Status Updates,Reports of Actions of Responders,Warnings & Status Updates,Warnings & Status Updates,majority
1657018803836813312,Fv7p0kaWAAIXvWv,Support,Support,Support,Support,full
1657017014655807488,Fv7oMXNWIAMiZNA,Support,Support,Support,Support,full
1656995529715507200,Fv7UbNcaUAAnkbf,Smoke & Air Quality,Warnings & Status Updates,Weather Reports,Smoke & Air Quality,none
1656995529715507200,Fv7UbNeaAAE66TN,Smoke & Air Quality,Warnings & Status Updates,Weather Reports,Smoke & Air Quality,none
1656995135002148864,Fvx9viqaEAINbDF,Advertisement,Advertisement,Advertisement,Advertisement,full
1656879553766375424,Fv5qZ3zagAAdbH2,Weather Reports,General Information,General Information,General Information,majority
1656879433893158912,Fv5rD66aYAAfmpg,Warnings & Status Updates,Evacuees,Evacuees,Evacuees,majority
1656879433893158912,Fv5rD8BaQAAiFLS,Warnings & Status Updates,Evacuees,Evacuees,Evacuees,majority
1656873295889956864,Fv5ldLraMAAEVXY,Reports of Actions of Responders,Reports of Actions of Responders,Reports of Actions of Responders,Reports of Actions of Responders,full
1656873295889956864,Fv5lehFaUAIdKaG,Warnings & Status Updates,Reports of Actions of Responders,Reports of Actions of Responders,Reports of Actions of Responders,majority
1656872766908530688,Fv5k5h6aIAA-wKq,Reports of Actions of Responders,Reports of Actions of Responders,Reports of Actions of Responders,Reports of Actions of Responders,full
1656872766908530688,Fv5kw3qagAIHbaC,Reports of Actions of Responders,Reports of Actions of Responders,Reports of Actions of Responders,Reports of Actions of Responders,full
1656865339395788800,Fv5ePn1X0AkcD-P,Infrastructure,Reports of Actions of Responders,Reports of Actions of Responders,Reports of Actions of Responders,majority
1656855430793142272,Fv5VO0uaMAAd2cg,Preparedness,Preparedness,Preparedness,Preparedness,full
1656827357213368320,Fv47sXpXwAA4SRY,Infrastructure,Smoke & Air Quality,Smoke & Air Quality,Smoke & Air Quality,majority
1656812598921396224,Fv4uRr6aEAAf16U,Weather Reports,Weather Reports,Weather Reports,Weather Reports,full
1656812598921396224,Fv4uRr6aUAAkNVl,Weather Reports,Weather Reports,Weather Reports,Weather Reports,full
1656812598921396224,Fv4uRr5agAEjDy6,Weather Reports,Weather Reports,Weather Reports,Weather Reports,full
1656812598921396224,Fv4uRr6aIAAx5ym,Weather Reports,Weather Reports,Weather Reports,Weather Reports,full
1656806456602099712,Fv4osT1WAAIhUpX,Warnings & Status Updates,Smoke & Air Quality,Warnings & Status Updates,Warnings & Status Updates,majority
1656803459914661888,Fv4l8luaEAAiRDr,Reports of Actions of Responders,Warnings & Status Updates,Reports of Actions of Responders,Reports of Actions of Responders,majority
1656801306869395456,Fv4kAZpXwAANSns,Other,Reports of Actions of Responders,Other,Other,majority
1656801306869395456,Fv4kAZtXwAY7NXv,Reports of Actions of Responders,Reports of Actions of Responders,Other,Reports of Actions of Responders,majority
1656801306869395456,Fv4kAZpWYAEYNgu,Other,Reports of Actions of Responders,Other,Other,majority
1656796357217370112,Fv4ffSSaQAA_Uzh,Support,Evacuees,Support,Support,majority
1656781982527901696,Fv4Rz3ZXoAArRd-,General Information,General Information,General Information,General Information,full
1656780100828815360,Fv4N18TXwAIc_S0,Warnings & Status Updates,General Information,General Information,General Information,majority
1656771913069510656,Fv4JRd6aUAAJp0v,Support,Support,Support,Support,full
1656767518529433600,Fv4FPKiaMAcw_NX,Political,Advertisement,Advertisement,Advertisement,majority
1656765868724875264,Fv4Dxw3aMAg9gVt,Preparedness,Support,Preparedness,Preparedness,majority
1656764890873315328,Fv4C3xvaMAIpZlS,Other,Support,Support,Support,majority
1656764256166051840,Fv4CLGxaIAAkWOd,Other,Support,Political,Other,none
1656757891460911104,Fv38hB6aEAAMPHw,Support,Reports of Actions of Responders,Support,Support,majority
1656749817148702720,Fv31LdgWcBQVETI,Support,General Information,Support,Support,majority
1656745238050795520,Fvx9A4NagAAvkpW,Advertisement,Advertisement,Advertisement,Advertisement,full
1656744796675817472,Fv3wnJ-WIAE_FYh,Insurance,Insurance,Insurance,Insurance,full
1656734977399062528,Fv3nOuqWACw_WJr,Warnings & Status Updates,Warnings & Status Updates,Reports of Actions of Responders,Warnings & Status Updates,majority
1656730798735896576,Fv3jvyaaUAAjLuy,Insurance,Insurance,Preparedness,Insurance,majority
1656730798735896576,Fv3jvyNaIAERYXc,Preparedness,Insurance,Preparedness,Preparedness,majority
1656730798735896576,Fv3jvyMaIAE5KmQ,Insurance,Insurance,Preparedness,Insurance,majority
1656730798735896576,Fv3jvyRaYAAqFV7,Insurance,Insurance,Preparedness,Insurance,majority
1656722837816885248,Fv3cSAfaUAAeTrj,Reports of Actions of Responders,Warnings & Status Updates,Warnings & Status Updates,Warnings & Status Updates,majority
1656721367536918528,Fv3bTgoWcAI4nkH,Support,Support,Support,Support,full
1656719915074682880,Fv3Zdw2XoAINCfC,Support,Support,Support,Support,full
1656715178959044608,Fv3VqLyakAAhhWr,Warnings & Status Updates,Support,Support,Support,majority
1656712687437643776,Fv3Q4QvaMAAhl0B,Reports of Actions of Responders,Warnings & Status Updates,Warnings & Status Updates,Warnings & Status Updates,majority
1656698181827149824,Fv3EX5YaIAERy7v,Reports of Actions of Responders,Smoke & Air Quality,Reports of Actions of Responders,Reports of Actions of Responders,majority
1656691562062184448,Fv2_zk8akAAobDv,Weather Reports,Warnings & Status Updates,Preparedness,Weather Reports,none
1656679929747234816,Fv21RC1agAMwNPJ,Reports of Actions of Responders,Warnings & Status Updates,Reports of Actions of Responders,Reports of Actions of Responders,majority
1656677956880830464,Fv2zmIpaAAQLTuK,Reports of Actions of Responders,Reports of Actions of Responders,Reports of Actions of Responders,Reports of Actions of Responders,full
1656676671406354432,Fv2ymCDaQAI0hsF,Warnings & Status Updates,Warnings & Status Updates,Warnings & Status Updates,Warnings & Status Updates,full
1656671853753307136,Fv2qeKXaYAEVJ9Q,Political,Political,Political,Political,full
1656668967367512064,Fv2rpXeacAMvQn2,Warnings & Status Updates,Warnings & Status Updates,Warnings & Status Updates,Warnings & Status Updates,full
1656667254199828480,Fv2qFpnXgAAEtgW,Support,Support,Support,Support,full
1656665518798151680,Fv2oabkWwAAEcpk,Support,Support,Support,Support,full
1656661314859835392,Fv2kXHoaMAADnNq,General Information,Warnings & Status Updates,General Information,General Information,majority
1656661314859835392,Fv2kR43aUAEP-zs,Warnings & Status Updates,Warnings & Status Updates,General Information,Warnings & Status Updates,majority
1656660815213375488,Fv2kJM5aUAED7Iv,Weather Reports,Weather Reports,Weather Reports,Weather Reports,full
1656660815213375488,Fv2kI5eaYAALcMW,Weather Reports,Weather Reports,Weather Reports,Weather Reports,full
1656655357538861056,Fv2fRFMaQAAk2bM,Warnings & Status Updates,Warnings & Status Updates,Warnings & Status Updates,Warnings & Status Updates,full
1656651427828097024,Fv2bj6-XoAAH5SK,Other,Political,Other,Other,majority
1656633250209513472,Fvxq80xaAAAjvUu,Advertisement,Advertisement,Advertisement,Advertisement,full
1656632611219861504,Fv2Kk8QWwAA2ij2,Other,Support,Support,Support,majority
1656602241992736768,Fv1u9RGWIAASpGT,Smoke & Air Quality,Smoke & Air Quality,Smoke & Air Quality,Smoke & Air Quality,full
1656519553999073280,Fv0jv6BaAAE3oMy,Warnings & Status Updates,Political,Political,Political,majority
1656519553999073280,Fv0jv56aIAAboGY,Warnings & Status Updates,Political,Political,Political,majority
1656519553999073280,Fv0jv55aMAAamZ5,Political,Political,Political,Political,full
1656519553999073280,Fv0jv6DaMAEO0Uj,Evacuees,Political,Political,Political,majority
1656481479353057280,Fv0BBkbaUAAX447,Reports of Actions of Responders,Smoke & Air Quality,Reports of Actions of Responders,Reports of Actions of Responders,majority
1656478362980810752,Fvz-SgVWAAIE4-u,Warnings & Status Updates,Warnings & Status Updates,Evacuees,Warnings & Status Updates,majority
1656466426721632256,Fvzzb7HaIAIVoFO,Weather Reports,General Information,Weather Reports,Weather Reports,majority
1656453058514264064,FvznRj9aIAELxbh,Other,Political,Other,Other,majority
1656453058514264064,FvznRj9aYAALGln,Preparedness,Political,Other,Preparedness,none
1656448605266522112,FvzjOKqaIAIng6E,Reports of Actions of Responders,Warnings & Status Updates,Warnings & Status Updates,Warnings & Status Updates,majority
1656432843772551168,FvzU41UagAAfJYB,Support,Evacuees,Support,Support,majority
1656427374144258048,FvzOTecakAA1_QZ,Weather Reports,Weather Reports,Weather Reports,Weather Reports,full
1656427374144258048,FvzORoEaUAAuc1Z,Weather Reports,Weather Reports,Weather Reports,Weather Reports,full
1656425402586333184,FvzK8YVWYAAEGGX,Warnings & Status Updates,Warnings & Status Updates,Warnings & Status Updates,Warnings & Status Updates,full
1656406368482623488,Fvy8z7vaQAAK2iY,Warnings & Status Updates,Weather Reports,Warnings & Status Updates,Warnings & Status Updates,majority
1656406368482623488,Fvy8z81agAA_nlk,Warnings & Status Updates,Weather Reports,Warnings & Status Updates,Warnings & Status Updates,majority
1656399988337922048,Fvy2_pTWIAAFA2U,Preparedness,Insurance,Preparedness,Preparedness,majority
1656391178642771968,Fvyu-2dXwAMZwIm,General Information,Insurance,Preparedness,General Information,none
1656388584318836736,Fvyso7aXwAA5lbr,Insurance,Insurance,Insurance,Insurance,full
1656382849904418816,FvxZeHwaEAE45vH,Advertisement,Advertisement,Advertisement,Advertisement,full
1656379191103995904,FvykEtWaAAAZlN1,Reports of Actions of Responders,Warnings & Status Updates,Warnings & Status Updates,Warnings & Status Updates,majority
1656374088041111552,FvyfSG4agAExTtU,Other,Support,Other,Other,majority
1656373790690144256,FvyTO1HaMAA9aG5,Support,Preparedness,Support,Support,majority
1656373660288970752,FvyfEPcX0AYv-e1,General Information,General Information,Preparedness,General Information,majority
1656370345040027648,FvybsswaYAA7D2y,Warnings & Status Updates,General Information,Warnings & Status Updates,Warnings & Status Updates,majority
1656369507156492288,FvybCElaIAMrtHp,Warnings & Status Updates,Warnings & Status Updates,Warnings & Status Updates,Warnings & Status Updates,full
1656367722312376320,FvyZDyUaEAAtkA0,Preparedness,Preparedness,Preparedness,Preparedness,full
1656365793066774528,FvyWTm7aEAAzUoz,Reports of Actions of Responders,Infrastructure,Infrastructure,Infrastructure,majority
1656362956966469632,FvyVU9YaEAEJ8I-,Political,General Information,Political,Political,majority
1656361780401123328,FvyUQe7WcAY3QDl,Preparedness,Preparedness,Preparedness,Preparedness,full
1656357328797716480,FvyQNaJaMAEAq20,Political,Political,Political,Political,full
1656348217699860480,FvyHqBgakAAKQow,Political,Political,Political,Political,full
1656328359922597888,Fvx13bsXoAMcGg9,Other,Support,Support,Support,majority
1656324352420478976,FvxyOI-XgAQLgfA,Warnings & Status Updates,Warnings & Status Updates,Warnings & Status Updates,Warnings & Status Updates,full
1656323268012376064,FvxxO_TWwAEdlWg,Support,General Information,Support,Support,majority
1656322007938617344,FvxwFr3WYAEIWrP,Preparedness,Preparedness,Preparedness,Preparedness,full
1656313175036547072,Fvxk5l2aYAI7WI-,Political,Political,Political,Political,full
1656306439147917312,FvxhzqfWIAEvel2,Support,Support,Support,Support,full
1656306439147917312,FvxhkL-XgAIIg8f,Support,Support,Support,Support,full
1656303135005212672,Fvxe7B9aMAE3HyB,General Information,Support,Support,Support,majority
1656295689088036864,FvxX7xvaMAIMhEI,Support,Support,Preparedness,Support,majority
1656286728339218432,FvxPeYEaQAAJZZO,Warnings & Status Updates,Warnings & Status Updates,General Information,Warnings & Status Updates,majority
1656270610530549760,Fvshll5aIAAARXn,Advertisement,Advertisement,Advertisement,Advertisement,full
1656264136957755392,Fvw6kd7WAAMuRwa,Smoke & Air Quality,Smoke & Air Quality,Smoke & Air Quality,Smoke & Air Quality,full
1656261677015265280,Fvw43RiXwAEJLyl,Smoke & Air Quality,Smoke & Air Quality,Smoke & Air Quality,Smoke & Air Quality,full
1656252881073496064,FvwxN08aUAUfVz3,Advertisement,Advertisement,Advertisement,Advertisement,full
1656240078036045824,FvwlkU1aYAEngrM,Smoke & Air Quality,Smoke & Air Quality,Smoke & Air Quality,Smoke & Air Quality,full
1656239751396233216,FvwlRiPaIAI5_Ly,Smoke & Air Quality,Smoke & Air Quality,Smoke & Air Quality,Smoke & Air Quality,full
1656143314079428608,FvvNkQmWYAIVQtR,Support,Warnings & Status Updates,Support,Support,majority
1656117029231894528,Fvu1qW0XoAAn6wa,Reports of Actions of Responders,Reports of Actions of Responders,Reports of Actions of Responders,Reports of Actions of Responders,full
1656116961196081152,Fvu1mY0XoAgijWB,Reports of Actions of Responders,Reports of Actions of Responders,Reports of Actions of Responders,Reports of Actions of Responders,full
1656087954471673856,FvubN9ZWcAAQe0m,Other,Reports of Actions of Responders,Other,Other,majority
1656070579265445888,FvuID0wWAAcNmAZ,Smoke & Air Quality,Smoke & Air Quality,Smoke & Air Quality,Smoke & Air Quality,full
1656070579265445888,FvuID0wXwAEEqoB,Smoke & Air Quality,Smoke & Air Quality,Smoke & Air Quality,Smoke & Air Quality,full
1656066894846128128,FvuID0wXwAEEqoB,Smoke & Air Quality,Smoke & Air Quality,Smoke & Air Quality,Smoke & Air Quality,full
1656066894846128128,FvuID0wWAAcNmAZ,Smoke & Air Quality,Smoke & Air Quality,Smoke & Air Quality,Smoke & Air Quality,full
1656064997250985984,FvuGUzFacAAiVkl,Warnings & Status Updates,Warnings & Status Updates,General Information,Warnings & Status Updates,majority
1656062988401651712,FvuEgsCagAA4C8c,Political,Weather Reports,Warnings & Status Updates,Political,none
1656062988401651712,FvuEgsCaYAEQZTV,Political,Political,Political,Political,full
1656062988401651712,FvuEgsBakAAEZ1L,Political,Infrastructure,Political,Political,majority
1656058855229657088,FvuAv3taIAAsuOp,Support,Evacuees,Support,Support,majority
1656056952156307456,Fvt_BbrXwAEIcBo,Support,Support,Support,Support,full
1656053418325348352,Fvt7uc2akAAk3QJ,Support,Evacuees,Evacuees,Evacuees,majority
1656052858792611840,Fvt7S_FakAQarf5,Weather Reports,Weather Reports,Weather Reports,Weather Reports,full
1656052858792611840,Fvt7S_EakAU8XQA,Weather Reports,Weather Reports,Weather Reports,Weather Reports,full
1656052858792611840,Fvt7S_EakAMUOwo,Weather Reports,Weather Reports,Weather Reports,Weather Reports,full
1656052858792611840,Fvt7S_CakAU8spC,Weather Reports,Weather Reports,Weather Reports,Weather Reports,full
1656052063460298752,Fvt6HZaakAI9wGS,Support,Support,Support,Support,full
1656051350768357376,Fvt5TNqakAET-hn,Warnings & Status Updates,Weather Reports,Warnings & Status Updates,Warnings & Status Updates,majority
1656047420692676608,Fvt2TXmWwAQSgm9,Warnings & Status Updates,Warnings & Status Updates,General Information,Warnings & Status Updates,majority
1656044092080689152,Fvty6z3aAAAQ5Wm,Political,Political,Political,Political,full
1656043793253105664,Fvtyd2PWwAI3IC6,Smoke & Air Quality,Weather Reports,Weather Reports,Weather Reports,majority
1656043793253105664,Fvtye_cWwBoT5Hd,Smoke & Air Quality,Weather Reports,Smoke & Air Quality,Smoke & Air Quality,majority
1656043631751380992,Fvty56OWwAc0m3-,Support,Support,Support,Support,full
1656042919193870336,FvtyQBwaIAAOtKz,Other,Political,Other,Other,majority
1656042876025937920,FvtyN7kWwBUi3BO,Support,Evacuees,Support,Support,majority
1656036208097767424,FvtsJbCaIAA6GdU,Evacuees,Evacuees,Support,Evacuees,majority
1656027991485427712,FvtkqkfXsAATprL,Support,Evacuees,Support,Support,majority
1656026275062882304,FvtjHp_WYAMOy5o,Other,Support,Support,Support,majority
1656018878529691648,FvtcZDmaAAEgo-N,General Information,Support,Preparedness,General Information,none
1656008903044497408,FvtTMGQakAELR-7,Reports of Actions of Responders,Warnings & Status Updates,Warnings & Status Updates,Warnings & Status Updates,majority
1655996959403184128,FvtHenLagAAWo_L,Smoke & Air Quality,Smoke & Air Quality,Other,Smoke & Air Quality,majority
1655996959403184128,FvtHfltaEAEA_cP,Other,Smoke & Air Quality,Other,Other,majority
1655995952556277760,FvtHe_haAAMUBuP,Political,Political,Political,Political,full
1655994846577070080,FvtFSCSaEAUd5cQ,Reports of Actions of Responders,Warnings & Status Updates,Warnings & Status Updates,Warnings & Status Updates,majority
1655993515153969152,FvtFU2KakAArP4S,Warnings & Status Updates,Evacuees,Support,Warnings & Status Updates,none
1655985013471715328,Fvs9Y3BaIAA_CMd,Other,Political,Political,Political,majority
1655984776187084800,Fvs9YNGWAAIGiGp,Insurance,Insurance,Insurance,Insurance,full
1655980959832104960,FvsXxpTacAEOU7T,Warnings & Status Updates,Support,Support,Support,majority
1655971252153241600,FvsxE5DakAELISV,Political,Political,Political,Political,full
1655971252153241600,FvsxEhUaUAUkrAF,Political,Political,Political,Political,full
1655967413324611584,FvstlkPWYAEryxX,Weather Reports,Warnings & Status Updates,General Information,Weather Reports,none
1655966496147775488,FvssOqCaUAElbuE,Smoke & Air Quality,Weather Reports,Smoke & Air Quality,Smoke & Air Quality,majority
1655962305719422976,Fvso8KgX0Acc3lv,Political,Political,Political,Political,full
1655954856212049920,Fvsh7OFacAAawYt,Support,Support,Support,Support,full
1655954151678025728,FvshhV1aAAM5i_T,Weather Reports,Weather Reports,Warnings & Status Updates,Weather Reports,majority
1655954151678025728,FvshhWQacAAe4Ts,Warnings & Status Updates,Weather Reports,Warnings & Status Updates,Warnings & Status Updates,majority
1655950756963561472,FvseBrtaEAETxdy,Political,Reports of Actions of Responders,Political,Political,majority
1655950756963561472,FvseAqXaQAkEC3i,Political,Reports of Actions of Responders,Political,Political,majority
1655950756963561472,Fvsd_uTaIAwcavs,Political,Reports of Actions of Responders,Political,Political,majority
1655944925501067264,FvsZFZ8WwAAhFiJ,Infrastructure,Infrastructure,Infrastructure,Infrastructure,full
1655944858320908288,FvsVz9cacAM2Sr0,Political,Political,Political,Political,full
1655944858320908288,FvsVyJ2aMAEfwto,Political,Political,Political,Political,full
1655943684616241152,FvsX1chX0AABY-E,Infrastructure,Infrastructure,Infrastructure,Infrastructure,full
1655942976768729088,FvsXXCiaAAABhp4,Support,Evacuees,Support,Support,majority
1655942194942066688,FvsWeaWaEAcj0D2,General Information,General Information,Preparedness,General Information,majority
1655938854493495296,FvsTfRRWcAAegdY,Other,Support,Other,Other,majority
1655936900182732800,FvsRD25aAAIoPDp,Support,General Information,Support,Support,majority
1655928282691547136,FvsJuO4aUAAv_hK,Other,Political,Other,Other,majority
1655907524250570752,Fvr3HXuagAE_cNm,Other,Reports of Actions of Responders,Other,Other,majority
1655891859095314432,FvrmekzWAAIRDOc,Smoke & Air Quality,Weather Reports,Smoke & Air Quality,Smoke & Air Quality,majority
1655891859095314432,Fvri45_XoAMaB6t,Smoke & Air Quality,Infrastructure,Smoke & Air Quality,Smoke & Air Quality,majority
1655823705791172608,Fvqq4joaYAAviKQ,Weather Reports,Weather Reports,Weather Reports,Weather Reports,full
1655806426722496512,Fvqa-BraYAAhcIR,Political,Political,Political,Political,full
1655781121781579776,FvqEI3mX0AAgHst,Reports of Actions of Responders,Reports of Actions of Responders,Reports of Actions of Responders,Reports of Actions of Responders,full
1655767193743704064,FvpxnrtXwAEiCAR,Weather Reports,Weather Reports,Weather Reports,Weather Reports,full
1655767193743704064,FvpxcdZWcAERLAM,Weather Reports,Weather Reports,Weather Reports,Weather Reports,full
1655755864870109184,FvptLnFakAAmNIS,Weather Reports,Smoke & Air Quality,Smoke & Air Quality,Smoke & Air Quality,majority
1655752007523631104,FvppSxjXgAErA-8,General Information,Warnings & Status Updates,General Information,General Information,majority
1655752007523631104,FvpngF0XwAAaDA9,Warnings & Status Updates,Weather Reports,Warnings & Status Updates,Warnings & Status Updates,majority
1655750784133509120,Fvpoj-naMAETAg6,Infrastructure,Smoke & Air Quality,Infrastructure,Infrastructure,majority
1655749155304902656,FvpnFPxaMAAzviT,Warnings & Status Updates,Evacuees,Other,Warnings & Status Updates,none
1655728547892465664,FvpUR62XsAM2TBS,Infrastructure,Infrastructure,Warnings & Status Updates,Infrastructure,majority
1655728547892465664,FvpUR-MXwAAyVLT,Infrastructure,Infrastructure,Warnings & Status Updates,Infrastructure,majority
1655727532086312960,Fvo4DlmaQAIEv7D,Advertisement,Advertisement,Advertisement,Advertisement,full
1655719098880516096,FvpKMUDaYAIFFba,Political,Warnings & Status Updates,General Information,Political,none
1655717223150006272,FvpKCfiaQAAaVPO,Other,Political,Political,Political,majority
1655703661862096896,Fvo9rv3aMAA7IiL,Warnings & Status Updates,Infrastructure,Warnings & Status Updates,Warnings & Status Updates,majority
1655703661862096896,Fvo9rvzaYAAB0ZB,Warnings & Status Updates,Infrastructure,Warnings & Status Updates,Warnings & Status Updates,majority
1655703661862096896,Fvo9rvxakAEx_0F,Warnings & Status Updates,Infrastructure,Warnings & Status Updates,Warnings & Status Updates,majority
1655701133682417664,Fvo7Y1YaMAYnpJz,Other,Other,Evacuees,Other,majority
1655698796268118016,Fvo5R2pWAAUB5Wd,Political,Political,Political,Political,full
1655698796268118016,Fvo5R2rWYAQ3Kk4,Political,Political,Support,Political,majority
1655689940129431552,FvoxMxZX0AENekb,Political,Reports of Actions of Responders,Political,Political,majority
1655689940129431552,FvoxMxQXwAACRdn,Warnings & Status Updates,Reports of Actions of Responders,Political,Warnings & Status Updates,none
1655689940129431552,FvoxMxRWAAI7CoB,Political,Reports of Actions of Responders,Political,Political,majority
1655689730141331456,Fvow7YIXoAAEskn,Other,Support,Other,Other,majority
1655689730217103360,Fvow__EaMAAZS-B,Warnings & Status Updates,General Information,Evacuees,Warnings & Status Updates,none
1655687817626886144,FvovS3wXoAEhIs1,Insurance,Insurance,Insurance,Insurance,full
1655687787646001152,FvovRBvX0AU-ZMX,Other,Support,Other,Other,majority
1655686523948523520,FvouHZRaQAAiCV2,Evacuees,Evacuees,Support,Evacuees,majority
1655682383235158016,FvoqWg6akAMIbZg,Support,Political,Support,Support,majority
1655681303264600064,FvopPjOWcAEBED7,Political,Political,Support,Political,majority
1655681113317056512,FvopMsMXoAAJKvY,Political,Political,Political,Political,full
1655678854646865920,FvonI9uaEAAyzE5,Political,Support,Political,Political,majority
1655678854646865920,FvonI9waEAAdLZO,Political,Political,Political,Political,full
1655678854646865920,FvonI9takAUHxKu,Political,Political,Political,Political,full
1655675535970672640,FvokIGeWIBEJSpG,Evacuees,Evacuees,Support,Evacuees,majority
1655675454345601024,FvokDJ8aUAE6LWi,Weather Reports,Weather Reports,Weather Reports,Weather Reports,full
1655673962930778112,Fvoiim1aQAAHasd,Political,Political,Political,Political,full
1655671382527602688,FvogWLwWIBgT02W,Support,Reports of Actions of Responders,Support,Support,majority
1655666988818235392,FvobQM7akAAXKJ-,Reports of Actions of Responders,Reports of Actions of Responders,Reports of Actions of Responders,Reports of Actions of Responders,full
1655666988818235392,FvobQ46acAAxUIE,Warnings & Status Updates,Reports of Actions of Responders,Reports of Actions of Responders,Reports of Actions of Responders,majority
1655664332183576576,FvoZ79AWIAsPTXa,Other,Support,Other,Other,majority
1655664231969349632,FvoZ2BzaQAAp48C,Support,Support,Support,Support,full
1655663383595700224,FvoZDm4WIAYXOuU,Preparedness,Preparedness,Preparedness,Preparedness,full
1655659503399100416,FvoVb3gacAAtwc8,Warnings & Status Updates,Warnings & Status Updates,Warnings & Status Updates,Warnings & Status Updates,full
1655658074349391872,FvoC2EwaAAMNOGY,Advertisement,Advertisement,Advertisement,Advertisement,full
1655657801002418176,FvoT_vRakAEFY2S,Reports of Actions of Responders,Reports of Actions of Responders,Reports of Actions of Responders,Reports of Actions of Responders,full
1655657570844164096,FvoTf3iagAE7gaS,Political,Political,Political,Political,full
1655653231132037120,FvoP1i1WYBwva6R,Warnings & Status Updates,Political,Political,Political,majority
1655653231132037120,FvoP1i2WYBUV3-2,Warnings & Status Updates,Political,Political,Political,majority
1655648811749105664,FvoLY__aQAAsRQu,Warnings & Status Updates,Political,Political,Political,majority
1655648811749105664,FvoLZAAakAArOWB,Warnings & Status Updates,Political,Political,Political,majority
1655647364395470848,FvoKZfWaIAArdYe,Weather Reports,Infrastructure,Reports of Actions of Responders,Weather Reports,none
1655647364395470848,FvoKZfXakAIIqIW,Reports of Actions of Responders,Infrastructure,Reports of Actions of Responders,Reports of Actions of Responders,majority
1655647364395470848,FvoKZfYagAAGSzI,Weather Reports,Infrastructure,Reports of Actions of Responders,Weather Reports,none
1655647364395470848,FvoKZfZakAEBrUO,Reports of Actions of Responders,Infrastructure,Reports of Actions of Responders,Reports of Actions of Responders,majority
1655646766329659392,FvoJ4kBWYB4SyJP,Infrastructure,Infrastructure,Warnings & Status Updates,Infrastructure,majority
1655646766329659392,FvoJ4kDWYBYmAEM,Smoke & Air Quality,Infrastructure,Warnings & Status Updates,Smoke & Air Quality,none
1655643774087749632,FvoHPT8WYCQzhHY,Preparedness,Preparedness,Preparedness,Preparedness,full
1655642871448637440,FvoGavVaAAAOc0b,Political,Political,Political,Political,full
1655641443246161920,FvoFHhaakAAwwHG,Political,Smoke & Air Quality,Political,Political,majority
1655641443246161920,FvoFHhaaAAAWCub,Political,Support,Political,Political,majority
1655639049024176128,FvoC1xdakAAwgRu,Reports of Actions of Responders,Warnings & Status Updates,Warnings & Status Updates,Warnings & Status Updates,majority
1655638617044418560,FvoBjgCaQAAwGVA,Other,Political,Other,Other,majority
1655638617044418560,FvoB75taQAAtbzb,Political,Political,Other,Political,majority
1655637505163816960,FvoBiZVaQAEmeoI,Reports of Actions of Responders,General Information,Support,Reports of Actions of Responders,none
1655635839769010176,Fvn_oYjWYA0J0J7,Weather Reports,Weather Reports,Weather Reports,Weather Reports,full
1655635839769010176,Fvn_sGsXwAAIuux,Weather Reports,Weather Reports,Weather Reports,Weather Reports,full
1655632629855813632,Fvn7QCHaQAAYhZb,Political,Political,Political,Political,full
1655630926578081792,Fvn7jTjWYBsFvh-,Political,Political,Political,Political,full
1655630516144463872,Fvn7DNlWYAAirzy,Warnings & Status Updates,Political,Political,Political,majority
1655619867234693120,FvnxfigagAAQ1H8,Smoke & Air Quality,Infrastructure,Smoke & Air Quality,Smoke & Air Quality,majority
1655618300825546752,Fvnv82_XsAAjHhM,Support,Support,Support,Support,full
1655618300825546752,Fvnv7RnXsA8Y2t7,Support,Support,Support,Support,full
1655616715194241024,FvntjocaMAAcEXq,Reports of Actions of Responders,Warnings & Status Updates,Warnings & Status Updates,Warnings & Status Updates,majority
1655616429654417408,FvnuXh5aIAEtKtc,Political,Political,Political,Political,full
1655616429654417408,FvnuXSdakAAOs02,Political,Political,Political,Political,full
1655615359666335744,FvntWjGXsBkUGxH,Insurance,Insurance,Insurance,Insurance,full
1655615244020985856,FvntQSYWAAEA4w7,Insurance,Insurance,Insurance,Insurance,full
1655612051136614400,FvnplZNaAAAMCLj,Weather Reports,Weather Reports,Weather Reports,Weather Reports,full
1655611543793410048,FvnpyVaWAAMAScs,Warnings & Status Updates,Warnings & Status Updates,Reports of Actions of Responders,Warnings & Status Updates,majority
1655609221826715648,Fvnnzq1WIAQifPD,Warnings & Status Updates,Political,Political,Political,majority
1655609073742782464,FvnnrYVacAAZeuS,General Information,Support,Support,Support,majority
1655607993705320448,FvnmcUuaEAI-_Fm,Infrastructure,Infrastructure,Infrastructure,Infrastructure,full
1655607993705320448,FvnmboQagAEONjS,Infrastructure,Infrastructure,Infrastructure,Infrastructure,full
1655607993705320448,Fvnmc4gaUAEH-__,Infrastructure,Infrastructure,Infrastructure,Infrastructure,full
1655607993705320448,Fvnma28aIAEjV4q,Infrastructure,Infrastructure,Infrastructure,Infrastructure,full
1655606855119540224,FvnkrMMaQAE6Pd_,Evacuees,Evacuees,Evacuees,Evacuees,full
1655603962748325888,FvnjB9oXsAMl4NZ,Infrastructure,Insurance,Insurance,Insurance,majority
1655603466004209664,FvniSnUWAAEHzNZ,Political,Political,Political,Political,full
1655602841330012160,FvngjdAaMAE79g9,Political,Reports of Actions of Responders,Political,Political,majority
1655602841330012160,FvngkXBaMAA0LfA,Political,Reports of Actions of Responders,Political,Political,majority
1655602841330012160,FvnglaAaYAAv4s2,Political,Reports of Actions of Responders,Political,Political,majority
1655602841330012160,FvngmWyaIAAXm3u,Political,Reports of Actions of Responders,Political,Political,majority
1655601204783902720,FvnghU-aMAAmetl,Political,Infrastructure,Political,Political,majority
1655601204783902720,FvnghViaEAAP67q,Political,Political,Political,Political,full
1655600193016930304,FvnVXNJaYAA0Wxf,Advertisement,Advertisement,Advertisement,Advertisement,full
1655599756402659328,FvnfM4KXoAMQPam,Political,Political,Political,Political,full
1655595611285078016,Fvnbb3yWIAIeZ9s,Warnings & Status Updates,Smoke & Air Quality,Warnings & Status Updates,Warnings & Status Updates,majority
1655588374592331776,FvnU2fMXoAEV4e5,Insurance,Insurance,Support,Insurance,majority
1655586625156530176,FvnTQt0XwAEGt76,Warnings & Status Updates,Warnings & Status Updates,Warnings & Status Updates,Warnings & Status Updates,full
1655584015703736320,FvnQiIrWcAgTv8f,Support,Support,Support,Support,full
1655578272954982400,FvnLqe4WwAExhEl,Political,Political,Political,Political,full
1655568956210683904,FvnC-9gXgAI9cuJ,Weather Reports,Weather Reports,Advertisement,Weather Reports,majority
1655568956210683904,FvnC_YuaIAAisHH,Weather Reports,Weather Reports,Advertisement,Weather Reports,majority
1655568956210683904,FvnC-auacAIOSGl,Weather Reports,Weather Reports,Advertisement,Weather Reports,majority
1655568956210683904,FvnC_w0aYAU8szr,Weather Reports,Weather Reports,Advertisement,Weather Reports,majority
1655566963454746624,FvnBXzjWYAs4ZPo,Weather Reports,Other,Advertisement,Weather Reports,none
1655566963454746624,FvnBXzlXgAEFepc,Weather Reports,Smoke & Air Quality,Advertisement,Weather Reports,none
1655561940960256000,FvjcQIFaAAAgV79,Preparedness,Preparedness,Preparedness,Preparedness,full
1655558284391383040,Fvm5X5facAAIcQb,Preparedness,Preparedness,Preparedness,Preparedness,full
1655548899761999872,Fvmw82laIAcLuxW,Weather Reports,Weather Reports,Weather Reports,Weather Reports,full
1655546145505169408,Fvmua1QaMAM0l8I,Advertisement,Advertisement,Insurance,Advertisement,majority
1655465037639843840,FvlkrXnacAAH7Va,Smoke & Air Quality,Infrastructure,Warnings & Status Updates,Smoke & Air Quality,none
1655465037639843840,Fvlkq-AaIAYSvkx,Other,Infrastructure,Warnings & Status Updates,Other,none
1655465037639843840,FvlkqLwacAApO-7,Smoke & Air Quality,Infrastructure,Warnings & Status Updates,Smoke & Air Quality,none
1655465037639843840,Fvlkqj4akAAfgEB,Infrastructure,Infrastructure,Warnings & Status Updates,Infrastructure,majority
1655441477592576000,FvlMrwrakAE75S9,Other,Advertisement,Advertisement,Advertisement,majority
1655431621254815744,FvlGRQVWIAAh_0y,Warnings & Status Updates,Warnings & Status Updates,Warnings & Status Updates,Warnings & Status Updates,full
1655420589040082944,Fvk7HFwaQAAKkuo,Political,Political,Political,Political,full
1655420323494506496,Fvk7rKmaMAEt0Pg,General Information,Warnings & Status Updates,Preparedness,General Information,none
1655419805615423488,Fvk7h5jakAEUzmW,Other,Support,Insurance,Other,none
1655419805615423488,Fvk7h5EaMAEsdVU,Smoke & Air Quality,Infrastructure,Insurance,Smoke & Air Quality,none
1655419805615423488,Fvk7h5DaIAA8VX0,Other,Infrastructure,Insurance,Other,none
1655419805615423488,Fvk7h5CaUAIebql,Other,Infrastructure,Insurance,Other,none
1655418575891595264,Fvk2XTcacAcxgoK,General Information,Support,Preparedness,General Information,none
1655416542480457728,Fvk4Xf9aEAAuY7A,Political,Warnings & Status Updates,Warnings & Status Updates,Warnings & Status Updates,majority
1655414852620537856,Fvk3CSvaUAEInZ7,Political,Political,Political,Political,full
1655410078810533888,FvkysZjagAAG0IV,Warnings & Status Updates,Warnings & Status Updates,Warnings & Status Updates,Warnings & Status Updates,full
1655404916498890752,FvktAjfaYAYR_IM,Advertisement,Advertisement,Advertisement,Advertisement,full
1655404602072924160,Fvkttn1aYAArk4M,Political,Political,Political,Political,full
1655398312214687744,Fvkn_cjWIAIy4Br,Support,Support,Support,Support,full
1655398153410191360,Fvkn2LuaAAAoStz,Warnings & Status Updates,Warnings & Status Updates,Political,Warnings & Status Updates,majority
1655394453996326912,Fvkj8nHaIAIyIQ1,General Information,Warnings & Status Updates,General Information,General Information,majority
1655393884610916352,Fvkg-CkWAAAgCZ-,Political,Political,Political,Political,full
1655393141485346816,FvkjSkraMAEGimW,Political,Political,Political,Political,full
1655392773070110720,Fvkg-CkWAAAgCZ-,Political,Political,Political,Political,full
1655384523092426752,Fvj908KaAAA5CkQ,Political,Political,Political,Political,full
1655380746867994624,FvjaF89aIAAiwh5,Preparedness,Preparedness,Preparedness,Preparedness,full
1655379253532426240,FvkWpRKaQAAL10T,Warnings & Status Updates,Evacuees,Evacuees,Evacuees,majority
1655378230688493568,FvjY97CaIAE7VFu,Preparedness,Preparedness,Preparedness,Preparedness,full
1655376981205164032,FvkTbKlX0AISqGa,General Information,Warnings & Status Updates,General Information,General Information,majority
1655376977145090048,FvjZOAxagAANDj3,Preparedness,Preparedness,Preparedness,Preparedness,full
1655376858933002240,FvkUaYcWYAALq3d,Infrastructure,Infrastructure,Warnings & Status Updates,Infrastructure,majority
1655376078645633024,FvkTuklWIAA3zH4,Infrastructure,Infrastructure,Other,Infrastructure,majority
1655376078645633024,FvkTuktWYAELr66,Infrastructure,Infrastructure,Other,Infrastructure,majority
1655374440363085824,FvkSPqYaMAM07d9,Warnings & Status Updates,Warnings & Status Updates,Warnings & Status Updates,Warnings & Status Updates,full
1655374363724578816,FvkSJ1gX0AAt-Bp,Infrastructure,Infrastructure,Other,Infrastructure,majority
1655372694458703872,Fvjuck8X0AMbmq6,Infrastructure,Infrastructure,Other,Infrastructure,majority
1655372694458703872,Fvjuck_XwAUp8N6,Infrastructure,Infrastructure,Other,Infrastructure,majority
1655369422431744000,Fvjk2snakAAveXt,Political,Political,Political,Political,full
1655369422431744000,FvjlyCFaMAA6Yu8,Political,Political,Political,Political,full
1655361876182663168,FvjmtT4aAAAUoC3,Warnings & Status Updates,Warnings & Status Updates,Warnings & Status Updates,Warnings & Status Updates,full
1655358995845234688,FvkDE1kaMAAGdYG,Preparedness,Warnings & Status Updates,Preparedness,Preparedness,majority
1655358934046187520,FvkA5uCWYAIL2Kp,Smoke & Air Quality,Smoke & Air Quality,Smoke & Air Quality,Smoke & Air Quality,full
1655354911113252864,FvkAZMiaUAAigMj,Other,Warnings & Status Updates,Preparedness,Other,none
1655354558204514304,Fvj_3y7aQAA6JeV,Evacuees,Evacuees,General Information,Evacuees,majority
1655354285700554752,Fvj_8kjaAAEAqMN,Weather Reports,Weather Reports,Weather Reports,Weather Reports,full
1655346974286295040,Fvj5TQYaYAMlyRs,Weather Reports,Smoke & Air Quality,Weather Reports,Weather Reports,majority
1655346974286295040,Fvj5StNagAAdOlv,Other,Smoke & Air Quality,Weather Reports,Other,none
1655344885342572544,Fvj3YoQaUAAOahU,Support,Evacuees,Warnings & Status Updates,Support,none
1655344885342572544,Fvj3YoOaUAAxomK,Evacuees,Evacuees,Warnings & Status Updates,Evacuees,majority
1655344885342572544,Fvj3YoQacAIpLdm,Evacuees,Evacuees,Warnings & Status Updates,Evacuees,majority
1655336216534081536,FvjvhC6aQAA8z5N,Other,Support,Other,Other,majority
1655332595989884928,FvjsH-daYAAo2h8,Other,Support,Other,Other,majority
1655331093468561408,Fvjq2xSaUAAmrn1,Political,Political,Political,Political,full
1655331093468561408,Fvjq2xTaQAAVay-,Political,Political,Political,Political,full
1655331093468561408,Fvjq2xRaIAEtwg7,Political,Political,Political,Political,full
1655331093468561408,Fvjq2xRaMAAfmdH,Political,Political,Political,Political,full
1655330510539984896,FvjqKcfaQAcutsf,Smoke & Air Quality,Weather Reports,Smoke & Air Quality,Smoke & Air Quality,majority
1655318758389608448,FvjfoqYaEAAdbkf,Evacuees,Warnings & Status Updates,Evacuees,Evacuees,majority
1655318758389608448,FvjfoqaaMAE6dv7,Evacuees,Warnings & Status Updates,Warnings & Status Updates,Warnings & Status Updates,majority
1655310427646197760,FvjXydbagAA7RRF,Support,Smoke & Air Quality,Support,Support,majority
1655309834600992768,FvjVUqIaMAEG5c5,Political,Political,Political,Political,full
1655309834600992768,FvjVSaEaQAUuA_L,Political,Political,Political,Political,full
1655309834600992768,FvjVTrhaIAERAj-,Political,Political,Political,Political,full
1655309834600992768,FvjVVk6aQAAXvir,Political,Political,Political,Political,full
1655309041420189696,FvjWzPyXgAYomea,Evacuees,Evacuees,Evacuees,Evacuees,full
1655306154921328640,FvjULNuaQAIoxVV,Reports of Actions of Responders,Reports of Actions of Responders,Reports of Actions of Responders,Reports of Actions of Responders,full
1655300574064017408,FvjPFTsXsAEqnV-,Support,Insurance,Insurance,Insurance,majority
1655300083108450304,FvjOpzXaAAAewet,Infrastructure,Infrastructure,Infrastructure,Infrastructure,full
1655300083108450304,FvjOpzUaAAAKhlX,Infrastructure,Infrastructure,Infrastructure,Infrastructure,full
1655299852220203008,FvjObRIWIAULpN0,Support,Insurance,Insurance,Insurance,majority
1655297455641202688,FvjLJfeaIAA-GSB,Political,Reports of Actions of Responders,Political,Political,majority
1655296297782370304,FvjK9ksWYAIByP6,Political,Reports of Actions of Responders,Political,Political,majority
1655294751573262336,FvjIiYLWwAIZcJl,General Information,Warnings & Status Updates,General Information,General Information,majority
1655294751573262336,FvjIkcPWcAA3kYg,General Information,Warnings & Status Updates,General Information,General Information,majority
1655293441557839872,FvjIlRjWcAUAy-d,Political,Reports of Actions of Responders,Political,Political,majority
1655290725247090688,FvjGJAMaEAAqXrD,Warnings & Status Updates,Smoke & Air Quality,Smoke & Air Quality,Smoke & Air Quality,majority
1655289453160861696,FvjD8__aQAAxcf4,Political,Political,Political,Political,full
1655289453160861696,FvjD7-VaUAEkXtJ,Political,Political,Political,Political,full
1655288446569840640,FvjDK2TakAECYxg,Advertisement,Advertisement,Advertisement,Advertisement,full
1655287813930385408,FvjCSW4agAAsT7R,Political,Political,Political,Political,full
1655287813930385408,FvjCUFkaUAAXtvW,Political,Political,Political,Political,full
1655287813930385408,FvjCU_6aIAEuLoQ,Political,Political,Political,Political,full
1655286428119760896,FvjCJJmaIAAqGnM,Warnings & Status Updates,Warnings & Status Updates,General Information,Warnings & Status Updates,majority
1655285791470522368,Fvi_rwZaIAAuxU7,Political,Political,Political,Political,full
1655285127906496512,Fvi__dEacAAi23E,Political,Warnings & Status Updates,General Information,Political,none
1655281884254052352,Fvi-GbTacAEXaka,Political,Political,Political,Political,full
1655281281410928640,Fvi9O8KagAAIwLD,Warnings & Status Updates,Support,Warnings & Status Updates,Warnings & Status Updates,majority
1655273825335136256,Fvi2xUtagAAYypS,Political,Political,Political,Political,full
1655273825335136256,Fvi2xUraIAAQvwt,Political,Political,Political,Political,full
1655271870927900672,Fvi0_SZacAEz36b,Political,Political,Political,Political,full
1655271870927900672,Fvi0_e7aIAAi7_K,Political,Political,Political,Political,full
1655271870927900672,Fvi0_qaaYAIORRc,Political,Political,Political,Political,full
1655271390776360960,FvivmyJWwAU4Vj4,Advertisement,Advertisement,Advertisement,Advertisement,full
1655271390776360960,Fvivrm4XwAM1r8k,Advertisement,Advertisement,Advertisement,Advertisement,full
1655271390776360960,FvivhsgXgAIzvQq,Advertisement,Advertisement,Advertisement,Advertisement,full
1655271390776360960,FvivY7-WwAMd2Ov,Advertisement,Advertisement,Advertisement,Advertisement,full
1655270473058627584,Fvizt6GaAAEKXCk,General Information,General Information,Preparedness,General Information,majority
1655269926964449280,Fviy_fGacAAc2eq,Evacuees,Evacuees,Support,Evacuees,majority
1655267567316107264,Fviwq7OacAA0F4V,Evacuees,Evacuees,Evacuees,Evacuees,full
1655264187910610944,Fvit_YOWYAEyH6s,Smoke & Air Quality,Smoke & Air Quality,Smoke & Air Quality,Smoke & Air Quality,full
1655264187910610944,Fvit_YOWwAEwKll,Other,Smoke & Air Quality,Smoke & Air Quality,Smoke & Air Quality,majority
1655261214396522496,FvirSjEX0AIT9I3,Insurance,Insurance,Insurance,Insurance,full
1655260946258972672,Fviq_BuWAAEnUvV,Insurance,Insurance,Insurance,Insurance,full
1655258948013002752,Fvio82BaQAATNva,Political,Political,Political,Political,full
1655256190283321344,FvimhN2aQAA9rzH,Warnings & Status Updates,Warnings & Status Updates,Reports of Actions of Responders,Warnings & Status Updates,majority
1655256172256178176,Fvimt3KaAAIw4yB,Warnings & Status Updates,Smoke & Air Quality,Warnings & Status Updates,Warnings & Status Updates,majority
1655256172256178176,FvimtleaIAAsNss,Warnings & Status Updates,Smoke & Air Quality,Warnings & Status Updates,Warnings & Status Updates,majority
1655253850947833856,Fvij4D3WIAE5nI-,Smoke & Air Quality,Weather Reports,Smoke & Air Quality,Smoke & Air Quality,majority
1655253394247008256,FvijusracAAywaB,Smoke & Air Quality,Weather Reports,Smoke & Air Quality,Smoke & Air Quality,majority
1655252716833357824,FvijkvaagAAyA51,Political,Political,Political,Political,full
1655252000152625152,Fvii7B_aMAIyZeh,Political,Political,Political,Political,full
1655250704066580480,FvihvhlaQAAp09s,Warnings & Status Updates,General Information,Warnings & Status Updates,Warnings & Status Updates,majority
1655248309077045248,FvifkH_aIAAJJRb,Political,Political,Political,Political,full
1655246326907686912,FvidbHFWAAMzt2Q,Political,Support,Other,Political,none
1655238460591214592,FviWm9uaAAUxaVC,Other,Other,Reports of Actions of Responders,Other,majority
1655228864795414528,FviN4MdakAAMH5b,Reports of Actions of Responders,Reports of Actions of Responders,Reports of Actions of Responders,Reports of Actions of Responders,full
1655228864795414528,FviN4MZaMAAmy3x,Reports of Actions of Responders,Reports of Actions of Responders,Reports of Actions of Responders,Reports of Actions of Responders,full
1655228844482371584,FviNNK7aYAEk_oZ,Warnings & Status Updates,General Information,Warnings & Status Updates,Warnings & Status Updates,majority
1655228844482371584,FviNRAQaYAAM42m,Warnings & Status Updates,Weather Reports,Warnings & Status Updates,Warnings & Status Updates,majority
1655224777165135872,FviKKTRaMAEzT9s,Other,Support,Other,Other,majority
1655224352932249600,FviJxrYaYAEHtgC,Political,Smoke & Air Quality,Political,Political,majority
1655224352932249600,FviJxrSaUAAGTd4,Political,Political,Political,Political,full
1655224352932249600,FviJxrRaUAEhgqM,Political,Political,Political,Political,full
1655218964488949760,FviE203XwAAj2Ov,Political,Political,Political,Political,full
1655217455130882048,FviDgOqaUAU-DCm,Evacuees,Evacuees,Support,Evacuees,majority
1655212030570430464,Fvh-kaEagAEL5Np,Smoke & Air Quality,Weather Reports,Smoke & Air Quality,Smoke & Air Quality,majority
1655212030570430464,Fvh-kaLacAA5wwu,Smoke & Air Quality,Weather Reports,Smoke & Air Quality,Smoke & Air Quality,majority
1655209983372570624,Fvh8OgjaIAAihu3,Warnings & Status Updates,Warnings & Status Updates,Warnings & Status Updates,Warnings & Status Updates,full
1655209983372570624,Fvh8OgmaQAMASmw,Warnings & Status Updates,Warnings & Status Updates,Warnings & Status Updates,Warnings & Status Updates,full
1655209983372570624,Fvh8OglakAABXhc,Warnings & Status Updates,Warnings & Status Updates,Warnings & Status Updates,Warnings & Status Updates,full
1655208354787262464,Fvh7KWlaIAcoTHT,Preparedness,Preparedness,Preparedness,Preparedness,full
1655203242031165440,Fvh1QTNX0AAEXbi,Political,Warnings & Status Updates,General Information,Political,none
1655200982920474624,Fvh0g81aQAEQ-tw,Political,Political,Political,Political,full
1655200982920474624,Fvh0hOTaQAIB60s,Political,Political,Political,Political,full
1655200982920474624,Fvh0hb_aMAIZ2N8,Political,Political,Political,Political,full
1655200573371867136,FvhukM2acAEccTk,Advertisement,Advertisement,Advertisement,Advertisement,full
1655197338712014848,FvhxNAUaEAEjNT_,Weather Reports,Smoke & Air Quality,Weather Reports,Weather Reports,majority
1655197338712014848,FvhxNASakAYZP7Y,Weather Reports,Weather Reports,Weather Reports,Weather Reports,full
1655196467433447424,FvhwaZyaQAEh2Tt,Warnings & Status Updates,Weather Reports,Warnings & Status Updates,Warnings & Status Updates,majority
1655195792075005952,FvhusM0aMAEl-dy,Warnings & Status Updates,Warnings & Status Updates,General Information,Warnings & Status Updates,majority
1655194547196944384,FvhtzfTXwAEbt0k,Weather Reports,Weather Reports,Weather Reports,Weather Reports,full
1655194547196944384,FvhtyyJXwAIOlgC,Weather Reports,Weather Reports,Weather Reports,Weather Reports,full
1655194547196944384,Fvht1qyXgAA_mjP,General Information,Warnings & Status Updates,General Information,General Information,majority
1655194547196944384,Fvhtx8FWwAEzP-l,Weather Reports,Weather Reports,Weather Reports,Weather Reports,full
1655188043496833024,FvhowDMaEAM15M0,Advertisement,Advertisement,Advertisement,Advertisement,full
1655185047945875456,FvhmBxeagAIg1WN,Political,Political,Political,Political,full
1655175176374587392,FvhdDKiaIAE1Nvr,Preparedness,Evacuees,Support,Preparedness,none
1655175176374587392,FvhdDKkaMAE1KyM,Preparedness,Evacuees,Support,Preparedness,none
1655164245150150656,FvhTG-_akAAJSi7,Advertisement,Advertisement,Advertisement,Advertisement,full
1655163581892292608,FvhSgWHaAAATRah,Advertisement,Advertisement,Advertisement,Advertisement,full
1655148000078098432,FvhBotlaMAE1XfZ,Advertisement,Advertisement,Advertisement,Advertisement,full
1655147461714014208,FvhD2EMaUAE--s7,Weather Reports,Other,Weather Reports,Weather Reports,majority
1655116385671069696,Fvgmza3aQAE2Da7,Advertisement,Advertisement,Advertisement,Advertisement,full
1655116385671069696,Fvgmza3aMAAv5ec,Advertisement,Advertisement,Advertisement,Advertisement,full
1655116385671069696,Fvgmza1aYAEdABl,Advertisement,Advertisement,Advertisement,Advertisement,full
1655116385671069696,Fvgm4jwaUAAYI7j,Advertisement,Advertisement,Advertisement,Advertisement,full
1655113588586205184,FvglBQzaUAEYuvW,Warnings & Status Updates,Warnings & Status Updates,Evacuees,Warnings & Status Updates,majority
1655113278899486720,FvgkwMPWwAMQfHg,Other,Other,Other,Other,full
1655113278899486720,FvgkwbbXwAA-FRb,Other,Other,Other,Other,full
1655102988313321472,FvgbEHLaQAIp7ZI,Advertisement,Advertisement,Advertisement,Advertisement,full
1655099520546648064,FvgQodEaYAEnMYt,Advertisement,Advertisement,Advertisement,Advertisement,full
1655075562967400448,FvgCYzfaQAEe4_M,Political,Political,Political,Political,full
1655075353432584192,FvgCQF5aMAASdTg,Evacuees,Evacuees,Preparedness,Evacuees,majority
1655075353432584192,FvgCQF0aQAAP3jc,Evacuees,Evacuees,Warnings & Status Updates,Evacuees,majority
1655072514534670336,Fvf_rgBacAAttxb,Political,Political,Other,Political,majority
1655067992693297152,Fvf6t1iaAAABjDQ,Evacuees,Smoke & Air Quality,Evacuees,Evacuees,majority
1655067478559690752,Fvf7Gd2aAAAT1Dd,Political,Political,Political,Political,full
1655061542692618240,Fvf1Ns0aYAETee3,Evacuees,Evacuees,Evacuees,Evacuees,full
1655053668444676096,FvfuhBqaEAIDxZP,Other,Smoke & Air Quality,Other,Other,majority
1655046066528718848,FvfnoELaQAExmKd,Smoke & Air Quality,Preparedness,Preparedness,Preparedness,majority
1655043443767508992,FvflPYeaUAIwp82,Political,Political,Political,Political,full
1655041509778132992,FvfieWVaQAAcSiZ,Advertisement,Advertisement,Advertisement,Advertisement,full
1655040447490797568,Fvfig0PaYAEcZhf,Smoke & Air Quality,Smoke & Air Quality,Smoke & Air Quality,Smoke & Air Quality,full
1655040447490797568,Fvfig0MaYAEgfZV,Smoke & Air Quality,Smoke & Air Quality,Smoke & Air Quality,Smoke & Air Quality,full
1655039570956922880,FvfhuA0aIAEVj2o,Other,Warnings & Status Updates,Other,Other,majority
1655036117652209664,Fvfek58akAIE3xd,Smoke & Air Quality,Smoke & Air Quality,Smoke & Air Quality,Smoke & Air Quality,full
1655033619532922880,FvfcRRnXwAEqrcg,Infrastructure,Infrastructure,Infrastructure,Infrastructure,full
1655033619532922880,FvfcQDbXwAEaU5c,Reports of Actions of Responders,Infrastructure,Infrastructure,Infrastructure,majority
1655033619532922880,FvfcO1xXoAIWlAL,Infrastructure,Infrastructure,Reports of Actions of Responders,Infrastructure,majority
1655033619532922880,FvfcSfrX0AIVinC,Infrastructure,Infrastructure,Infrastructure,Infrastructure,full
1655033492869373952,FvfcCU3aUAEjYfV,Warnings & Status Updates,Warnings & Status Updates,Warnings & Status Updates,Warnings & Status Updates,full
1655030799501066240,FvfZr0tXsAA96fk,Smoke & Air Quality,Smoke & Air Quality,Smoke & Air Quality,Smoke & Air Quality,full
1655027246099464192,FvfWgklaYAACdnj,Warnings & Status Updates,Warnings & Status Updates,Warnings & Status Updates,Warnings & Status Updates,full
1655026932386508800,FvfWOTiaYAAE73e,Political,Political,Support,Political,majority
1655026018556723200,FvfTfdaaAAEIjsV,Political,Political,Political,Political,full
1655022594746388480,FvfSRzhaIAAD9pU,Warnings & Status Updates,Smoke & Air Quality,Warnings & Status Updates,Warnings & Status Updates,majority
1655022184828637184,FvfR56uakAADMfd,Evacuees,Evacuees,Evacuees,Evacuees,full
1655022184828637184,FvfR56uaUAAFpAK,Evacuees,Evacuees,Evacuees,Evacuees,full
1655022184828637184,FvfR56qaQAA0Jkf,Evacuees,Evacuees,Evacuees,Evacuees,full
1655022145406390272,FvfR3dKaIAMDQ8J,Evacuees,General Information,Support,Evacuees,none
1655020759574790144,FvfQnAkaAAE-sH4,Evacuees,Warnings & Status Updates,Evacuees,Evacuees,majority
1655019961335824384,FvfP4DSaQAAR4zP,Warnings & Status Updates,Warnings & Status Updates,Evacuees,Warnings & Status Updates,majority
1655019961335824384,FvfP3btaQAEhIPU,Warnings & Status Updates,Warnings & Status Updates,Evacuees,Warnings & Status Updates,majority
1655019961335824384,FvfP4YKaYAAvGX6,Warnings & Status Updates,Warnings & Status Updates,Evacuees,Warnings & Status Updates,majority
1655019961335824384,FvfP3w4aQAAIIKD,Warnings & Status Updates,Warnings & Status Updates,Evacuees,Warnings & Status Updates,majority
1655019864657133570,FvfPy80aEAA2sOH,Political,Political,Political,Political,full
1655018560056627200,FvfOmeLaYAE3mfn,Political,Support,Political,Political,majority
1655018560056627200,FvfOmstaIAI70Az,Political,Support,Political,Political,majority
1655018560056627200,FvfOm8vaAAA5Vum,Political,Support,Political,Political,majority
1655018084305096704,FvfOLLeakAAxcYq,Other,Warnings & Status Updates,Warnings & Status Updates,Warnings & Status Updates,majority
1655018084305096704,FvfOLW8aAAE_Xd2,Warnings & Status Updates,Warnings & Status Updates,Warnings & Status Updates,Warnings & Status Updates,full
1655018014033727488,FvfOHBtaEAA-qMj,Evacuees,General Information,Support,Evacuees,none
1655017675171713024,FvfNzedaYAAVNDH,Warnings & Status Updates,Warnings & Status Updates,Warnings & Status Updates,Warnings & Status Updates,full
1655017655361732608,FvfNx4tXgAA7FAM,Smoke & Air Quality,Smoke & Air Quality,Smoke & Air Quality,Smoke & Air Quality,full
1655015253468381184,FvfF2iLXsAANf2w,Other,Advertisement,Political,Other,none
1655015253468381184,FvfF2iMWcAA1m9W,Warnings & Status Updates,Advertisement,Political,Warnings & Status Updates,none
1655014636947935232,FvfK9LiacAAWyYs,Warnings & Status Updates,Warnings & Status Updates,Warnings & Status Updates,Warnings & Status Updates,full
1655010765093625856,FvfHMnjacAAOKbR,Warnings & Status Updates,Warnings & Status Updates,Warnings & Status Updates,Warnings & Status Updates,full
1655010106411548672,FvfG67kakAIvx74,Political,Political,Political,Political,full
1655008706390790144,FvfEgvJaEAED-bZ,Political,Political,Political,Political,full
1655008706390790144,FvfE0XWakAA3ZdI,Political,Political,Political,Political,full
1655008300336033792,Fve_nFbaUAEOgVJ,Infrastructure,Infrastructure,Infrastructure,Infrastructure,full
1655008300336033792,Fve_gFFacAEPMfP,Infrastructure,Infrastructure,Infrastructure,Infrastructure,full
1655008166625828864,FvfFJ0hWwAQrJ72,Smoke & Air Quality,Smoke & Air Quality,Smoke & Air Quality,Smoke & Air Quality,full
1655007080418521088,FvfEKupaUAENWVz,Political,Political,Political,Political,full
1655006064495181824,FvfDKtVaMAEOpBF,Political,Political,Political,Political,full
1655005600680660992,FvfC0p6aUAAi9I9,Infrastructure,Infrastructure,Infrastructure,Infrastructure,full
1655005225898614784,FvfCeUzagAAVcbp,Evacuees,Smoke & Air Quality,Warnings & Status Updates,Evacuees,none
1655004294192693248,FvfAwJEaEAAkIv0,Political,Political,Political,Political,full
1655001271995179008,Fve-4LgXwAAzMh4,Smoke & Air Quality,Smoke & Air Quality,Smoke & Air Quality,Smoke & Air Quality,full
1655000489535361024,Fve-K88aEAAlyki,Warnings & Status Updates,Reports of Actions of Responders,Reports of Actions of Responders,Reports of Actions of Responders,majority
1654996368786853888,Fve6bNRaAAAJTS2,Weather Reports,Weather Reports,Weather Reports,Weather Reports,full
1654994728079839232,Fve43MlXwAAqgp1,Insurance,Insurance,Insurance,Insurance,full
1654993194294341632,Fve3iaKaAAAw4zt,Warnings & Status Updates,Political,Warnings & Status Updates,Warnings & Status Updates,majority
1654990278682615808,Fve04sdaUAAJ6c4,Smoke & Air Quality,Smoke & Air Quality,Other,Smoke & Air Quality,majority
1654987581548027904,FveyblhaIAI0Dvk,Political,Political,Political,Political,full
1654987581548027904,FveybX4aMAEw9Lb,Political,Political,Political,Political,full
1654987581548027904,FveybySaQAATuYo,Political,Political,Political,Political,full
1654987084686577664,Fvex-3MaUAAUt22,Warnings & Status Updates,Warnings & Status Updates,Warnings & Status Updates,Warnings & Status Updates,full
1654983450473160704,FveurOSaMAAhRom,Warnings & Status Updates,Warnings & Status Updates,Warnings & Status Updates,Warnings & Status Updates,full
1654983228745457664,FveuVymaYAAvJih,Warnings & Status Updates,Smoke & Air Quality,Smoke & Air Quality,Smoke & Air Quality,majority
1654983151150673920,FveuZnfWYAIcNrv,Political,Political,Political,Political,full
1654983151150673920,FveuZniXwAElfF2,Political,Political,Political,Political,full
1654983151150673920,FveuZnfWYAMghUz,Political,Political,Political,Political,full
1654980228983451648,FveqcQcaYAA0N5q,Political,Political,Support,Political,majority
1654980228983451648,FveqSZ2aMAAZql2,Political,Political,Evacuees,Political,majority
1654980228983451648,FverXUnaUAEIo6Q,Political,Political,Evacuees,Political,majority
1654974181673697280,FvemPy3agAA2S4p,Political,Political,Political,Political,full
1654974112480247808,FvemLrcacAAxtI5,Evacuees,Warnings & Status Updates,Evacuees,Evacuees,majority
1654972940906291200,FvelHduaYAA9_cB,Other,Smoke & Air Quality,Support,Other,none
1654970187102441472,FveinY0aYAAYQqi,Smoke & Air Quality,Smoke & Air Quality,Other,Smoke & Air Quality,majority
1654964837175406592,Fvedv5zakAA5FaA,Weather Reports,Evacuees,Weather Reports,Weather Reports,majority
1654963877879361536,FvecmuxagAA_5Qb,Warnings & Status Updates,Warnings & Status Updates,Political,Warnings & Status Updates,majority
1654961917763416064,FvebGBZWAAUMfHY,Warnings & Status Updates,Warnings & Status Updates,Warnings & Status Updates,Warnings & Status Updates,full
1654961011152044032,FveY0jkWAAA_rG9,Other,Smoke & Air Quality,Smoke & Air Quality,Smoke & Air Quality,majority
1654960389082456064,FveZs49aMAEynCA,Smoke & Air Quality,Smoke & Air Quality,Smoke & Air Quality,Smoke & Air Quality,full
1654960389082456064,FveZs4_aAAAq_fH,Smoke & Air Quality,Smoke & Air Quality,Smoke & Air Quality,Smoke & Air Quality,full
1654960389082456064,FveZs4_akAUDgSd,Smoke & Air Quality,Smoke & Air Quality,Smoke & Air Quality,Smoke & Air Quality,full
1654960389082456064,FveZs47aUAAj-kV,Smoke & Air Quality,Smoke & Air Quality,Smoke & Air Quality,Smoke & Air Quality,full
1654959436979650560,FveYJ-7aQAAR0wK,Smoke & Air Quality,Smoke & Air Quality,Warnings & Status Updates,Smoke & Air Quality,majority
1654958116243374080,FveXevgWAAAu1xI,Infrastructure,Infrastructure,Infrastructure,Infrastructure,full
1654956273925001216,FveV9XmaUAAXW_m,Political,Political,Political,Political,full
1654955722168479744,FveVdVaaIAA8MOL,Political,Smoke & Air Quality,Political,Political,majority
1654954918480846848,FveUueSX0AE-7d0,Smoke & Air Quality,Smoke & Air Quality,Smoke & Air Quality,Smoke & Air Quality,full
1654954854442491904,FveUqjAaEAA69rI,Political,Political,Political,Political,full
1654952664529006592,FveSrONWYAAJj9G,Infrastructure,Warnings & Status Updates,Reports of Actions of Responders,Infrastructure,none
1654951342878908416,FveQuULakAEGPw_,Political,Political,Political,Political,full
1654951342878908416,FveQxVvacAApF3R,Political,Political,Political,Political,full
1654951342878908416,FveQpB8agAACHFj,Political,Political,Political,Political,full
1654951342878908416,FveQv4DaQAACr7z,Political,Political,Political,Political,full
1654950736462053376,FveQ24FXsAY91CQ,Warnings & Status Updates,Warnings & Status Updates,General Information,Warnings & Status Updates,majority
1654950160227782656,FveQDXnaUAYY2PL,Other,Other,Other,Other,full
1654949644009340928,FveP7YyWAAAD0tm,Reports of Actions of Responders,Support,Reports of Actions of Responders,Reports of Actions of Responders,majority
1654948473337430016,FveO3SqaUAA1XzH,Evacuees,Evacuees,Warnings & Status Updates,Evacuees,majority
1654946507823407104,FveNE0oaAAACLfn,Other,Other,Smoke & Air Quality,Other,majority
1654946507823407104,FveNDfGaAAAJoG2,Other,Other,Other,Other,full
1654946469487468544,FveMCBBWAAM6RYK,Warnings & Status Updates,Warnings & Status Updates,Warnings & Status Updates,Warnings & Status Updates,full
1654945360706686976,FveMCKlacAA9xSl,Weather Reports,Weather Reports,Weather Reports,Weather Reports,full
1654944234221477888,FveLAu_acAAJyek,Warnings & Status Updates,Weather Reports,Warnings & Status Updates,Warnings & Status Updates,majority
1654939601331429376,FveGWHFWIAAXUQL,Warnings & Status Updates,Evacuees,Evacuees,Evacuees,majority
1654938834805886976,FveFhwVaUAAP2qM,Evacuees,Support,Evacuees,Evacuees,majority
1654938834805886976,FveFhwTakAAVgos,Other,Support,Evacuees,Other,none
1654938420567998464,FveFuSzaYAAcPO6,Preparedness,Preparedness,Preparedness,Preparedness,full
1654935379433119744,FveC9CXWcAcoINb,Infrastructure,Infrastructure,Warnings & Status Updates,Infrastructure,majority
1654935379433119744,FveC9CYX0AQj9eD,Infrastructure,Infrastructure,Warnings & Status Updates,Infrastructure,majority
1654935379433119744,FveC9CXXsAAv9Xc,Infrastructure,Infrastructure,Warnings & Status Updates,Infrastructure,majority
1654934257997955072,FveBmi-WAAAfJiB,Evacuees,Evacuees,Evacuees,Evacuees,full
1654933338715504640,FveBDxeWAAER7VG,Evacuees,Evacuees,Preparedness,Evacuees,majority
1654933324362653696,FveBFsVWAAAlj0f,Evacuees,Warnings & Status Updates,Warnings & Status Updates,Warnings & Status Updates,majority
1654930549318754304,Fvd-j9AX0AQOkIh,Smoke & Air Quality,Smoke & Air Quality,Smoke & Air Quality,Smoke & Air Quality,full
1654929982525968384,Fvd8Vi4aQAALkjq,Advertisement,Advertisement,Advertisement,Advertisement,full
1654929342529675264,Fvd9d6uagAAbbHA,Political,Political,Political,Political,full
1654925031921836032,Fvd5jATacAASzq2,Other,Other,Other,Other,full
1654923948243468288,Fvd4HX8X0AM4Gll,General Information,General Information,Preparedness,General Information,majority
1654923013673074688,Fvd3tcqaQAA-Gu4,Evacuees,Evacuees,Evacuees,Evacuees,full
1654921662989758464,Fvd1nDOaQAEsq2w,Political,Political,Warnings & Status Updates,Political,majority
1654919621844283392,Fvd0n8OaAAAjtoJ,Political,Smoke & Air Quality,Political,Political,majority
1654918031632654336,FvdzJ4xaMAU7-qR,Other,Smoke & Air Quality,Warnings & Status Updates,Other,none
1654917826002694144,Fvdx-1jaEAMCSB4,Smoke & Air Quality,Smoke & Air Quality,Warnings & Status Updates,Smoke & Air Quality,majority
1654915413627789312,FvdwuJHaAAEkazh,Evacuees,Evacuees,Evacuees,Evacuees,full
1654914863662260224,FvdwTA2aUAA5jvK,Political,Political,Political,Political,full
1654914468709810176,Fvdv8A-aYAE9Ghg,Evacuees,Evacuees,Evacuees,Evacuees,full
1654914373209694208,Fvdv2STaUAE2GeY,Weather Reports,Warnings & Status Updates,Weather Reports,Weather Reports,majority
1654911423561232384,FvdtGaoagAAppks,Political,Political,Political,Political,full
1654909998596784128,Fvdr3shXsAERm7v,Political,Political,Political,Political,full
1654909481187414016,FvdrZtcakAAQj2t,Political,Political,Political,Political,full
1654908773876797440,Fvdqwg_agAA75KH,Warnings & Status Updates,Weather Reports,Warnings & Status Updates,Warnings & Status Updates,majority
1654906765677322240,FvdZPcHX0AEaiKT,General Information,Smoke & Air Quality,Other,General Information,none
1654906344980500480,FvdojRiakAEgNpj,Reports of Actions of Responders,Reports of Actions of Responders,Reports of Actions of Responders,Reports of Actions of Responders,full
1654901813123096576,FvdkLTuaEAAEXWL,Other,Weather Reports,Warnings & Status Updates,Other,none
1654899464132513792,FvdiGLMaAAIf_fl,Preparedness,Evacuees,Preparedness,Preparedness,majority
1654895372739973123,FvdekdeacAElH99,Political,Political,Political,Political,full
1654895294881095680,Fvdef5fagAAAw_a,Evacuees,Evacuees,Evacuees,Evacuees,full
1654893828082368512,FvddKpmX0AMv8dP,Warnings & Status Updates,Evacuees,Evacuees,Evacuees,majority
1654892907663327232,FvdcU8XXoAAQAmn,Support,Reports of Actions of Responders,Reports of Actions of Responders,Reports of Actions of Responders,majority
1654892716432703488,FvdcG2eaUAELg_1,Weather Reports,Warnings & Status Updates,Warnings & Status Updates,Warnings & Status Updates,majority
1654890341655539712,FvdZ_vqaUAA1QkZ,General Information,General Information,General Information,General Information,full
1654889263287382016,FvdYuSBaMAEcybJ,Warnings & Status Updates,Warnings & Status Updates,Warnings & Status Updates,Warnings & Status Updates,full
1654888722138279936,FvdYhcLaEAAwEny,Other,Support,Other,Other,majority
1654887455118458880,FvdXXt1XoAAfOBn,Warnings & Status Updates,General Information,Warnings & Status Updates,Warnings & Status Updates,majority
1654887138968875008,FvdXFQ9aQAEpPjr,Warnings & Status Updates,Warnings & Status Updates,Political,Warnings & Status Updates,majority
1654886318676008960,FvdWVinXwAQh2O7,Evacuees,Evacuees,Evacuees,Evacuees,full
1654884684114059264,FvdU2ZaaYAI_aOK,Other,Warnings & Status Updates,Warnings & Status Updates,Warnings & Status Updates,majority
1654884371722297344,FvdUkMMaQAMYxo0,Reports of Actions of Responders,Smoke & Air Quality,Infrastructure,Reports of Actions of Responders,none
1654884371722297344,FvdUkMRaUAAgi_c,Reports of Actions of Responders,Smoke & Air Quality,Infrastructure,Reports of Actions of Responders,none
1654883376053256192,FvdTqNbaQAArfZx,Support,Preparedness,Preparedness,Preparedness,majority
1654879904260059136,FvdQgDhaAAEe9uk,Smoke & Air Quality,Smoke & Air Quality,Smoke & Air Quality,Smoke & Air Quality,full
1654878944972390400,FvdPoWDakAAWQws,Other,Smoke & Air Quality,Weather Reports,Other,none
1654876131882074112,FvdNEcJaIAAzC_R,Smoke & Air Quality,Smoke & Air Quality,Smoke & Air Quality,Smoke & Air Quality,full
1654875912666775552,FvdMxDHakAYdnvW,Other,Political,Other,Other,majority
1654875912666775552,FvdMxC1aMAEtSh5,Other,Political,Other,Other,majority
1654875625356931072,FvdMVqjaQAIw2__,Other,Political,Other,Other,majority
1654875625356931072,FvdLvRgaMAMi-4B,Other,Political,Other,Other,majority
1654874845627416576,FvdL5rjaYAIIKgg,Reports of Actions of Responders,Smoke & Air Quality,Reports of Actions of Responders,Reports of Actions of Responders,majority
1654873877816958976,FvdLACHagAAq21y,General Information,Political,General Information,General Information,majority
1654873567585267712,FvdKuM-aYAA6TmP,Evacuees,Warnings & Status Updates,Evacuees,Evacuees,majority
1654873140240187392,FvdKTbeaEAMQlF4,Warnings & Status Updates,Warnings & Status Updates,Evacuees,Warnings & Status Updates,majority
1654872885348139008,FvdKHqTacAIAP-W,Political,Political,Political,Political,full
1654872546700058624,FvdJzzAaMAEN_kr,Smoke & Air Quality,Smoke & Air Quality,Other,Smoke & Air Quality,majority
1654871919177654272,FvdJPQxaIAMUHNS,Political,Political,Political,Political,full
1654871919177654272,FvdJPaBaQAEAl0F,Political,Political,Political,Political,full
1654871479698456576,FvdI1qRaIAE1xA1,Smoke & Air Quality,Weather Reports,Smoke & Air Quality,Smoke & Air Quality,majority
1654870841367359488,FvdIQhUaUAAAX4M,Political,Political,Political,Political,full
1654870841367359488,FvdIQhPaIAcRFQt,Other,Political,Political,Political,majority
1654870841367359488,FvdIQhPaYAAsS65,Other,Political,Political,Political,majority
1654870841367359488,FvdIQhRaAAIAMLN,Other,Political,Political,Political,majority
1654867371847475200,FvdFGehaQAIJIYR,Other,Smoke & Air Quality,Other,Other,majority
1654867371847475200,FvdFGejaUAEshp5,Smoke & Air Quality,Smoke & Air Quality,Other,Smoke & Air Quality,majority
1654862869824159744,FvdAMjoakAAq4iF,Other,Other,Other,Other,full
1654862204360101888,Fvc_1-UaMAMbvJe,Advertisement,Advertisement,Advertisement,Advertisement,full
1654860455654076416,Fvc-Yl_agAAEMRG,Political,Political,Political,Political,full
1654860040459943936,Fvc-b_LaIAE65rk,Evacuees,Warnings & Status Updates,Evacuees,Evacuees,majority
1654857909036265472,Fvc8JsAaMAE1zpv,Evacuees,Evacuees,Support,Evacuees,majority
1654857427249164288,Fvc8DxTakAAghmm,Other,Smoke & Air Quality,Other,Other,majority
1654855709081894912,Fvc6f0NagAEuBJh,Other,Support,Other,Other,majority
1654855461139783680,Fvc6RPKaYAANU7s,Evacuees,Evacuees,Support,Evacuees,majority
1654855138149007360,Fvc57vJaIAAd66n,Weather Reports,Smoke & Air Quality,Weather Reports,Weather Reports,majority
1654854277729488896,Fvc5MZRaUAMXLVU,Warnings & Status Updates,Weather Reports,Warnings & Status Updates,Warnings & Status Updates,majority
1654853053256966144,Fvc4FTaaMAAo7xN,Other,Smoke & Air Quality,Warnings & Status Updates,Other,none
1654852833794232320,Fvc34gSaIAAXlHG,Other,Smoke & Air Quality,Smoke & Air Quality,Smoke & Air Quality,majority
1654851030008594432,Fvc2PbnaEAEwOtZ,Smoke & Air Quality,Smoke & Air Quality,Smoke & Air Quality,Smoke & Air Quality,full
1654851001353125888,Fvc2NvFaUAIkKPq,Other,Support,Other,Other,majority
1654846936711823360,FvcyhI6agAE_Bqg,Political,Political,Political,Political,full
1654843304239067136,Fvcu7wIacAEdehV,General Information,General Information,General Information,General Information,full
1654841172249169920,FvctRpbakAIgdUq,Warnings & Status Updates,Warnings & Status Updates,Warnings & Status Updates,Warnings & Status Updates,full
1654830711566893056,Fvcjwn8agAUvIB3,Evacuees,Smoke & Air Quality,Smoke & Air Quality,Smoke & Air Quality,majority
1654830711566893056,FvcjvghaIAATSU7,Infrastructure,Smoke & Air Quality,Smoke & Air Quality,Smoke & Air Quality,majority
1654829098953211904,FvciSKeWYAIklpR,Smoke & Air Quality,Smoke & Air Quality,Smoke & Air Quality,Smoke & Air Quality,full
1654820853408825344,FvcacBKXsAENAzO,Smoke & Air Quality,Smoke & Air Quality,Smoke & Air Quality,Smoke & Air Quality,full
1654819164085682176,FvcZCQ3WIAEGS3r,Smoke & Air Quality,Smoke & Air Quality,Smoke & Air Quality,Smoke & Air Quality,full
1654819164085682176,FvcZDlAWAAEkWSI,Smoke & Air Quality,Smoke & Air Quality,Smoke & Air Quality,Smoke & Air Quality,full
1654819164085682176,FvcZBnaWIAQcvYk,Smoke & Air Quality,Smoke & Air Quality,Smoke & Air Quality,Smoke & Air Quality,full
1654819164085682176,FvcZC7qWwAAas7q,Warnings & Status Updates,Smoke & Air Quality,Smoke & Air Quality,Smoke & Air Quality,majority
1654809727547899904,FvcQrUlaQAEc-F3,Other,Smoke & Air Quality,Other,Other,majority
1654804194728243200,FvcLpNeaQAAabc9,General Information,Warnings & Status Updates,Warnings & Status Updates,Warnings & Status Updates,majority
1654765765709676544,FvbosQJaYAEEnKg,Political,Warnings & Status Updates,Political,Political,majority
1654765765709676544,FvbosQDakAQuJ4a,Political,General Information,Political,Political,majority
1654765765709676544,FvbosQEaEAEDazH,Political,General Information,Political,Political,majority
1654749284838031360,FvbZjjQacAAI7T7,Smoke & Air Quality,Smoke & Air Quality,Warnings & Status Updates,Smoke & Air Quality,majority
1654749284838031360,FvbZbDkacAEHE_v,Warnings & Status Updates,Smoke & Air Quality,Warnings & Status Updates,Warnings & Status Updates,majority
1654749284838031360,FvbZhr2aMAMigeP,Warnings & Status Updates,Smoke & Air Quality,Warnings & Status Updates,Warnings & Status Updates,majority
1654749284838031360,FvbZiuOakAAXz-D,Warnings & Status Updates,Smoke & Air Quality,Warnings & Status Updates,Warnings & Status Updates,majority
1654744094009339904,FvbU-EDaEAA8auB,Political,Support,Other,Political,none
1654741280155643904,FvbSbNRacAAsq6g,Other,Smoke & Air Quality,Warnings & Status Updates,Other,none
1654741064304181248,FvbRw_TaAAARd1I,Smoke & Air Quality,Weather Reports,Smoke & Air Quality,Smoke & Air Quality,majority
1654737935298887680,FvbPKd9aEAAlSLL,Smoke & Air Quality,Smoke & Air Quality,Smoke & Air Quality,Smoke & Air Quality,full
1654737935298887680,FvbPKeDaMAAYptg,Smoke & Air Quality,Smoke & Air Quality,Smoke & Air Quality,Smoke & Air Quality,full
1654737935298887680,FvbPKeAaMAExLp6,Smoke & Air Quality,Smoke & Air Quality,Smoke & Air Quality,Smoke & Air Quality,full
1654737935298887680,FvbPKeBaAAUzP1f,Smoke & Air Quality,Smoke & Air Quality,Smoke & Air Quality,Smoke & Air Quality,full
1654736367031828480,FvbNzraaIAI63oZ,Evacuees,Evacuees,Evacuees,Evacuees,full
1654730302877745152,FvbIcMLaMAE1fp5,Weather Reports,Weather Reports,Weather Reports,Weather Reports,full
1654728744546996224,FvbGnRbaYAMFza7,Evacuees,Evacuees,Evacuees,Evacuees,full
1654728613835730944,FvbG5u-akAE6Ons,Evacuees,Evacuees,Evacuees,Evacuees,full
1654728613835730944,FvbG5u8aIAAElDH,Evacuees,Evacuees,Evacuees,Evacuees,full
1654727545718202368,FvbF7nsWAAEu49o,Warnings & Status Updates,Evacuees,Evacuees,Evacuees,majority
1654727485018509312,FvbF4QxaYAAKW_r,Warnings & Status Updates,Warnings & Status Updates,Warnings & Status Updates,Warnings & Status Updates,full
1654727279573082112,FvbFsKNaQAA8dPy,Evacuees,Warnings & Status Updates,Evacuees,Evacuees,majority
1654727279573082112,FvbFsJfaMAEoycC,Evacuees,Evacuees,Evacuees,Evacuees,full
1654727273369702400,FvbFr1VaAAAUvYM,Evacuees,Evacuees,Evacuees,Evacuees,full
1654727273369702400,FvbFr1gaUAUgTj2,Evacuees,Evacuees,Evacuees,Evacuees,full
1654726941797240832,FvbFWg9XwAEQwpg,Weather Reports,Other,Weather Reports,Weather Reports,majority
1654721798586654720,FvbAtK5aUAAkOGl,Smoke & Air Quality,Smoke & Air Quality,Smoke & Air Quality,Smoke & Air Quality,full
1654720669513572352,Fva_rgMaYAAb-D9,Warnings & Status Updates,Warnings & Status Updates,Evacuees,Warnings & Status Updates,majority
1654720002812178432,Fva_ErRaMAAOCGz,Political,Weather Reports,Warnings & Status Updates,Political,none
1654718739294699520,Fva7I-iXwAA-5TT,Warnings & Status Updates,Warnings & Status Updates,Warnings & Status Updates,Warnings & Status Updates,full
1654718601734270976,Fva9zCoaAAAhmGE,Reports of Actions of Responders,Smoke & Air Quality,Smoke & Air Quality,Smoke & Air Quality,majority
1654718147684093952,Fva8LtuaEAAvXXj,Reports of Actions of Responders,Smoke & Air Quality,General Information,Reports of Actions of Responders,none
1654717725300899840,Fva9AK_aMAEwM0S,Political,Political,Political,Political,full
1654717505984765952,Fva8zWpaYAsdvoi,Political,Political,Political,Political,full
1654716955444785152,Fva8TRXakAAtjYV,Weather Reports,Weather Reports,Weather Reports,Weather Reports,full
1654716374646927360,Fva7sGHacAEH0W-,Smoke & Air Quality,Smoke & Air Quality,Smoke & Air Quality,Smoke & Air Quality,full
1654716374646927360,Fva7sGIaEAE07m_,Smoke & Air Quality,Smoke & Air Quality,Smoke & Air Quality,Smoke & Air Quality,full
1654716374646927360,Fva7sGJaAAUkE_H,Smoke & Air Quality,Smoke & Air Quality,Smoke & Air Quality,Smoke & Air Quality,full
1654716109956997120,Fva7h8WWAAE4avd,Other,Smoke & Air Quality,Smoke & Air Quality,Smoke & Air Quality,majority
1654710665662328832,FvazequaYAQIfA6,Advertisement,Advertisement,Advertisement,Advertisement,full
1654709834128986112,Fva10ukaMAEaj7N,Warnings & Status Updates,Smoke & Air Quality,Warnings & Status Updates,Warnings & Status Updates,majority
1654706811918856192,FvazExIakAAtmTV,Other,Political,Other,Other,majority
1654706708013531136,Fvay-WRaQAIeJ0M,Evacuees,Evacuees,Evacuees,Evacuees,full
1654706708013531136,Fvay-WQaAAApG8R,Evacuees,Evacuees,Evacuees,Evacuees,full
1654701844176969728,FvaujslagAA1Wvd,Evacuees,Smoke & Air Quality,Evacuees,Evacuees,majority
1654699649247084544,Fvasjz5aEAAqToJ,Other,Smoke & Air Quality,Warnings & Status Updates,Other,none
1654696057312526336,FvapS2NaEAQORBY,Other,Other,Other,Other,full
1654694329451966464,FvansszWwAAW_gJ,Other,Smoke & Air Quality,Other,Other,majority
1654693605519544320,FvanEGqaYAAXUeu,Warnings & Status Updates,General Information,Warnings & Status Updates,Warnings & Status Updates,majority
1654693567326224384,Fvam9vaaEAELUbb,Warnings & Status Updates,Weather Reports,Warnings & Status Updates,Warnings & Status Updates,majority
1654693567326224384,FvamKONaQAU1IFI,Warnings & Status Updates,Weather Reports,Warnings & Status Updates,Warnings & Status Updates,majority
1654692882622873600,FvamaAnaMAA0w5_,Smoke & Air Quality,Smoke & Air Quality,Other,Smoke & Air Quality,majority
1654692882622873600,FvamaBFaUAAbcP2,Smoke & Air Quality,Smoke & Air Quality,Other,Smoke & Air Quality,majority
1654690726389895168,FvakcXuagAArMow,Preparedness,Preparedness,Preparedness,Preparedness,full
1654690722774401024,FvakcK_agAAI6ZO,Warnings & Status Updates,General Information,Warnings & Status Updates,Warnings & Status Updates,majority
1654689871297130496,FvajqwtaUAAhz1R,Political,Political,Political,Political,full
1654689871297130496,Fvajq4IaIAExH-4,Political,Political,Political,Political,full
1654689829467324416,FvajoZAaYAAjAIW,Other,General Information,Political,Other,none
1654689829467324416,FvajoIBakAEQX_f,Other,General Information,Political,Other,none
1654686820452700160,Fvag0PbaYAAt3PF,Evacuees,Warnings & Status Updates,Evacuees,Evacuees,majority
1654686160990470144,FvagHoUWYAI7kDK,Preparedness,Preparedness,Preparedness,Preparedness,full
1654686136885997568,FvagRbWaIAAnrnw,Smoke & Air Quality,Smoke & Air Quality,Smoke & Air Quality,Smoke & Air Quality,full
1654685434205835264,FvafoghaYAAu_8B,Reports of Actions of Responders,Smoke & Air Quality,Reports of Actions of Responders,Reports of Actions of Responders,majority
1654685086644838400,FvafUKlaAAAQe3S,General Information,Smoke & Air Quality,Other,General Information,none
1654684904091955200,FvafJiMaQAEeJNN,Political,Political,Political,Political,full
1654684311025778688,Fvaem94X0AMGJLM,Smoke & Air Quality,Smoke & Air Quality,Smoke & Air Quality,Smoke & Air Quality,full
1654684311025778688,Fvaem95WIAIo1Oj,Smoke & Air Quality,Smoke & Air Quality,Smoke & Air Quality,Smoke & Air Quality,full
1654683405819469824,FvadyDIaEAALBvB,Reports of Actions of Responders,Reports of Actions of Responders,Reports of Actions of Responders,Reports of Actions of Responders,full
1654683405819469824,FvadyDCagAAhcHv,Reports of Actions of Responders,Reports of Actions of Responders,Reports of Actions of Responders,Reports of Actions of Responders,full
1654683081499099136,FvadfGMacAA0CB4,Warnings & Status Updates,Warnings & Status Updates,Evacuees,Warnings & Status Updates,majority
1654680734026842112,FvabW0NaYAECtHz,Evacuees,Warnings & Status Updates,Evacuees,Evacuees,majority
1654680535539781632,FvabKv2X0AE26fC,Other,Smoke & Air Quality,Warnings & Status Updates,Other,none
1654679458991980544,FvaaMbVacAErcjp,Other,Smoke & Air Quality,Preparedness,Other,none
1654679458991980544,FvaaMbbaAAAzGCC,Evacuees,Weather Reports,Preparedness,Evacuees,none
1654679458991980544,FvaaMbYakAEWkhi,Other,Smoke & Air Quality,Preparedness,Other,none
1654679398161973248,FvaZuzHaYAIqnXg,Warnings & Status Updates,General Information,Warnings & Status Updates,Warnings & Status Updates,majority
1654678901594132480,FvaZsP2aQAAb2Qh,Political,Political,Political,Political,full
1654678688309596160,FvaZfifaQAAho1e,Smoke & Air Quality,Smoke & Air Quality,Warnings & Status Updates,Smoke & Air Quality,majority
1654678688309596160,FvaZfihaUAUIYI4,Smoke & Air Quality,Smoke & Air Quality,Warnings & Status Updates,Smoke & Air Quality,majority
1654678688309596160,FvaZfifaAAACXMQ,Smoke & Air Quality,Smoke & Air Quality,Warnings & Status Updates,Smoke & Air Quality,majority
1654678688309596160,FvaZfieaYAAVowo,Other,Smoke & Air Quality,Warnings & Status Updates,Other,none
1654678536089923584,FvaZWpIakAE2OO9,Other,Smoke & Air Quality,Smoke & Air Quality,Smoke & Air Quality,majority
1654678189661200384,FvaZC2lWAAMRKfe,Smoke & Air Quality,Weather Reports,Smoke & Air Quality,Smoke & Air Quality,majority
1654677728715743232,FvaYnxkaUAASZzf,Infrastructure,Smoke & Air Quality,Smoke & Air Quality,Smoke & Air Quality,majority
1654677085687001088,FvaYCetaIAAtOev,Smoke & Air Quality,Smoke & Air Quality,Smoke & Air Quality,Smoke & Air Quality,full
1654677054280060928,FvaYAraagAMplvj,Smoke & Air Quality,Other,Smoke & Air Quality,Smoke & Air Quality,majority
1654675093413593088,FvaWOaUacAAXQcB,Smoke & Air Quality,Smoke & Air Quality,Smoke & Air Quality,Smoke & Air Quality,full
1654674790077321216,FvaV837aAAA5dNZ,Infrastructure,Evacuees,Warnings & Status Updates,Infrastructure,none
1654674526343680000,FvaVtcWaUAAfh43,Evacuees,Evacuees,Evacuees,Evacuees,full
1654674526343680000,FvaVtcUaEAA1oqw,Evacuees,Evacuees,Evacuees,Evacuees,full
1654672949398601728,FvaURqfaQAAdcY9,Infrastructure,Smoke & Air Quality,Warnings & Status Updates,Infrastructure,none
1654672603204689920,FvaT9inXwAE_Q-k,Warnings & Status Updates,Evacuees,Warnings & Status Updates,Warnings & Status Updates,majority
1654671116118499328,FvaSnH9X0AEqpou,Warnings & Status Updates,Infrastructure,Other,Warnings & Status Updates,none
1654670653088485376,FvaSMA9akAAAzAg,Evacuees,Smoke & Air Quality,Smoke & Air Quality,Smoke & Air Quality,majority
1654669958868267008,FvaRjWpakAAUK7I,Smoke & Air Quality,Smoke & Air Quality,Smoke & Air Quality,Smoke & Air Quality,full
1654669734200381440,FvaRWmbaMAAtPzm,Smoke & Air Quality,Smoke & Air Quality,Smoke & Air Quality,Smoke & Air Quality,full
1654668425938243584,FvaQKagaEAAF_Bh,Evacuees,Evacuees,Evacuees,Evacuees,full
1654668109683494912,FvaP4IgaMAAIKKB,Evacuees,Evacuees,Evacuees,Evacuees,full
1654667555414634496,FvaPXt6agAEKYno,Evacuees,Evacuees,Evacuees,Evacuees,full
1654665313919832064,FvaNVPCaUAAbqa-,Evacuees,Smoke & Air Quality,Evacuees,Evacuees,majority
1654664094480490496,FvaMOKYaAAEKD2N,Smoke & Air Quality,Smoke & Air Quality,Smoke & Air Quality,Smoke & Air Quality,full
1654664094480490496,FvaMOKaakAEF4kn,Smoke & Air Quality,Smoke & Air Quality,Smoke & Air Quality,Smoke & Air Quality,full
1654662676004622336,FvaKog2acAEhl7N,Warnings & Status Updates,Smoke & Air Quality,Warnings & Status Updates,Warnings & Status Updates,majority
1654662676004622336,FvaKog3aQAA8P8S,Warnings & Status Updates,Smoke & Air Quality,Warnings & Status Updates,Warnings & Status Updates,majority
1654662676004622336,FvaKog5aIAADlyd,Warnings & Status Updates,Smoke & Air Quality,Warnings & Status Updates,Warnings & Status Updates,majority
1654662676004622336,FvaKog4acAI9NwK,Warnings & Status Updates,Smoke & Air Quality,Warnings & Status Updates,Warnings & Status Updates,majority
1654662607901724672,FvaK3tDaYAI_TzD,Other,Smoke & Air Quality,Smoke & Air Quality,Smoke & Air Quality,majority
1654661968748314624,FvaKR8wWYAEd315,Smoke & Air Quality,Smoke & Air Quality,Smoke & Air Quality,Smoke & Air Quality,full
1654661968748314624,FvaKSWqWAAA2Dql,Smoke & Air Quality,Smoke & Air Quality,Smoke & Air Quality,Smoke & Air Quality,full
1654661758467080192,FvaKGTbacAIP2J3,Infrastructure,Smoke & Air Quality,Smoke & Air Quality,Smoke & Air Quality,majority
1654660397813886976,FvaH2jgaEAEK3nc,Political,Warnings & Status Updates,Warnings & Status Updates,Warnings & Status Updates,majority
1654660257933668352,FvaIu0rX0AAKSSr,General Information,Smoke & Air Quality,General Information,General Information,majority
1654660032884256768,FvaIh5MaQAEKjRs,Political,Smoke & Air Quality,Evacuees,Political,none
1654657444738629632,FvaGLKKaMAEgDts,Smoke & Air Quality,Smoke & Air Quality,Smoke & Air Quality,Smoke & Air Quality,full
1654656755148931072,FvaFjHlaMAEHQ-l,Warnings & Status Updates,Infrastructure,Smoke & Air Quality,Warnings & Status Updates,none
1654656023171588096,FvaE4ZHaYAE6eJi,Smoke & Air Quality,Smoke & Air Quality,Smoke & Air Quality,Smoke & Air Quality,full
1654654507031339008,FvaDgJOaEAEQ-BH,Other,Smoke & Air Quality,Smoke & Air Quality,Smoke & Air Quality,majority
1654650910075748352,FvaAOH-WIAETAHu,Smoke & Air Quality,Other,Smoke & Air Quality,Smoke & Air Quality,majority
1654649936905129984,FvZ_WGvaIAAw95B,Warnings & Status Updates,Weather Reports,Warnings & Status Updates,Warnings & Status Updates,majority
1654649593311932416,FvZ_CLsacAAQUem,Political,Other,Weather Reports,Political,none
1654649153732083712,FvZ-onDaMAAMcDU,Warnings & Status Updates,Warnings & Status Updates,Political,Warnings & Status Updates,majority
1654648887322476544,FvZ-ZIvaIAAtRk7,Warnings & Status Updates,Smoke & Air Quality,Political,Warnings & Status Updates,none
1654646569604612096,FvZ8SOLaUAASvS-,Evacuees,Evacuees,Evacuees,Evacuees,full
1654646258131165184,FvZ7_s-WwAErQG9,Evacuees,Evacuees,Evacuees,Evacuees,full
1654645449901604864,FvZ7RDbacAArG_4,Smoke & Air Quality,Weather Reports,Smoke & Air Quality,Smoke & Air Quality,majority
1654642535820673024,FvZ4ji6XsAEX84H,Warnings & Status Updates,Warnings & Status Updates,Warnings & Status Updates,Warnings & Status Updates,full
1654641330214309888,FvZ3hUnaUAECyT-,General Information,General Information,Preparedness,General Information,majority
1654641164530614272,FvZ3VYCXgAEPZ55,Smoke & Air Quality,Other,Smoke & Air Quality,Smoke & Air Quality,majority
1654638024138059776,FvZ0g3SaUAMyAR6,Evacuees,Smoke & Air Quality,Smoke & Air Quality,Smoke & Air Quality,majority
1654637820265529344,FvZ0U0OacAA_C2c,Weather Reports,Weather Reports,Weather Reports,Weather Reports,full
1654637820265529344,FvZ0U0RagAAoChb,Weather Reports,Weather Reports,Weather Reports,Weather Reports,full
1654637820265529344,FvZ0U0PaYAAB4J6,Weather Reports,Weather Reports,Weather Reports,Weather Reports,full
1654637820265529344,FvZ0U0QaYAACY9A,Weather Reports,Weather Reports,Weather Reports,Weather Reports,full
1654636603107622912,FvZy9mrXsAEcEfK,Weather Reports,Weather Reports,Weather Reports,Weather Reports,full
1654636603107622912,FvZy9mqWYAEZ63J,Weather Reports,Weather Reports,Weather Reports,Weather Reports,full
1654636603107622912,FvZy9mrWYAIBWeh,Smoke & Air Quality,Weather Reports,Weather Reports,Weather Reports,majority
1654635804587618304,FvZyEZ7XsAEUHay,General Information,General Information,General Information,General Information,full
1654635579722825728,FvZySfqakAA-1RB,Warnings & Status Updates,Smoke & Air Quality,Evacuees,Warnings & Status Updates,none
1654635434268585984,FvZyKIBacAAHWXv,Smoke & Air Quality,Smoke & Air Quality,Smoke & Air Quality,Smoke & Air Quality,full
1654634232654733312,FvZxCd_WYAA1pX1,Evacuees,Evacuees,Evacuees,Evacuees,full
1654633519124189184,FvZwPhxaUAATncY,Smoke & Air Quality,Other,Smoke & Air Quality,Smoke & Air Quality,majority
1654632779508854784,FvZvvS_X0AMu2tT,Smoke & Air Quality,Smoke & Air Quality,Smoke & Air Quality,Smoke & Air Quality,full
1654629399990538240,FvZsq0KaEAIXCvU,Political,Warnings & Status Updates,Warnings & Status Updates,Warnings & Status Updates,majority
1654629399990538240,FvZsoCFaQAAJdc6,Political,Warnings & Status Updates,Warnings & Status Updates,Warnings & Status Updates,majority
1654628177782906880,FvZrGlTaMAU6WEx,Warnings & Status Updates,Warnings & Status Updates,Warnings & Status Updates,Warnings & Status Updates,full
1654625797011914752,FvZn2jKWcAQYVcr,Other,Warnings & Status Updates,Warnings & Status Updates,Warnings & Status Updates,majority
1654625797011914752,FvZn33cXoAMaMv9,Weather Reports,Warnings & Status Updates,Warnings & Status Updates,Warnings & Status Updates,majority
1654625381041999872,FvZpA0QaIAELoiV,Other,Smoke & Air Quality,Smoke & Air Quality,Smoke & Air Quality,majority
1654624136147156992,FvZn4PQWYAIPWf0,Reports of Actions of Responders,Reports of Actions of Responders,Smoke & Air Quality,Reports of Actions of Responders,majority
1654622198106079232,FvZmHwBWAAoLIDn,Advertisement,Advertisement,Preparedness,Advertisement,majority
1654621772296364032,FvZlqiFacAAifV9,Smoke & Air Quality,Warnings & Status Updates,Warnings & Status Updates,Warnings & Status Updates,majority
1654619672015433728,FvZj0hIaIAAYqab,General Information,Warnings & Status Updates,Warnings & Status Updates,Warnings & Status Updates,majority
1654617006891565056,FvZhNlUWwAAeJwr,Warnings & Status Updates,Warnings & Status Updates,Warnings & Status Updates,Warnings & Status Updates,full
1654615872038895616,FvZgWrDaQAAFfuI,Smoke & Air Quality,Smoke & Air Quality,Smoke & Air Quality,Smoke & Air Quality,full
1654614586186940416,FvZfLa5aIAI320R,Smoke & Air Quality,Smoke & Air Quality,Evacuees,Smoke & Air Quality,majority
1654614586186940416,FvZfLa7aIAEJGTy,Other,Smoke & Air Quality,Evacuees,Other,none
1654614586186940416,FvZfLa4aYAARX2x,Other,Smoke & Air Quality,Evacuees,Other,none
1654612296159854592,FvZdHTEaIAEHCWW,Smoke & Air Quality,Smoke & Air Quality,Smoke & Air Quality,Smoke & Air Quality,full
1654609134019289088,FvZZ4GtXgAEdmcH,Smoke & Air Quality,Smoke & Air Quality,Smoke & Air Quality,Smoke & Air Quality,full
1654607743066730496,FvZY8t8acAAstU-,Reports of Actions of Responders,Reports of Actions of Responders,Warnings & Status Updates,Reports of Actions of Responders,majority
1654603474112241664,FvZU2vzWIAIa26y,Other,Reports of Actions of Responders,Other,Other,majority
1654603328767299584,FvZU8hLaMAAbWre,Smoke & Air Quality,Smoke & Air Quality,Smoke & Air Quality,Smoke & Air Quality,full
1654603328767299584,FvZU8hKaMAEaQ-i,Smoke & Air Quality,Smoke & Air Quality,Smoke & Air Quality,Smoke & Air Quality,full
1654603328767299584,FvZU8hJagAENHJS,Smoke & Air Quality,Smoke & Air Quality,Smoke & Air Quality,Smoke & Air Quality,full
1654603328767299584,FvZU8hJaEAARRvz,Smoke & Air Quality,Smoke & Air Quality,Smoke & Air Quality,Smoke & Air Quality,full
1654601542450724864,FvZSZS4WIAMz6Mr,Infrastructure,Evacuees,Evacuees,Evacuees,majority
1654601484267573248,FvZTJQ3aMAAYDGW,Evacuees,Evacuees,Support,Evacuees,majority
1654600766286610432,FvZSoNHaEAAahq6,Political,Political,Political,Political,full
1654600199824896000,FvZSHMZaQAAOs0n,Smoke & Air Quality,Smoke & Air Quality,Smoke & Air Quality,Smoke & Air Quality,full
1654599745615151104,FvZRsSWWAAEn1Jx,Smoke & Air Quality,Smoke & Air Quality,Smoke & Air Quality,Smoke & Air Quality,full
1654599169804468224,FvZRLUNaAAAI8K2,Smoke & Air Quality,Smoke & Air Quality,Smoke & Air Quality,Smoke & Air Quality,full
1654598579594620928,FvZQoUcagAA29D2,Smoke & Air Quality,Smoke & Air Quality,Smoke & Air Quality,Smoke & Air Quality,full
1654597221617221632,FvZPZ5kXoAAl5vi,Political,General Information,Political,Political,majority
1654596373172604928,FvZOoc8aAAE91kP,Smoke & Air Quality,Smoke & Air Quality,Smoke & Air Quality,Smoke & Air Quality,full
1654596267136147456,FvZOYd-WYAIPkUH,General Information,General Information,General Information,General Information,full
1654596267136147456,FvZOYefXoAAyDJf,General Information,General Information,General Information,General Information,full
1654595154186215424,FvZNA9MaEAE1Eq_,Warnings & Status Updates,Warnings & Status Updates,General Information,Warnings & Status Updates,majority
1654593441677074432,FvZL9x_aAAAnYxW,Warnings & Status Updates,Weather Reports,Warnings & Status Updates,Warnings & Status Updates,majority
1654592232836730880,FvZKx1QaYAANbFs,General Information,Warnings & Status Updates,Warnings & Status Updates,Warnings & Status Updates,majority
1654592230722793472,FvZK3M_agAEmUmq,Other,Smoke & Air Quality,Smoke & Air Quality,Smoke & Air Quality,majority
1654592175416692736,FvZKz4waYAA-mTo,Evacuees,Evacuees,Smoke & Air Quality,Evacuees,majority
1654592175416692736,FvZK0MSaYAER5hT,Evacuees,Evacuees,Warnings & Status Updates,Evacuees,majority
1654592175416692736,FvZK0CGakAAiWph,Evacuees,Evacuees,Warnings & Status Updates,Evacuees,majority
1654591004333465600,FvZFdT7akAAKcqY,Other,Smoke & Air Quality,Warnings & Status Updates,Other,none
1654590402400505856,FvZJMjFaIAEVY-N,Evacuees,Evacuees,Support,Evacuees,majority
1654589430684950528,FvZHQYSWcAQzNwY,Weather Reports,Weather Reports,Weather Reports,Weather Reports,full
1654588727296143360,FvZHrL5aQAAm3SR,Smoke & Air Quality,Smoke & Air Quality,Smoke & Air Quality,Smoke & Air Quality,full
1654587198551859200,FvZGCOnXsAEBGsP,Weather Reports,Warnings & Status Updates,Warnings & Status Updates,Warnings & Status Updates,majority
1654587198551859200,FvZGSLAWwAAaehH,Weather Reports,Warnings & Status Updates,Warnings & Status Updates,Warnings & Status Updates,majority
1654587147616415744,FvZGPZ3aYAA8zUz,Reports of Actions of Responders,Smoke & Air Quality,Reports of Actions of Responders,Reports of Actions of Responders,majority
1654585436965310464,FvZEqRIaQAEZYxt,Smoke & Air Quality,Smoke & Air Quality,Warnings & Status Updates,Smoke & Air Quality,majority
1654583851635871744,FvZDKDXaYAA_jF6,Reports of Actions of Responders,Smoke & Air Quality,Infrastructure,Reports of Actions of Responders,none
1654583851635871744,FvZDKDTaAAAnE1e,Reports of Actions of Responders,Smoke & Air Quality,Infrastructure,Reports of Actions of Responders,none
1654583851635871744,FvZDKDTaQAAVDcb,Reports of Actions of Responders,Smoke & Air Quality,Infrastructure,Reports of Actions of Responders,none
1654583851635871744,FvZDKDYacAATG7x,Reports of Actions of Responders,Smoke & Air Quality,Infrastructure,Reports of Actions of Responders,none
1654583214151794688,FvZCqjFWAAIzakE,Evacuees,Evacuees,Evacuees,Evacuees,full
1654582792540266496,FvZCPgXX0AU37p2,Smoke & Air Quality,Smoke & Air Quality,Smoke & Air Quality,Smoke & Air Quality,full
1654582792540266496,FvZCPgYXsAMaECX,Weather Reports,Weather Reports,Weather Reports,Weather Reports,full
1654582781870231552,FvZCRBsagAAg6eG,Warnings & Status Updates,Warnings & Status Updates,Warnings & Status Updates,Warnings & Status Updates,full
1654582781870231552,FvZCRBtaEAAhB1I,Warnings & Status Updates,Warnings & Status Updates,Warnings & Status Updates,Warnings & Status Updates,full
1654581466079297536,FvZBD_iaUAAPx6f,Smoke & Air Quality,Smoke & Air Quality,Smoke & Air Quality,Smoke & Air Quality,full
1654580963249381376,FvZAnDZaAAE_ZfZ,Smoke & Air Quality,Smoke & Air Quality,Smoke & Air Quality,Smoke & Air Quality,full
1654578359492575232,FvY-PFGaIAAMB0e,Warnings & Status Updates,Smoke & Air Quality,Smoke & Air Quality,Smoke & Air Quality,majority
1654577239265259520,FvY9Ot6aQAEhPj8,Other,Smoke & Air Quality,Smoke & Air Quality,Smoke & Air Quality,majority
1654575117848944640,FvY7JMDXgAEvEaS,Smoke & Air Quality,Smoke & Air Quality,Smoke & Air Quality,Smoke & Air Quality,full
1654575117848944640,FvY7JMDWcAAnpqk,Smoke & Air Quality,Smoke & Air Quality,Smoke & Air Quality,Smoke & Air Quality,full
1654571363682615296,FvY30yEXoAE6aZ8,Infrastructure,Infrastructure,Infrastructure,Infrastructure,full
1654571350713925632,FvY3uFoWYAAoRnd,Evacuees,Evacuees,Evacuees,Evacuees,full
1654571125140238336,FvY3qqRacAArUGl,Reports of Actions of Responders,Reports of Actions of Responders,Reports of Actions of Responders,Reports of Actions of Responders,full
1654571125140238336,FvY3q4paAAENuye,Reports of Actions of Responders,Reports of Actions of Responders,Reports of Actions of Responders,Reports of Actions of Responders,full
1654568858756452352,FvY1mkiaUAAQund,General Information,General Information,Preparedness,General Information,majority
1654561953304522752,FvYvRERWIAMMkH_,Warnings & Status Updates,Warnings & Status Updates,Warnings & Status Updates,Warnings & Status Updates,full
1654561953304522752,FvYvRERWIAECHHU,Weather Reports,Weather Reports,Weather Reports,Weather Reports,full
1654553356944424960,FvYncxvakAARKRT,Infrastructure,Smoke & Air Quality,Smoke & Air Quality,Smoke & Air Quality,majority
1654552666775904257,FvYm4QYaEAIcLFc,Support,Evacuees,Support,Support,majority
1654545510043385856,FvYf0iWagAAgmml,General Information,General Information,Preparedness,General Information,majority
1654545207562747904,FvYc5NYaAAEVR1V,Warnings & Status Updates,Smoke & Air Quality,Evacuees,Warnings & Status Updates,none
1654544570204696576,FvYfVNbWYAArlzJ,Warnings & Status Updates,Warnings & Status Updates,Warnings & Status Updates,Warnings & Status Updates,full
1654543747601031168,FvYewx3aUAANT22,Smoke & Air Quality,Smoke & Air Quality,Smoke & Air Quality,Smoke & Air Quality,full
1654536377030131712,FvYX5XMXwAkeDY-,Weather Reports,Warnings & Status Updates,Warnings & Status Updates,Warnings & Status Updates,majority
1654528764213092352,FvYQrBIWwAEzxDI,Warnings & Status Updates,Political,Warnings & Status Updates,Warnings & Status Updates,majority
1654528044428836864,FvYQfBraYAQkZ0c,Smoke & Air Quality,Smoke & Air Quality,Smoke & Air Quality,Smoke & Air Quality,full
1654524068979425280,FvYM3OiaYAAbNJK,Warnings & Status Updates,Political,Political,Political,majority
1654522887762477056,FvYK0tqXsAApkb7,Weather Reports,Weather Reports,Weather Reports,Weather Reports,full
1654521503722115072,FvYJ5G6aAAAgOmG,Warnings & Status Updates,Preparedness,Reports of Actions of Responders,Warnings & Status Updates,none
1654520490697043968,FvYH0LCaUAAmayj,Advertisement,Advertisement,Preparedness,Advertisement,majority
1654520136135503872,FvYJS7bWAAs87Wc,Insurance,Insurance,Insurance,Insurance,full
1654512367726915584,FvYCOh9aUAUeWm4,Weather Reports,Weather Reports,Weather Reports,Weather Reports,full
1654512367726915584,FvYCOh6aAAAkoWT,Smoke & Air Quality,Smoke & Air Quality,Smoke & Air Quality,Smoke & Air Quality,full
1654512367726915584,FvYCOh8akAE4kLm,Smoke & Air Quality,Other,Smoke & Air Quality,Smoke & Air Quality,majority
1654512367726915584,FvYCOh7aMAAdYyR,Smoke & Air Quality,Smoke & Air Quality,Smoke & Air Quality,Smoke & Air Quality,full
1654511077235777536,FvYAwVbWcAIrq_n,Reports of Actions of Responders,Reports of Actions of Responders,Warnings & Status Updates,Reports of Actions of Responders,majority
1654496749803778048,FvX0Bk5WcAEGt_l,Warnings & Status Updates,Warnings & Status Updates,Political,Warnings & Status Updates,majority
1654495302299123712,FvXytUFWIAw6XeG,Weather Reports,Weather Reports,Weather Reports,Weather Reports,full
1654495302299123712,FvXytUCXoAMMVBM,Weather Reports,Weather Reports,Weather Reports,Weather Reports,full
1654492756058816512,FvXwUpYXoAYGhXZ,Insurance,Insurance,Insurance,Insurance,full
1654492285713670144,FvXv9pBWYAE2WOZ,Political,Political,Political,Political,full
1654487535962169344,FvXrpTKXsAUalMO,Political,Political,Political,Political,full
1654479266891939840,FvXi904WwAMPpia,Weather Reports,Weather Reports,Weather Reports,Weather Reports,full
1654467496513007616,FvXZaMaXsAAV3C9,Smoke & Air Quality,Smoke & Air Quality,Smoke & Air Quality,Smoke & Air Quality,full
1654467121114673152,FvXZE-dacAAOPaA,Infrastructure,Infrastructure,Infrastructure,Infrastructure,full
1654416517377961984,FvWrDaFaYAEDAvO,Evacuees,Evacuees,Support,Evacuees,majority
1654416517377961984,FvWrDaEaIAAGTEQ,Evacuees,Evacuees,Evacuees,Evacuees,full
1654389370210643968,FvWR8uzXwAAPGTT,Evacuees,Evacuees,Evacuees,Evacuees,full
1654354188120498176,FvVyXWNacAADFi0,Evacuees,Evacuees,Evacuees,Evacuees,full
1654320369740795904,FvVTlG2XoAEsHHO,Smoke & Air Quality,Weather Reports,Warnings & Status Updates,Smoke & Air Quality,none
1654320369740795904,FvVTlG3WwAMNqNC,Smoke & Air Quality,Weather Reports,Warnings & Status Updates,Smoke & Air Quality,none
1654303417383419904,FvVEMI3aUAAsYSp,Warnings & Status Updates,Warnings & Status Updates,Warnings & Status Updates,Warnings & Status Updates,full
1654297179920683008,FvU-g-zakAUcy15,Weather Reports,Weather Reports,Weather Reports,Weather Reports,full
1654295974733574144,FvU9a35aUAAv050,Smoke & Air Quality,Smoke & Air Quality,Warnings & Status Updates,Smoke & Air Quality,majority
1654294266720681984,FvU73jQaMAADsCv,Other,Smoke & Air Quality,Warnings & Status Updates,Other,none
1654290032444985344,FvU3kvqaQAExphd,Smoke & Air Quality,Smoke & Air Quality,Smoke & Air Quality,Smoke & Air Quality,full
1654287221028184064,FvU1dcxaAAANzBP,Smoke & Air Quality,Smoke & Air Quality,Smoke & Air Quality,Smoke & Air Quality,full
1654283881745629184,FvUybFZagAAI7If,Weather Reports,Warnings & Status Updates,Warnings & Status Updates,Warnings & Status Updates,majority
1654283881745629184,FvUya6oacAAVbuW,Other,Warnings & Status Updates,Evacuees,Other,none
1654281383563661312,FvUwJbCakAMSKdz,Evacuees,Reports of Actions of Responders,Reports of Actions of Responders,Reports of Actions of Responders,majority
1654264239195058176,FvUgi2naEAA9VBS,General Information,General Information,Preparedness,General Information,majority
1654254457948098560,FvUXpqUaMAAHD8R,Other,Smoke & Air Quality,Smoke & Air Quality,Smoke & Air Quality,majority
1654251123165786112,FvUUoIWXsAQD-il,Smoke & Air Quality,Weather Reports,Warnings & Status Updates,Smoke & Air Quality,none
1654251123165786112,FvUUoIXXoAE6x5x,Smoke & Air Quality,Weather Reports,Warnings & Status Updates,Smoke & Air Quality,none
1654244530680659968,FvUOnxMaYAAJ3HV,Warnings & Status Updates,Warnings & Status Updates,Warnings & Status Updates,Warnings & Status Updates,full
1654227996449079296,FvT_mJhagAAFPlK,Other,Warnings & Status Updates,Evacuees,Other,none
1654221193287962624,FvT5aJmaQAA9t9J,Reports of Actions of Responders,Reports of Actions of Responders,Reports of Actions of Responders,Reports of Actions of Responders,full
1654165294179287040,FvTGkY3WAAshH1S,Insurance,Insurance,Insurance,Insurance,full
1653955410829926400,FvQHrZLaUAEl-u1,Smoke & Air Quality,Smoke & Air Quality,Smoke & Air Quality,Smoke & Air Quality,full
1653949672460029952,FvQCdfRaUAIyPtz,Weather Reports,Weather Reports,Weather Reports,Weather Reports,full
1653948075482976256,FvQA2rXaYAMjLK4,Reports of Actions of Responders,Warnings & Status Updates,Warnings & Status Updates,Warnings & Status Updates,majority
1653936190893199360,FvP2MwqaEAE4PKB,Smoke & Air Quality,Smoke & Air Quality,Warnings & Status Updates,Smoke & Air Quality,majority
1653907676844412928,FvPcQ7iaYAIjpgz,Warnings & Status Updates,Warnings & Status Updates,Evacuees,Warnings & Status Updates,majority
1653894151770099712,FvPP9wCaAAA4Jil,Political,Smoke & Air Quality,Political,Political,majority
1653890942657765376,FvPNCH1aQAAOCro,Smoke & Air Quality,Smoke & Air Quality,Smoke & Air Quality,Smoke & Air Quality,full
1653876281648492544,FvO_qegakAMN3Gb,Reports of Actions of Responders,Smoke & Air Quality,Support,Reports of Actions of Responders,none
1653849901502197760,FvOns5jWwAc6QCl,Infrastructure,Smoke & Air Quality,Warnings & Status Updates,Infrastructure,none
1653811588481286144,FvOE36jaAAA02Mb,Infrastructure,Infrastructure,Warnings & Status Updates,Infrastructure,majority
1653778904539099136,FvNmP-wXoAIcOpK,Weather Reports,Weather Reports,Weather Reports,Weather Reports,full
1653778904539099136,FvNnDDPWcAMobUU,Weather Reports,Weather Reports,Weather Reports,Weather Reports,full
1653778904539099136,FvNmi8GWcAEDJAA,Weather Reports,Weather Reports,Weather Reports,Weather Reports,full
1653778904539099136,FvNmP-vXgAMQYoU,Weather Reports,Weather Reports,Weather Reports,Weather Reports,full
1653646467146588160,FvLuslmagAAjHPx,Warnings & Status Updates,Warnings & Status Updates,Evacuees,Warnings & Status Updates,majority
1653549875978723328,FvKWxtVaQAExQgZ,Reports of Actions of Responders,Warnings & Status Updates,Reports of Actions of Responders,Reports of Actions of Responders,majority
1653536397599584256,FvKKlmJaYAAclUC,Warnings & Status Updates,Warnings & Status Updates,Evacuees,Warnings & Status Updates,majority
1653525290688339968,FvKAfPoaAAEcBeA,Warnings & Status Updates,Warnings & Status Updates,Warnings & Status Updates,Warnings & Status Updates,full
1653524896700575744,FvKAIW6aUAAls_a,Other,Warnings & Status Updates,Evacuees,Other,none
1653524896700575744,FvKAIW8aYAAbPcG,Other,Other,Evacuees,Other,majority
1653471966488141824,FvJP_efWwBkYyoj,Preparedness,Evacuees,Preparedness,Preparedness,majority
1653444244265402368,FvI2xg1aMAErNSY,Warnings & Status Updates,Warnings & Status Updates,Warnings & Status Updates,Warnings & Status Updates,full
1653437684684292096,FvIwztuaYAAJ8bB,Warnings & Status Updates,General Information,Warnings & Status Updates,Warnings & Status Updates,majority
1653404479092391936,FvISnKSWIAIDx0H,Evacuees,Evacuees,Evacuees,Evacuees,full
1653206962988003328,FvFe5p3acAEBneF,Reports of Actions of Responders,Warnings & Status Updates,Reports of Actions of Responders,Reports of Actions of Responders,majority
1653204435215187968,FvFcrAVakAAUdKI,Warnings & Status Updates,Warnings & Status Updates,Warnings & Status Updates,Warnings & Status Updates,full
1653202647497973760,FvFal_dXwAYpDYI,Weather Reports,Weather Reports,Weather Reports,Weather Reports,full
1653202647497973760,FvFafYNX0AAEyoi,Weather Reports,Weather Reports,Weather Reports,Weather Reports,full
1653202647497973760,FvFag7oXsAUd2IO,Weather Reports,Weather Reports,Weather Reports,Weather Reports,full
1653183684470804480,FvFJx37acAAAoZf,Preparedness,Preparedness,Preparedness,Preparedness,full
1653163198449844224,FvE27uFaEAE0mHs,Infrastructure,Smoke & Air Quality,Warnings & Status Updates,Infrastructure,none
1653163198449844224,FvE27uEaUAAA6iE,Infrastructure,Smoke & Air Quality,Warnings & Status Updates,Infrastructure,none
1653162155129327616,FvE2N9jaEAQ0h3G,Infrastructure,Smoke & Air Quality,Warnings & Status Updates,Infrastructure,none
1653161272765190144,FvE1aeKaUAAi2Z2,Infrastructure,Smoke & Air Quality,Warnings & Status Updates,Infrastructure,none
1653072183579807744,FvDjqiVaAAAMkGH,Insurance,Reports of Actions of Responders,Insurance,Insurance,majority
1653070509691617280,FvDi1arXsAA7mMF,Insurance,Insurance,Insurance,Insurance,full
1653045095120158720,FvDLwQ1WYAIYkP9,Warnings & Status Updates,Warnings & Status Updates,Warnings & Status Updates,Warnings & Status Updates,full
1652846983999295488,FvAXkjCaYAAZBbZ,Infrastructure,Infrastructure,Infrastructure,Infrastructure,full
1652821891487514624,FvAAwEtXoAMiQrb,Weather Reports,Smoke & Air Quality,Warnings & Status Updates,Weather Reports,none
1652809584481013760,Fu_1ifEaUAAe8kL,Infrastructure,Smoke & Air Quality,Warnings & Status Updates,Infrastructure,none
1652809584481013760,Fu_1iesacAAM9uX,Infrastructure,Smoke & Air Quality,Warnings & Status Updates,Infrastructure,none
1652809584481013760,Fu_1ieYaUAEvIv0,Infrastructure,Smoke & Air Quality,Warnings & Status Updates,Infrastructure,none
1652808181574434816,Fu_0R4makAEKDAu,Warnings & Status Updates,Warnings & Status Updates,Warnings & Status Updates,Warnings & Status Updates,full
1652808181574434816,Fu_0R4raYAE9fHS,Warnings & Status Updates,Warnings & Status Updates,Warnings & Status Updates,Warnings & Status Updates,full
1652808181574434816,Fu_0R4laEAAJWJ3,Warnings & Status Updates,Warnings & Status Updates,Warnings & Status Updates,Warnings & Status Updates,full
1652805988561616896,Fu_ySNxaIAADJs5,Reports of Actions of Responders,Reports of Actions of Responders,Reports of Actions of Responders,Reports of Actions of Responders,full
1652805988561616896,Fu_ySYnaEAAPYIf,Reports of Actions of Responders,Reports of Actions of Responders,Reports of Actions of Responders,Reports of Actions of Responders,full
1652805988561616896,Fu_ySBLacAAW-yQ,Reports of Actions of Responders,Reports of Actions of Responders,Reports of Actions of Responders,Reports of Actions of Responders,full
1652765428094218240,Fu_NZRNWIAEZk8x,Evacuees,Reports of Actions of Responders,Support,Evacuees,none
1652724243036266496,Fu-n4DBacAAh3Bg,Smoke & Air Quality,Smoke & Air Quality,Smoke & Air Quality,Smoke & Air Quality,full
1652719260639322112,Fu-jaDJaIAI0wXC,Weather Reports,Weather Reports,Weather Reports,Weather Reports,full
1652715115853283328,Fu-flkaaQAId9oM,Other,Other,Other,Other,full
1652715115853283328,Fu-fiowagAA3RaE,Reports of Actions of Responders,Other,Other,Other,majority
1652715115853283328,Fu-fkFraYAAvo2G,Other,Other,Other,Other,full
1652715115853283328,Fu-fnhcacAAzXDV,Other,Other,Other,Other,full
1652547388656214016,Fu8GxD-aQAA7Zrw,Reports of Actions of Responders,Warnings & Status Updates,Warnings & Status Updates,Warnings & Status Updates,majority
1652542644017586176,Fu8BVnAaIAAEURp,Reports of Actions of Responders,Warnings & Status Updates,Warnings & Status Updates,Warnings & Status Updates,majority
1652529488159453184,Fu72sbFaMAAkrwj,Evacuees,Evacuees,Evacuees,Evacuees,full
1652510657978462208,Fu7lpU6akAADSLx,Evacuees,Evacuees,Evacuees,Evacuees,full
1652469079733854208,Fu6_oIxaEAYLuLu,Reports of Actions of Responders,Smoke & Air Quality,Reports of Actions of Responders,Reports of Actions of Responders,majority
1652469079733854208,Fu6_oIraEAE_e89,Reports of Actions of Responders,Smoke & Air Quality,Reports of Actions of Responders,Reports of Actions of Responders,majority
1652414145151791104,Fu6Nz92aYAIuIqw,Reports of Actions of Responders,Warnings & Status Updates,Reports of Actions of Responders,Reports of Actions of Responders,majority
1652183577847808000,Fu2708taYAIAjo3,General Information,Preparedness,Preparedness,Preparedness,majority
1652097005710356480,Fu1tA9RaYAAdPH7,Warnings & Status Updates,Warnings & Status Updates,Warnings & Status Updates,Warnings & Status Updates,full
1652026596038168576,Fu0tbpiaQAEVGTR,Warnings & Status Updates,General Information,Warnings & Status Updates,Warnings & Status Updates,majority
1652003714927034368,Fu0VvYzaEAMGaua,Reports of Actions of Responders,Reports of Actions of Responders,Reports of Actions of Responders,Reports of Actions of Responders,full
1652003714927034368,Fu0VudVacAAUcjL,Reports of Actions of Responders,Reports of Actions of Responders,Reports of Actions of Responders,Reports of Actions of Responders,full
1651957207095984128,FuzuUq7agAATx7i,Weather Reports,Weather Reports,Weather Reports,Weather Reports,full
1651957207095984128,FuzuUq5acAIiiQG,Weather Reports,Weather Reports,Weather Reports,Weather Reports,full
1651957207095984128,FuzuUq4akAAvXRr,Warnings & Status Updates,Weather Reports,Weather Reports,Weather Reports,majority
1651792033168920576,FuxYGVraQAAjyI8,Warnings & Status Updates,Warnings & Status Updates,Warnings & Status Updates,Warnings & Status Updates,full
1651754356591722496,Fuw11NtaMAEPGr9,Reports of Actions of Responders,Smoke & Air Quality,Reports of Actions of Responders,Reports of Actions of Responders,majority
1651748782948876288,FuwwrAQaEAAX-0P,Reports of Actions of Responders,Smoke & Air Quality,Reports of Actions of Responders,Reports of Actions of Responders,majority
1651740377530109952,FuwpD4yaQAEKKOp,Reports of Actions of Responders,Warnings & Status Updates,Reports of Actions of Responders,Reports of Actions of Responders,majority
1651696894337490944,FuwBZ4qaIAAiSGl,Reports of Actions of Responders,Smoke & Air Quality,Reports of Actions of Responders,Reports of Actions of Responders,majority
1651696894337490944,FuwBZgeaAAAuXUW,Reports of Actions of Responders,Reports of Actions of Responders,Reports of Actions of Responders,Reports of Actions of Responders,full
1651607424590295040,FuuwLOiaMAECc1_,Weather Reports,Weather Reports,Weather Reports,Weather Reports,full
1651352935446593536,FurIvlxWYAMV5oj,Preparedness,Preparedness,Preparedness,Preparedness,full
1651352687294701568,FurIhFsWYAAcbHB,Preparedness,Preparedness,Preparedness,Preparedness,full
1651320317930016768,Fuqq_GXaAAAyD6M,Warnings & Status Updates,Warnings & Status Updates,Warnings & Status Updates,Warnings & Status Updates,full
1650930132209766400,FulHHPCaUAAx27g,Reports of Actions of Responders,Reports of Actions of Responders,Support,Reports of Actions of Responders,majority
1650905209449910272,FukxLpLagAAzHcb,Reports of Actions of Responders,Reports of Actions of Responders,Support,Reports of Actions of Responders,majority
1650617884551565312,FugsMHtagAA_M-o,Reports of Actions of Responders,Reports of Actions of Responders,Support,Reports of Actions of Responders,majority
1650601221487738880,FugdAkUaMAAFJcg,Preparedness,Support,Preparedness,Preparedness,majority
1650597072230555648,FugYkIbaUAAD4VL,Reports of Actions of Responders,Reports of Actions of Responders,Reports of Actions of Responders,Reports of Actions of Responders,full
1649821340579528704,FuVXw3yaAAEeL3S,Weather Reports,Weather Reports,Weather Reports,Weather Reports,full
1649436590002044928,FuP51hRaQAAShH4,Warnings & Status Updates,Warnings & Status Updates,Warnings & Status Updates,Warnings & Status Updates,full
1649082659220635648,FuK3pjdaEAAiXT8,Reports of Actions of Responders,Reports of Actions of Responders,Reports of Actions of Responders,Reports of Actions of Responders,full
1648828025537183744,FuHQQEFagAE7yqr,Reports of Actions of Responders,Reports of Actions of Responders,Reports of Actions of Responders,Reports of Actions of Responders,full
1648800747566530560,FuG3ZCCaAAA7x95,Preparedness,Preparedness,Preparedness,Preparedness,full
1648800747566530560,FuG3YG3akAArB2S,Preparedness,Preparedness,Preparedness,Preparedness,full
1648763700843810816,FuGV2XFagAAlShz,Evacuees,Evacuees,Evacuees,Evacuees,full
1648763698943770624,FuGV2N7acAAS4oY,Evacuees,Evacuees,Evacuees,Evacuees,full
1648763696381063168,FuGV2GdacAA6ibK,Evacuees,Evacuees,Evacuees,Evacuees,full
1648763694476853248,FuGV1_haQAAQQGS,Evacuees,Evacuees,Evacuees,Evacuees,full
1648733859637522432,FuF5WhOacAE-wva,Preparedness,Preparedness,Preparedness,Preparedness,full
1648715235929493504,FuFpvSzaAAEjE75,Reports of Actions of Responders,Reports of Actions of Responders,Reports of Actions of Responders,Reports of Actions of Responders,full
1648450453670354944,FuB4vaOaAAAvGVU,Reports of Actions of Responders,Warnings & Status Updates,Warnings & Status Updates,Warnings & Status Updates,majority
1648375620341202944,FuA0iGjakAAkLFL,Reports of Actions of Responders,Reports of Actions of Responders,Reports of Actions of Responders,Reports of Actions of Responders,full
1648101751017598976,Ft87vJ6agAEP2o8,Reports of Actions of Responders,Reports of Actions of Responders,Warnings & Status Updates,Reports of Actions of Responders,majority
1647667689312370688,Ft2xBoyacAAB2qy,Weather Reports,Reports of Actions of Responders,Reports of Actions of Responders,Reports of Actions of Responders,majority
1647667689312370688,Ft2xBo5acAAsLs7,Weather Reports,Reports of Actions of Responders,Reports of Actions of Responders,Reports of Actions of Responders,majority
1647636131184508928,Ft2UVIJaQAIQEQx,General Information,General Information,Warnings & Status Updates,General Information,majority
1647346096811954176,FtyMhi7aMAAlpx5,Smoke & Air Quality,Smoke & Air Quality,Smoke & Air Quality,Smoke & Air Quality,full
1646651650055237632,FtoUTP6aEAA0bIw,Reports of Actions of Responders,Reports of Actions of Responders,Warnings & Status Updates,Reports of Actions of Responders,majority
1646636450597969920,FtoG8-baMAAPsqp,Weather Reports,Warnings & Status Updates,Warnings & Status Updates,Warnings & Status Updates,majority
1646602713399193600,FtnoQvIagAIlSyx,Reports of Actions of Responders,Reports of Actions of Responders,Reports of Actions of Responders,Reports of Actions of Responders,full
1645808977517887488,FtcWDL6aMAEYrdO,Weather Reports,Weather Reports,Weather Reports,Weather Reports,full
1645808977517887488,FtcWIZpaQAQeYsP,Weather Reports,Weather Reports,Weather Reports,Weather Reports,full
1643730149136007168,Fs-zn9UacAAs93a,Reports of Actions of Responders,Reports of Actions of Responders,Reports of Actions of Responders,Reports of Actions of Responders,full
1643660990817660928,Fs90tpRacAEBahQ,Reports of Actions of Responders,Reports of Actions of Responders,Reports of Actions of Responders,Reports of Actions of Responders,full
1643382397486899200,Fs53kG7XsAIASm9,Warnings & Status Updates,General Information,Warnings & Status Updates,Warnings & Status Updates,majority
1643382145098948608,Fs53Vb6X0AE6Ne_,Warnings & Status Updates,General Information,Warnings & Status Updates,Warnings & Status Updates,majority
1643378061323427840,Fs5xGo_aQAIrA7k,Preparedness,Preparedness,Preparedness,Preparedness,full
1642043359694053376,Fsm1OGCaMAAu0X-,Political,Political,Political,Political,full
1642043359694053376,Fsm1WnnaIAA_fg-,Political,Political,Political,Political,full
1642043359694053376,Fsm1ZMhaMAEm6GD,Political,Political,Political,Political,full
1641591947285663744,FsgbKnEaQAEHrDe,Reports of Actions of Responders,Warnings & Status Updates,Warnings & Status Updates,Warnings & Status Updates,majority
1641529887935844352,FsfilexaMAAplXl,Reports of Actions of Responders,Reports of Actions of Responders,Reports of Actions of Responders,Reports of Actions of Responders,full
1641514414326317056,FsfQkIfaEAAhw2i,Reports of Actions of Responders,Reports of Actions of Responders,Reports of Actions of Responders,Reports of Actions of Responders,full
1641171761466347520,FsacKjbaYAAu9Ij,Reports of Actions of Responders,Reports of Actions of Responders,Reports of Actions of Responders,Reports of Actions of Responders,full
1641117143612936193,FsZqsXKacAAdZT7,Reports of Actions of Responders,Reports of Actions of Responders,Reports of Actions of Responders,Reports of Actions of Responders,full
1640828936014929920,FsVknIlaYAEPATR,Reports of Actions of Responders,Reports of Actions of Responders,Reports of Actions of Responders,Reports of Actions of Responders,full
1640402108821417987,FsPhBipakAAG4mM,Advertisement,Other,Other,Other,majority
1638825118091870210,Fr5GipYacAABRSK,Advertisement,Advertisement,Advertisement,Advertisement,full
1638655964588146688,Fr2snlUaQAAX7bW,Warnings & Status Updates,Infrastructure,Warnings & Status Updates,Warnings & Status Updates,majority
1638290983560568842,FrxfcmEaYAIbjYu,Reports of Actions of Responders,Reports of Actions of Responders,Reports of Actions of Responders,Reports of Actions of Responders,full
1636020277204140032,FrRPxbiX0AA0sd8,Preparedness,Preparedness,Preparedness,Preparedness,full
1634281767841701889,Fq4ifaPaIAAXduG,Preparedness,General Information,Preparedness,Preparedness,majority
1632899472304017408,Fqk5Y5LaEAAxUxu,Preparedness,Preparedness,Preparedness,Preparedness,full
1632881773284851712,FqkpN3-aUAId7Gr,Preparedness,Preparedness,Preparedness,Preparedness,full
1632881773284851712,FqkpO1haAAAWLVd,Preparedness,Preparedness,Preparedness,Preparedness,full
1632825336315650048,Fqj1hZuaIAA-ew_,Warnings & Status Updates,Reports of Actions of Responders,Reports of Actions of Responders,Reports of Actions of Responders,majority
1630983781430460458,FqJrFrpWABob91X,General Information,Smoke & Air Quality,General Information,General Information,majority
1628868591780270080,Fprmg0yaYAEdsDQ,Reports of Actions of Responders,Reports of Actions of Responders,Reports of Actions of Responders,Reports of Actions of Responders,full
1628820037455974400,Fpq7LGVaIAE62NP,General Information,Advertisement,Political,General Information,none
1628820037455974400,Fpq7LG5aQAEI2j7,General Information,Advertisement,Political,General Information,none
1628820037455974400,Fpq7LHaagAYyCy3,General Information,Advertisement,Political,General Information,none
1628555871897935872,FpnKtoMaIAEF-96,Other,Support,Other,Other,majority
1628544698997698561,Fpm8MvtaMAI_S6n,Advertisement,Advertisement,Preparedness,Advertisement,majority
1628544698997698561,Fpm8MvqaAAU06yu,Advertisement,Advertisement,Preparedness,Advertisement,majority
1628544698997698561,Fpm8MvtaEAAALG5,Advertisement,Advertisement,Preparedness,Advertisement,majority
1628119488322502656,Fpg-BSsaYAIQ_v2,General Information,Support,Preparedness,General Information,none
1627792224011558914,FpcUZMgaEAERWUc,Preparedness,Other,Preparedness,Preparedness,majority
1626630107321204751,FpLzdVOWAAYXW26,Other,Reports of Actions of Responders,Other,Other,majority
1626351504537047040,FpH1MKoaIAUQgeK,General Information,Warnings & Status Updates,Smoke & Air Quality,General Information,none
1625942749324398594,FpCA2TSaUAINB9G,Reports of Actions of Responders,Reports of Actions of Responders,Reports of Actions of Responders,Reports of Actions of Responders,full
1625216114430193664,Fo3tGALaEAABj4R,Support,General Information,Reports of Actions of Responders,Support,none
1622966924102737921,FoXvzucaQAIIhGt,General Information,General Information,Advertisement,General Information,majority
1621154980777295872,Fn9_2vTakAEa0w3,General Information,General Information,Advertisement,General Information,majority
1620914150779273216,Fn6k0qtaEAEtCpg,Preparedness,Smoke & Air Quality,Preparedness,Preparedness,majority
1619896825124896769,FnsHkvjaIAIZrMk,Advertisement,Other,Other,Other,majority
1618631366777896960,FnaIo0-aAAE8sNd,Preparedness,Reports of Actions of Responders,Reports of Actions of Responders,Reports of Actions of Responders,majority
1618039480669310977,FnRuFg0aAAE__4U,General Information,Smoke & Air Quality,Reports of Actions of Responders,General Information,none
1617893482500161536,FnPpi6ZWQAAOeux,General Information,General Information,Advertisement,General Information,majority
1615356768359424000,FmrmacqX0AAVxa8,General Information,General Information,Advertisement,General Information,majority
1613235804649947136,FmNdaUKagAAwit1,Preparedness,Support,Preparedness,Preparedness,majority
1610791766722236416,FlqukwRaAAEKkWK,Smoke & Air Quality,Weather Reports,Smoke & Air Quality,Smoke & Air Quality,majority
1606407614828797953,FksaxyOacAAFbOv,General Information,Reports of Actions of Responders,Reports of Actions of Responders,Reports of Actions of Responders,majority
1606379289271799815,FksBAd-aUAA3LuK,Reports of Actions of Responders,Smoke & Air Quality,Other,Reports of Actions of Responders,none
1606353922507280385,FkrogczacAAg5eK,Advertisement,General Information,Advertisement,Advertisement,majority
1604874963806478337,FkWpRGcagAIjCMm,Reports of Actions of Responders,Reports of Actions of Responders,Other,Reports of Actions of Responders,majority
1604847525382410240,FkWQUMpVsAA0EcB,General Information,General Information,Advertisement,General Information,majority
1603408047292190726,FkBzHcgaEAAoXSa,Other,Support,Other,Other,majority
1602310804929290240,FjyNLrJVQAAPmVf,General Information,General Information,Advertisement,General Information,majority
1600861259179692033,Fjdm0zqXEAE2u0a,General Information,General Information,Advertisement,General Information,majority
1599794268503441410,FjOcZtBacAAq7F-,Preparedness,Preparedness,Preparedness,Preparedness,full
1597702228084940800,FiwtRl2aYAAWGDS,Support,Advertisement,Advertisement,Advertisement,majority
1595947636259164161,FiXxQ5HaUAEdic2,General Information,Advertisement,Preparedness,General Information,none
1595200729517817856,FiNKg73aAAIedkp,Warnings & Status Updates,Warnings & Status Updates,Warnings & Status Updates,Warnings & Status Updates,full
1595182593149911041,FiM6EXJXwAMHOdJ,General Information,General Information,Other,General Information,majority
1593496535144493057,Fh08brIaMAAWxbw,Evacuees,Evacuees,Evacuees,Evacuees,full
1593496535144493057,Fh08dHeaAAAlZ7l,Evacuees,Evacuees,Evacuees,Evacuees,full
1593371918761361408,FhzLTzoaEAED2CX,Preparedness,General Information,Preparedness,Preparedness,majority
1589774663429009409,FhADgbvagAEYB4B,Reports of Actions of Responders,Reports of Actions of Responders,Reports of Actions of Responders,Reports of Actions of Responders,full
1589361274286403585,Fg6LRUaagAAax96,Other,Reports of Actions of Responders,Other,Other,majority
1587535806851592192,FggPZi4aUAAxsbS,Warnings & Status Updates,General Information,Preparedness,Warnings & Status Updates,none
1587496811639738368,FgfrfrAaEAAcODP,General Information,Weather Reports,General Information,General Information,majority
1587444643402317829,Fge8e7NXEAEHoHs,Warnings & Status Updates,Warnings & Status Updates,Warnings & Status Updates,Warnings & Status Updates,full
1587166627996499968,Fga_n5YXoAUtBqs,Other,Support,Other,Other,majority
1586138790091165696,FgMW0jEagAA-WY6,Reports of Actions of Responders,Warnings & Status Updates,Reports of Actions of Responders,Reports of Actions of Responders,majority
1586138790091165696,FgMW0i1aAAEdO0N,Reports of Actions of Responders,Warnings & Status Updates,Reports of Actions of Responders,Reports of Actions of Responders,majority
1585672263692873729,FgFwK9xaAAA6269,General Information,General Information,Other,General Information,majority
1585660136567476225,FgFlfZxaYAAeGU6,Warnings & Status Updates,Weather Reports,Weather Reports,Weather Reports,majority
1585365157009842176,FgBYkXuaAAEvR23,Weather Reports,Weather Reports,Smoke & Air Quality,Weather Reports,majority
1585365157009842176,FgBYsKAaYAAm3lB,Weather Reports,Weather Reports,Smoke & Air Quality,Weather Reports,majority
1583538518491828224,FfnbjqkaUAAyzrE,Smoke & Air Quality,Smoke & Air Quality,Smoke & Air Quality,Smoke & Air Quality,full
1583216781350821895,Ffi3RXoaYAAHbCj,Weather Reports,Smoke & Air Quality,Smoke & Air Quality,Smoke & Air Quality,majority
1583202313027866624,FfiqGc3aEAALN2D,Warnings & Status Updates,Other,Other,Other,majority
1583155215456702466,Ffh_RjKakAExykt,Warnings & Status Updates,Warnings & Status Updates,General Information,Warnings & Status Updates,majority
1583155215456702466,Ffh_Rz0aEAEZ3dX,Warnings & Status Updates,Warnings & Status Updates,General Information,Warnings & Status Updates,majority
1582911637656588289,FfefpszacAEcIxa,Reports of Actions of Responders,Smoke & Air Quality,Reports of Actions of Responders,Reports of Actions of Responders,majority
1582879953452138496,FfeDfZPaYAAMSL3,Smoke & Air Quality,Smoke & Air Quality,Smoke & Air Quality,Smoke & Air Quality,full
1582872338860634113,Ffd-AMRUcAI0g_8,General Information,General Information,General Information,General Information,full
1582808989896962048,FfdEYQlaMAA_by2,General Information,Other,Other,Other,majority
1582808989896962048,FfdEXdeaUAMuMBQ,General Information,Other,Other,Other,majority
1582804642219831297,FfdAbwbakAAZ1Rk,Smoke & Air Quality,Smoke & Air Quality,Smoke & Air Quality,Smoke & Air Quality,full
1582791309513084928,Ffc0TpGaEAIjDg7,Smoke & Air Quality,Smoke & Air Quality,Smoke & Air Quality,Smoke & Air Quality,full
1582758754927673344,FfcWCXWaMAAOYjm,Smoke & Air Quality,Smoke & Air Quality,Smoke & Air Quality,Smoke & Air Quality,full
1582746305688145920,FfcLYFKaUAAnHXf,Smoke & Air Quality,Smoke & Air Quality,Smoke & Air Quality,Smoke & Air Quality,full
1582719628677373952,Ffby-uHXoAED2fn,Smoke & Air Quality,Smoke & Air Quality,Other,Smoke & Air Quality,majority
1582583358642868224,FfZ3LTbaYAArJ-I,Smoke & Air Quality,Weather Reports,Smoke & Air Quality,Smoke & Air Quality,majority
1582541241535070208,FfZQ3zCXoAEUuNq,Smoke & Air Quality,Smoke & Air Quality,Smoke & Air Quality,Smoke & Air Quality,full
1582527526944927744,FfZEZGlWIAA-y-X,Smoke & Air Quality,Smoke & Air Quality,Smoke & Air Quality,Smoke & Air Quality,full
1582527526944927744,FfZEZGpXkAA-OV0,Smoke & Air Quality,Smoke & Air Quality,Smoke & Air Quality,Smoke & Air Quality,full
1582527526944927744,FfZEZGdXEAEhoc-,Smoke & Air Quality,Smoke & Air Quality,Smoke & Air Quality,Smoke & Air Quality,full
1582516593812459521,FfY5r0EakAENu9w,Reports of Actions of Responders,Warnings & Status Updates,Warnings & Status Updates,Warnings & Status Updates,majority
1582494584156090369,FfYmbBiaYAAdywN,Smoke & Air Quality,Smoke & Air Quality,Smoke & Air Quality,Smoke & Air Quality,full
1582489436985884672,FfYhwXqaUAAHWIW,Smoke & Air Quality,Smoke & Air Quality,Smoke & Air Quality,Smoke & Air Quality,full
1582487024267067392,FfYfTglXoAAH0iA,Smoke & Air Quality,Smoke & Air Quality,Smoke & Air Quality,Smoke & Air Quality,full
1582484747972153344,FfYdVzAaMAAUMIF,Warnings & Status Updates,Warnings & Status Updates,Warnings & Status Updates,Warnings & Status Updates,full
1582481408274366464,FfYZtTnaYAEPzei,Smoke & Air Quality,Weather Reports,Smoke & Air Quality,Smoke & Air Quality,majority
1582454065174224896,FfYBljfXEA8CDtF,Preparedness,General Information,Preparedness,Preparedness,majority
1582452928077787136,FfYAi8BagAA6lVd,Smoke & Air Quality,Smoke & Air Quality,Smoke & Air Quality,Smoke & Air Quality,full
1582452928077787136,FfYAjTeaEAAgqty,Smoke & Air Quality,Smoke & Air Quality,Smoke & Air Quality,Smoke & Air Quality,full
1582444202532958208,FfX4ehYUYAA_crD,Weather Reports,Weather Reports,Weather Reports,Weather Reports,full
1582419874940583937,FfXiTLYaYAEYga9,Smoke & Air Quality,Smoke & Air Quality,Warnings & Status Updates,Smoke & Air Quality,majority
1582415471093387264,FfXefAYakAE_wbn,Smoke & Air Quality,Smoke & Air Quality,Smoke & Air Quality,Smoke & Air Quality,full
1582413441893306368,FfXb481aMAEh_qo,Reports of Actions of Responders,Reports of Actions of Responders,Reports of Actions of Responders,Reports of Actions of Responders,full
1582405038407680003,FfXSc_IWQAAkVmD,Smoke & Air Quality,Smoke & Air Quality,Smoke & Air Quality,Smoke & Air Quality,full
1582381245568528385,FfW-1iLaUAAwsNJ,Smoke & Air Quality,Smoke & Air Quality,Smoke & Air Quality,Smoke & Air Quality,full
1582370954986283008,FfW1EfnakAES54t,Warnings & Status Updates,Warnings & Status Updates,Warnings & Status Updates,Warnings & Status Updates,full
1582166100443533313,FfT7rkDagAAUwLV,Smoke & Air Quality,Smoke & Air Quality,Smoke & Air Quality,Smoke & Air Quality,full
1582155749261643776,FfTfr40aAAE8vDa,Smoke & Air Quality,Smoke & Air Quality,Smoke & Air Quality,Smoke & Air Quality,full
1582133713441533952,FfTd4mkaUAAt3ws,Smoke & Air Quality,Smoke & Air Quality,Smoke & Air Quality,Smoke & Air Quality,full
1582129152349859840,FfTaEw0XwAAtyAI,Smoke & Air Quality,Smoke & Air Quality,Smoke & Air Quality,Smoke & Air Quality,full
1582085385634877440,FfSyRMBacAAA18C,Preparedness,Infrastructure,Preparedness,Preparedness,majority
1582085385634877440,FfSyRL9akAAEoGn,Preparedness,Infrastructure,Preparedness,Preparedness,majority
1582085385634877440,FfSyRMBaMAAI3jx,Preparedness,Infrastructure,Preparedness,Preparedness,majority
1582037891949432833,FfSHE5qaMAA_DIo,Smoke & Air Quality,Smoke & Air Quality,Smoke & Air Quality,Smoke & Air Quality,full
1582037731177558016,FfSGXDxaEAEwCy3,Smoke & Air Quality,Smoke & Air Quality,Smoke & Air Quality,Smoke & Air Quality,full
1582037011682430978,FfSFp-8aUAEXgkN,Reports of Actions of Responders,Reports of Actions of Responders,Reports of Actions of Responders,Reports of Actions of Responders,full
1581902801843941377,FfQMM01aYAAGtp2,Smoke & Air Quality,Other,Smoke & Air Quality,Smoke & Air Quality,majority
1581754509772361728,FfOFVTpaUAEjm58,Smoke & Air Quality,Smoke & Air Quality,Smoke & Air Quality,Smoke & Air Quality,full
1581754509772361728,FfOFVwTaEAExf4-,Smoke & Air Quality,Other,Smoke & Air Quality,Smoke & Air Quality,majority
1581754509772361728,FfOFUyvaEAAkMys,Smoke & Air Quality,Smoke & Air Quality,Smoke & Air Quality,Smoke & Air Quality,full
1581716274631290880,FfNikW3akAAjEig,Smoke & Air Quality,Smoke & Air Quality,Smoke & Air Quality,Smoke & Air Quality,full
1581702784986279937,FfNWBLOaEAE9xMj,Reports of Actions of Responders,Smoke & Air Quality,Smoke & Air Quality,Smoke & Air Quality,majority
1581692278166679552,FfNMvkSacAAWI35,Other,Other,Smoke & Air Quality,Other,majority
1581692278166679552,FfNMvkLaYAAwXr_,Other,Other,Smoke & Air Quality,Other,majority
1581495239365529602,FfKZiZPaMAEnkon,Reports of Actions of Responders,Smoke & Air Quality,Reports of Actions of Responders,Reports of Actions of Responders,majority
1581399825140314112,FfJCwqgagAA6hxL,Smoke & Air Quality,Smoke & Air Quality,Smoke & Air Quality,Smoke & Air Quality,full
1581286426419023872,FfHbm-gaYAAfy_i,Smoke & Air Quality,Smoke & Air Quality,Smoke & Air Quality,Smoke & Air Quality,full
1581286426419023872,FfHbnLbagAEo7TP,Smoke & Air Quality,Smoke & Air Quality,Smoke & Air Quality,Smoke & Air Quality,full
1581286426419023872,FfHbnhraEAACoel,Smoke & Air Quality,Smoke & Air Quality,Smoke & Air Quality,Smoke & Air Quality,full
1581286426419023872,FfHbn84akAEuTp9,Smoke & Air Quality,Smoke & Air Quality,Smoke & Air Quality,Smoke & Air Quality,full
1581161238373228546,FfFpw_QacAArLPF,Reports of Actions of Responders,Smoke & Air Quality,Reports of Actions of Responders,Reports of Actions of Responders,majority
1581125321772126208,FfFJGH1aMAAEXvF,Other,Political,Reports of Actions of Responders,Other,none
1581125321772126208,FfFJGH0akAAFrmh,Other,Smoke & Air Quality,Smoke & Air Quality,Smoke & Air Quality,majority
1581125321772126208,FfFJGHxaYAEOYjN,Other,Political,Reports of Actions of Responders,Other,none
1581125321772126208,FfFJGH0aYAAW62d,Other,Smoke & Air Quality,Smoke & Air Quality,Smoke & Air Quality,majority
1581013840153964544,FfDjexjacAAIEYQ,Reports of Actions of Responders,Warnings & Status Updates,Warnings & Status Updates,Warnings & Status Updates,majority
1581011371847995405,FfDhdceaEAEX3rM,Preparedness,Preparedness,Preparedness,Preparedness,full
1580964512857206785,FfC0pr4aUAAGbnW,Reports of Actions of Responders,Smoke & Air Quality,Warnings & Status Updates,Reports of Actions of Responders,none
1580778621811453952,FfANx0RaEAAJUL6,Warnings & Status Updates,Warnings & Status Updates,Warnings & Status Updates,Warnings & Status Updates,full
1580231914325413888,Fe4bTT_akAAQ0hJ,Infrastructure,Infrastructure,Warnings & Status Updates,Infrastructure,majority
1579973259504029704,Fe0xJgaagAUpAU1,Reports of Actions of Responders,Reports of Actions of Responders,Reports of Actions of Responders,Reports of Actions of Responders,full
1579903419547979776,Fezw9yHaAAEed0J,Reports of Actions of Responders,Warnings & Status Updates,Warnings & Status Updates,Warnings & Status Updates,majority
1579896379102482433,FezrYhLXEA8YVw8,Infrastructure,Infrastructure,Infrastructure,Infrastructure,full
1579871947999305729,FezUvGfakAAqPFU,Preparedness,Other,Preparedness,Preparedness,majority
1579871947999305729,FezUvGiaYAAefSl,Preparedness,Support,Preparedness,Preparedness,majority
1579871947999305729,FezUvGhagAIG1gh,Preparedness,Support,Preparedness,Preparedness,majority
1579871947999305729,FezUvGiaUAAHCth,Preparedness,Support,Preparedness,Preparedness,majority
1579623528424701952,FevzOhSaMAEmv8S,Warnings & Status Updates,Smoke & Air Quality,Warnings & Status Updates,Warnings & Status Updates,majority
1579271257954332673,Feqy1DkakAAPwis,Reports of Actions of Responders,Warnings & Status Updates,Warnings & Status Updates,Warnings & Status Updates,majority
1578129597191041024,FeakgN8aAAAa2ur,Warnings & Status Updates,Warnings & Status Updates,Warnings & Status Updates,Warnings & Status Updates,full
1578086696339787781,FeZ9fEaUYAAP2nO,Smoke & Air Quality,Smoke & Air Quality,Smoke & Air Quality,Smoke & Air Quality,full
1578068674963013632,FeZtGOeWIAQmo05,Preparedness,Preparedness,Preparedness,Preparedness,full
1577474236155056129,FeRQdLZagAA7i3I,Smoke & Air Quality,Smoke & Air Quality,Smoke & Air Quality,Smoke & Air Quality,full
1577474236155056129,FeRQdLYaAAITwnP,Smoke & Air Quality,Warnings & Status Updates,Smoke & Air Quality,Smoke & Air Quality,majority
1577474236155056129,FeRQdLYaAAEPv6L,Smoke & Air Quality,Warnings & Status Updates,Smoke & Air Quality,Smoke & Air Quality,majority
1577460126440906752,FeRDn2WaMAATL2n,Reports of Actions of Responders,Reports of Actions of Responders,Reports of Actions of Responders,Reports of Actions of Responders,full
1577357669446602753,FePmZalaMAMtt5j,Preparedness,Preparedness,Preparedness,Preparedness,full
1577344458093649926,FePZqR8aYAMjUVY,Reports of Actions of Responders,Reports of Actions of Responders,Reports of Actions of Responders,Reports of Actions of Responders,full
1577042657020620800,FeLH4F9aAAA2Ggh,Reports of Actions of Responders,Reports of Actions of Responders,Reports of Actions of Responders,Reports of Actions of Responders,full
1577042657020620800,FeLH5hxaUAAdjlI,Reports of Actions of Responders,Reports of Actions of Responders,Reports of Actions of Responders,Reports of Actions of Responders,full
1576720816699424768,FeGjOZuagAASR_5,Warnings & Status Updates,Warnings & Status Updates,Warnings & Status Updates,Warnings & Status Updates,full
1576720816699424768,FeGjOZuacAAQL3m,Warnings & Status Updates,Warnings & Status Updates,Warnings & Status Updates,Warnings & Status Updates,full
1576715290309627904,FeGeMzEaAAAmXDw,Warnings & Status Updates,Warnings & Status Updates,Warnings & Status Updates,Warnings & Status Updates,full
1576711283952750592,FeGajZPaUAEvI1u,Smoke & Air Quality,Smoke & Air Quality,Warnings & Status Updates,Smoke & Air Quality,majority
1576689926615465984,FeGHIPgaYAA0ZgQ,Smoke & Air Quality,Smoke & Air Quality,Warnings & Status Updates,Smoke & Air Quality,majority
1576675412310388739,FeF57jbacAAql43,Smoke & Air Quality,Smoke & Air Quality,Smoke & Air Quality,Smoke & Air Quality,full
1576662669624762368,FeFtyxJacAAFCl8,Reports of Actions of Responders,Warnings & Status Updates,Warnings & Status Updates,Warnings & Status Updates,majority
1576588491429150720,FeEq31GaMAA5ksx,Smoke & Air Quality,Smoke & Air Quality,Smoke & Air Quality,Smoke & Air Quality,full
1576288724027338752,FeAaLoRaUAApXWn,Warnings & Status Updates,Warnings & Status Updates,Warnings & Status Updates,Warnings & Status Updates,full
1576268724281430017,FeAICwRaAAAhr-1,Preparedness,General Information,Preparedness,Preparedness,majority
1575969171229261840,Fd73nAyWQAIj7F7,Other,General Information,Warnings & Status Updates,Other,none
1575864288866373633,Fd6YNxcakAA5l8p,Other,Support,Other,Other,majority
1575656434221879296,Fd3bLK2akAAVdJA,Reports of Actions of Responders,Smoke & Air Quality,Reports of Actions of Responders,Reports of Actions of Responders,majority
1575656434221879296,Fd3bLK1aUAACDm8,Reports of Actions of Responders,Smoke & Air Quality,Reports of Actions of Responders,Reports of Actions of Responders,majority
1575656434221879296,Fd3bLK1aEAEibaU,Reports of Actions of Responders,Infrastructure,Reports of Actions of Responders,Reports of Actions of Responders,majority
1575651754838228992,Fd3W0o9akAAQNUQ,Warnings & Status Updates,Warnings & Status Updates,Preparedness,Warnings & Status Updates,majority
1575591195933577216,Fd2f13macAApT-_,Warnings & Status Updates,Warnings & Status Updates,Warnings & Status Updates,Warnings & Status Updates,full
1575263581578600448,Fdx1RjIaEAAp1N-,Reports of Actions of Responders,Reports of Actions of Responders,Reports of Actions of Responders,Reports of Actions of Responders,full
1575246992988639232,FdxmysqXEA88j7-,Smoke & Air Quality,Preparedness,Preparedness,Preparedness,majority
1575240191350280192,FdxgdkhacAAZ6c5,Reports of Actions of Responders,Reports of Actions of Responders,Reports of Actions of Responders,Reports of Actions of Responders,full
1575205164323336192,Fdw_xzIaAAEWOpF,Reports of Actions of Responders,Reports of Actions of Responders,Reports of Actions of Responders,Reports of Actions of Responders,full
1575177766966005760,FdwntP4aUAAbdaq,Reports of Actions of Responders,Reports of Actions of Responders,Reports of Actions of Responders,Reports of Actions of Responders,full
1575135760369344512,FdwBnbvUYAILT3R,Preparedness,Smoke & Air Quality,Preparedness,Preparedness,majority
1574912173150797824,Fds2Rn7X0AQLHom,Other,General Information,Warnings & Status Updates,Other,none
1574579412959625217,FdoHoRjaAAAvIsM,Smoke & Air Quality,Smoke & Air Quality,Smoke & Air Quality,Smoke & Air Quality,full
1574535881201184768,FdnfrJSaIAAKGoT,Reports of Actions of Responders,Reports of Actions of Responders,Reports of Actions of Responders,Reports of Actions of Responders,full
1574444133296766976,FdmMcqPacAAyQFV,Reports of Actions of Responders,Reports of Actions of Responders,Reports of Actions of Responders,Reports of Actions of Responders,full
1574424318041550849,Fdl6kIJaIAEbIT-,Support,Reports of Actions of Responders,Other,Support,none
1574424318041550849,Fdl6kURaAAEEqtk,Support,Reports of Actions of Responders,Other,Support,none
1574424318041550849,Fdl6kIDaAAAIoM9,Support,Reports of Actions of Responders,Other,Support,none
1574424318041550849,Fdl6kICaIAADuJ7,Support,Reports of Actions of Responders,Other,Support,none
1573764470798798849,FdcichyWYAUY5m3,Preparedness,Preparedness,Preparedness,Preparedness,full
1573713881792651264,Fdb0buiaIAEz9uI,Preparedness,Infrastructure,Preparedness,Preparedness,majority
1573432382866313231,FdX0adWWYAAYIXo,Other,General Information,Warnings & Status Updates,Other,none
1572974261928853505,FdRTwDJacAQR1kv,Preparedness,General Information,Preparedness,Preparedness,majority
1572694649676111872,FdNVcYwaMAA8mZn,Infrastructure,Smoke & Air Quality,Warnings & Status Updates,Infrastructure,none
1572666822406836224,FdM7tI-acAMQ4v9,Advertisement,Advertisement,Other,Advertisement,majority
1572659471712649218,FdM1dJ_WIAAymPw,Preparedness,General Information,Other,Preparedness,none
1572654404506976256,FdMw1JrXoAgTndp,Reports of Actions of Responders,General Information,Warnings & Status Updates,Reports of Actions of Responders,none
1572375426798067712,FdIzHi4WAAMxssj,Other,General Information,Warnings & Status Updates,Other,none
1572299706151374848,FdHuP5IXgAUsSbs,Insurance,Insurance,Insurance,Insurance,full
1571921131590004736,FdCV66mXEAA83bI,Preparedness,Advertisement,Advertisement,Advertisement,majority
1571577443139420160,Fc9dVSOXwAAEhxm,Smoke & Air Quality,Smoke & Air Quality,Smoke & Air Quality,Smoke & Air Quality,full
1571575757960355842,Fc9bztBWIAAO71K,Smoke & Air Quality,Smoke & Air Quality,Smoke & Air Quality,Smoke & Air Quality,full
1571517988666478592,Fc8nSCLWAAE7s-g,Smoke & Air Quality,Smoke & Air Quality,Smoke & Air Quality,Smoke & Air Quality,full
1571274481359781889,Fc5JtoWX0AATn0h,Reports of Actions of Responders,Reports of Actions of Responders,Reports of Actions of Responders,Reports of Actions of Responders,full
1571233510475845633,Fc4j2FHaMAA4cjM,Other,Other,Other,Other,full
1571227776660766723,Fc4fVf5WQAEyYNA,Preparedness,Preparedness,Preparedness,Preparedness,full
1571111891296227331,Fc218DhX0AAZLl5,Smoke & Air Quality,Smoke & Air Quality,Smoke & Air Quality,Smoke & Air Quality,full
1570895677571629058,FczxS0QXgAIN_nB,Other,General Information,Warnings & Status Updates,Other,none
1570822407639769088,Fcyup2nWYAEDVn5,Insurance,Insurance,Insurance,Insurance,full
1570822407639769088,Fcyup2pXEAEq5ui,Insurance,Insurance,Insurance,Insurance,full
1570822407639769088,Fcyup2iWYAEsdKm,Insurance,Insurance,Insurance,Insurance,full
1570822407639769088,Fcyup3TXEAQuLCy,Insurance,Insurance,Insurance,Insurance,full
1570789796074733568,FcyQ_ZIXEAMPDhk,Political,Support,Political,Political,majority
1570788509254045698,FcyP0vyaEAECv69,Weather Reports,Smoke & Air Quality,Weather Reports,Weather Reports,majority
1570480126433071105,Fct3WjvX0AQBNWP,Insurance,Insurance,Insurance,Insurance,full
1570413782576558080,Fcs7AhPaEAAI0Ti,Weather Reports,Smoke & Air Quality,Smoke & Air Quality,Smoke & Air Quality,majority
1570148820549500928,FcpKB93aEAAlI-z,General Information,General Information,General Information,General Information,full
1570148815310852097,FcpKBoTaMAAwZjh,General Information,General Information,General Information,General Information,full
1570148809564655616,FcpKBT0aEAAsqyc,General Information,General Information,General Information,General Information,full
1570148804011360256,FcpKBDeaEAElkAw,General Information,General Information,General Information,General Information,full
1570145429286699008,FcpG8o-WAAIj47n,Smoke & Air Quality,Preparedness,Preparedness,Preparedness,majority
1570140564720439299,FcpChSRX0AAcJDn,Insurance,Insurance,Insurance,Insurance,full
1570097177313312768,FcobEAmXoAAhEWt,Smoke & Air Quality,Smoke & Air Quality,Smoke & Air Quality,Smoke & Air Quality,full
1570052752964984832,Fcnyp6ZaIAMA8aQ,Smoke & Air Quality,Smoke & Air Quality,Smoke & Air Quality,Smoke & Air Quality,full
1569840523187298304,Fckxom4X0AAXEtK,Evacuees,Evacuees,Evacuees,Evacuees,full
1569838778558337025,FckwDLcXoAUqecs,Other,General Information,Warnings & Status Updates,Other,none
1569829601014329346,Fckns2maAAAnwgH,Warnings & Status Updates,Warnings & Status Updates,Warnings & Status Updates,Warnings & Status Updates,full
1569781872313483265,Fcj8SxCWQAIasz3,Insurance,Insurance,Insurance,Insurance,full
1569781872313483265,Fcj8SwNWQAMyNSZ,Insurance,Insurance,Insurance,Insurance,full
1569781872313483265,Fcj8SwUWYAE3oPE,Insurance,Insurance,Insurance,Insurance,full
1569781872313483265,Fcj8SvvX0AEEgad,Insurance,Insurance,Insurance,Insurance,full
1569769749147488258,FcjxRKcXwAEuj9T,Preparedness,Infrastructure,Preparedness,Preparedness,majority
1569764570901917697,FcjsbCPacAElXMi,Warnings & Status Updates,Warnings & Status Updates,Warnings & Status Updates,Warnings & Status Updates,full
1569761681223593984,FcjpiLjakAADEcG,General Information,Support,Preparedness,General Information,none
1569761681223593984,FcjpiLlagAA0rhP,General Information,Support,Preparedness,General Information,none
1569761681223593984,FcjpiLmaMAAkN5I,General Information,Support,Preparedness,General Information,none
1569735910765514753,FcjSfU3akAAJJhY,Smoke & Air Quality,Smoke & Air Quality,Smoke & Air Quality,Smoke & Air Quality,full
1569691981219246081,FciqiRxaMAMf_7M,Weather Reports,Smoke & Air Quality,Smoke & Air Quality,Smoke & Air Quality,majority
1569561787795898372,Fcg0IJ6acAIyQAz,Smoke & Air Quality,Smoke & Air Quality,Smoke & Air Quality,Smoke & Air Quality,full
1569510828055089152,FcgDNxPXwAMwsdv,Reports of Actions of Responders,Reports of Actions of Responders,Reports of Actions of Responders,Reports of Actions of Responders,full
1569501010875322372,Fcf82juWAAAEmg3,Smoke & Air Quality,Smoke & Air Quality,Preparedness,Smoke & Air Quality,majority
1569482659411427329,FcfsKInWIAA7x6c,Smoke & Air Quality,Smoke & Air Quality,Smoke & Air Quality,Smoke & Air Quality,full
1569480920016764929,FcfqkpvaIAAHeEW,Smoke & Air Quality,Smoke & Air Quality,Smoke & Air Quality,Smoke & Air Quality,full
1569462211772579840,FcfV9rPacAE89nY,Preparedness,General Information,Preparedness,Preparedness,majority
1569434738246709249,FcfAXavXwAIjMTz,Evacuees,Smoke & Air Quality,Evacuees,Evacuees,majority
1569430432592314368,Fce1p1yaQAAsEaZ,Preparedness,General Information,Preparedness,Preparedness,majority
1569430432592314368,Fce5zK2XoAAH67V,Preparedness,General Information,Preparedness,Preparedness,majority
1569430432592314368,Fce5z3daAAEZNhI,Preparedness,General Information,Preparedness,Preparedness,majority
1569430432592314368,Fce50UKaAAAcA6C,Preparedness,General Information,Preparedness,Preparedness,majority
1569428898710192128,Fce7QYXaQAASl6t,Smoke & Air Quality,Smoke & Air Quality,Smoke & Air Quality,Smoke & Air Quality,full
1569416102526042113,FcevoOGWIAgca1S,Preparedness,General Information,Smoke & Air Quality,Preparedness,none
1569413032153055232,Fcesw0GWQAAfm6F,Smoke & Air Quality,Smoke & Air Quality,Smoke & Air Quality,Smoke & Air Quality,full
1569413032153055232,FceswziaQAEwVbb,Smoke & Air Quality,Smoke & Air Quality,Smoke & Air Quality,Smoke & Air Quality,full
1569413032153055232,Fcesw0VaAAEICoI,Smoke & Air Quality,Smoke & Air Quality,Smoke & Air Quality,Smoke & Air Quality,full
1569398052011790337,FcedhUCaUAA15Kp,Reports of Actions of Responders,Reports of Actions of Responders,Reports of Actions of Responders,Reports of Actions of Responders,full
1569398052011790337,FcediTYaMAEFCgD,Reports of Actions of Responders,Reports of Actions of Responders,Reports of Actions of Responders,Reports of Actions of Responders,full
1569390583159963651,FceYa1GWYAIYC6D,Smoke & Air Quality,General Information,Smoke & Air Quality,Smoke & Air Quality,majority
1569389776549076995,FceXrvLX0AwZMtd,Evacuees,Smoke & Air Quality,Warnings & Status Updates,Evacuees,none
1569369691931709442,FceFQI_akAA_Wbn,Warnings & Status Updates,General Information,Other,Warnings & Status Updates,none
1569366624301613057,FceCWVpagAEfuLw,Preparedness,General Information,Preparedness,Preparedness,majority
1569360717320716289,Fcd9AM_WAAIEFUT,Smoke & Air Quality,Smoke & Air Quality,General Information,Smoke & Air Quality,majority
1569359952388706305,Fcd8gk-XkAYFO_3,General Information,General Information,Other,General Information,majority
1569359952388706305,Fcd8gkGaQAAlYM2,General Information,General Information,Other,General Information,majority
1569357787754274821,Fcd6lzhXoAQ4bwS,Insurance,Insurance,Insurance,Insurance,full
1569357073061904384,Fcd57D3WQAE53vy,Smoke & Air Quality,Smoke & Air Quality,Smoke & Air Quality,Smoke & Air Quality,full
1569349589551169536,FcdxiUXaIAIatad,Preparedness,General Information,Support,Preparedness,none
1569346857889075203,FcdwMOjaMAAm3Ym,Smoke & Air Quality,Weather Reports,Smoke & Air Quality,Smoke & Air Quality,majority
1569342901032984581,Fcdsgh6XgAAIqhe,Smoke & Air Quality,Smoke & Air Quality,Smoke & Air Quality,Smoke & Air Quality,full
1569339753304150019,FcdqMG-XoAERmeX,Evacuees,Evacuees,Evacuees,Evacuees,full
1569282949081878530,Fcc2hg5agAA9krq,Warnings & Status Updates,Weather Reports,Warnings & Status Updates,Warnings & Status Updates,majority
1569186079051481088,FcbZnK4acAAMZxX,Smoke & Air Quality,General Information,Other,Smoke & Air Quality,none
1569185554218221568,Fcbd8eWaUAI92D3,Smoke & Air Quality,Smoke & Air Quality,Smoke & Air Quality,Smoke & Air Quality,full
1569185554218221568,Fcbd8SoaQAA3Jvt,Smoke & Air Quality,Smoke & Air Quality,Smoke & Air Quality,Smoke & Air Quality,full
1569185310495633418,FcbduFDaIAA91AW,Smoke & Air Quality,Smoke & Air Quality,Warnings & Status Updates,Smoke & Air Quality,majority
1569174567868071939,FcbT8njaAAQCMNT,Smoke & Air Quality,Smoke & Air Quality,Smoke & Air Quality,Smoke & Air Quality,full
1569174567868071939,FcbT8ngakAAZLpa,Smoke & Air Quality,Smoke & Air Quality,Smoke & Air Quality,Smoke & Air Quality,full
1569174463891271681,FcbT23-aQAEgOx7,Smoke & Air Quality,Weather Reports,Weather Reports,Weather Reports,majority
1569160373487403009,FcbHB2GWAAIhhx_,Smoke & Air Quality,Smoke & Air Quality,Smoke & Air Quality,Smoke & Air Quality,full
1569158892286017537,FcbFsiyaIAEXbbl,Smoke & Air Quality,Smoke & Air Quality,Smoke & Air Quality,Smoke & Air Quality,full
1569155015666991104,FcbBnFIaIAM5wzq,Smoke & Air Quality,Weather Reports,General Information,Smoke & Air Quality,none
1569155015666991104,FcbBnE2aQAIxhpZ,Smoke & Air Quality,Weather Reports,General Information,Smoke & Air Quality,none
1569155015666991104,FcbBpyXagAIr1Z3,Smoke & Air Quality,Weather Reports,General Information,Smoke & Air Quality,none
1569155015666991104,FcbBtOtagAISWpD,Smoke & Air Quality,Weather Reports,General Information,Smoke & Air Quality,none
1569152242246352896,Fca_paJakAI3EZl,Smoke & Air Quality,Smoke & Air Quality,Smoke & Air Quality,Smoke & Air Quality,full
1569151823847780353,Fca_MnfaAAIxWmj,Smoke & Air Quality,Smoke & Air Quality,Smoke & Air Quality,Smoke & Air Quality,full
1569151823847780353,Fca_QVwaMAEPiI_,Smoke & Air Quality,Smoke & Air Quality,Smoke & Air Quality,Smoke & Air Quality,full
1569147089795559424,Fca6svqaIAAxiUI,Smoke & Air Quality,Smoke & Air Quality,Smoke & Air Quality,Smoke & Air Quality,full
1569146744952463361,Fca6pgHaAAAUwBd,Smoke & Air Quality,Smoke & Air Quality,General Information,Smoke & Air Quality,majority
1569138195178356736,Fcay3vHaIAEtcH_,Smoke & Air Quality,Smoke & Air Quality,Smoke & Air Quality,Smoke & Air Quality,full
1569133103804985344,FcauPT5acAMPWSD,Smoke & Air Quality,Infrastructure,Infrastructure,Infrastructure,majority
1569130497971986436,Fcar3q9aUAE83L0,Smoke & Air Quality,Smoke & Air Quality,Smoke & Air Quality,Smoke & Air Quality,full
1569126409922281477,FcaoJwOaAAAnCaT,Smoke & Air Quality,Weather Reports,Smoke & Air Quality,Smoke & Air Quality,majority
1569124182910451712,FcamIK-acAAtARN,Smoke & Air Quality,Smoke & Air Quality,Smoke & Air Quality,Smoke & Air Quality,full
1569113743359082496,FcacoRzaIAEEWg8,Smoke & Air Quality,Smoke & Air Quality,Smoke & Air Quality,Smoke & Air Quality,full
1569112778362986497,FcabwYjaIAAJIDm,Smoke & Air Quality,Smoke & Air Quality,Smoke & Air Quality,Smoke & Air Quality,full
1569110269359697920,FcaZNX2aUAEyJjQ,Smoke & Air Quality,Warnings & Status Updates,Preparedness,Smoke & Air Quality,none
1569110078648913920,FcaZQLQaMAAipo4,Warnings & Status Updates,Warnings & Status Updates,Warnings & Status Updates,Warnings & Status Updates,full
1569107881215291394,FcaXTN2akAEIgT5,Smoke & Air Quality,Weather Reports,Smoke & Air Quality,Smoke & Air Quality,majority
1569107881215291394,FcaXTN0aMAAFMxM,Smoke & Air Quality,Weather Reports,Smoke & Air Quality,Smoke & Air Quality,majority
1569102264366940161,FcaSG34aIAESv6T,Smoke & Air Quality,Weather Reports,Smoke & Air Quality,Smoke & Air Quality,majority
1569102264366940161,FcaSG3lagAAy8Fd,Smoke & Air Quality,Smoke & Air Quality,General Information,Smoke & Air Quality,majority
1569101698815373313,FcaRrMCakAEUVRZ,Smoke & Air Quality,Smoke & Air Quality,Smoke & Air Quality,Smoke & Air Quality,full
1569098157476421632,FcaOdQdagAExt8n,Other,Smoke & Air Quality,Other,Other,majority
1569088385209466881,FcaFkhvaIAcJH67,Reports of Actions of Responders,Reports of Actions of Responders,Reports of Actions of Responders,Reports of Actions of Responders,full
1569086222328537088,FcaDmnNaMAIWpye,Smoke & Air Quality,Other,Other,Other,majority
1569081778203410432,FcZ_h82aIAA1k0g,Smoke & Air Quality,Smoke & Air Quality,Smoke & Air Quality,Smoke & Air Quality,full
1569062969966997504,FcZucu9agAIvuqz,Smoke & Air Quality,Weather Reports,Smoke & Air Quality,Smoke & Air Quality,majority
1569062969966997504,FcZuc-iaMAAASdg,Smoke & Air Quality,Weather Reports,Smoke & Air Quality,Smoke & Air Quality,majority
1569060295884029952,FcZsBgUXEAAVEiR,Smoke & Air Quality,Smoke & Air Quality,Smoke & Air Quality,Smoke & Air Quality,full
1569059982687240192,FcZri--agAA99Og,Reports of Actions of Responders,Warnings & Status Updates,Warnings & Status Updates,Warnings & Status Updates,majority
1569057438854434817,FcZoku-aMAAiwwS,Other,Other,Other,Other,full
1569052749748133889,FcZlKM8WYAMHqe0,Evacuees,Smoke & Air Quality,Warnings & Status Updates,Evacuees,none
1569048799733227521,FcZhkNdaMAAfAdj,Smoke & Air Quality,Smoke & Air Quality,Smoke & Air Quality,Smoke & Air Quality,full
1569048713510928384,FcZhfR8aQAAKX6G,Smoke & Air Quality,Smoke & Air Quality,Smoke & Air Quality,Smoke & Air Quality,full
1569037958027816960,FcZXqgGaMAA08_t,Smoke & Air Quality,Warnings & Status Updates,Smoke & Air Quality,Smoke & Air Quality,majority
1569035088004009985,FcZVF-IacAcbZ3W,Smoke & Air Quality,Smoke & Air Quality,Smoke & Air Quality,Smoke & Air Quality,full
1569029985989689344,FcZQdNcaUAMBon2,Smoke & Air Quality,Weather Reports,Smoke & Air Quality,Smoke & Air Quality,majority
1569025193997381633,FcZMFH1agAM0yBo,Smoke & Air Quality,Smoke & Air Quality,General Information,Smoke & Air Quality,majority
1569024620325662720,FcZLA1QaIAANRn2,Other,Smoke & Air Quality,Smoke & Air Quality,Smoke & Air Quality,majority
1569002921219731461,FcY31xHacAEQUiP,Smoke & Air Quality,Smoke & Air Quality,Smoke & Air Quality,Smoke & Air Quality,full
1569002921219731461,FcY31xJaQAAPtn6,Smoke & Air Quality,Smoke & Air Quality,Smoke & Air Quality,Smoke & Air Quality,full
1569000475135025153,FcY1fOhXoAUfvqe,General Information,Warnings & Status Updates,Preparedness,General Information,none
1568999827719200770,FcY1BwSaUAM1dT4,Smoke & Air Quality,Smoke & Air Quality,General Information,Smoke & Air Quality,majority
1568998448371998720,FcYzxgoagAEX7op,Infrastructure,Infrastructure,Infrastructure,Infrastructure,full
1568987710425288705,FcYqAetaIAI-u4E,Weather Reports,Smoke & Air Quality,Smoke & Air Quality,Smoke & Air Quality,majority
1568985655484743683,FcYoIthaUAIJp9b,Smoke & Air Quality,Smoke & Air Quality,Smoke & Air Quality,Smoke & Air Quality,full
1568985655484743683,FcYoItjaAAAWf3v,Smoke & Air Quality,Smoke & Air Quality,Smoke & Air Quality,Smoke & Air Quality,full
1568837345096642560,FcWgB3OaIAAFsyZ,Smoke & Air Quality,Smoke & Air Quality,Smoke & Air Quality,Smoke & Air Quality,full
1568836854077861899,FcWgzfuaUAAZOS5,Smoke & Air Quality,Other,Smoke & Air Quality,Smoke & Air Quality,majority
1568828279142117378,FcWYwQ4acAE7foy,Smoke & Air Quality,Smoke & Air Quality,Smoke & Air Quality,Smoke & Air Quality,full
1568828279142117378,FcWYwRaacAMRHHH,Smoke & Air Quality,Smoke & Air Quality,Smoke & Air Quality,Smoke & Air Quality,full
1568828279142117378,FcWYwQ5aUAEnDZ1,Smoke & Air Quality,Smoke & Air Quality,Smoke & Air Quality,Smoke & Air Quality,full
1568828279142117378,FcWYwQ-aAAEyKY7,Smoke & Air Quality,Smoke & Air Quality,Smoke & Air Quality,Smoke & Air Quality,full
1568818150212521987,FcWPx-BaIAAxmYR,Smoke & Air Quality,Smoke & Air Quality,Smoke & Air Quality,Smoke & Air Quality,full
1568818150212521987,FcWPx-BagAEgkkL,Smoke & Air Quality,Smoke & Air Quality,Smoke & Air Quality,Smoke & Air Quality,full
1568815750156255233,FcWNhmLaUAIgh2I,Evacuees,Evacuees,Smoke & Air Quality,Evacuees,majority
1568786713358770176,FcVzMwWacAclLzx,Smoke & Air Quality,Smoke & Air Quality,Smoke & Air Quality,Smoke & Air Quality,full
1568786490834186241,FcVy_7WacAAkJxY,Smoke & Air Quality,Smoke & Air Quality,Smoke & Air Quality,Smoke & Air Quality,full
1568775430001553408,FcVo6NWaUAA8gRN,Smoke & Air Quality,Smoke & Air Quality,Smoke & Air Quality,Smoke & Air Quality,full
1568775430001553408,FcVo7JjaUAAg-VF,Smoke & Air Quality,Smoke & Air Quality,Smoke & Air Quality,Smoke & Air Quality,full
1568771511254921218,FcVlX7NWYAA1c6Q,Reports of Actions of Responders,Reports of Actions of Responders,Reports of Actions of Responders,Reports of Actions of Responders,full
1568770524041609217,FcVjknvXEAEacXR,Smoke & Air Quality,Weather Reports,Smoke & Air Quality,Smoke & Air Quality,majority
1568770524041609217,FcVkbucX0AcG4Gh,Smoke & Air Quality,Weather Reports,Smoke & Air Quality,Smoke & Air Quality,majority
1568766115467374598,FcVgd7PaMAIrdPb,Smoke & Air Quality,Smoke & Air Quality,Smoke & Air Quality,Smoke & Air Quality,full
1568766115467374598,FcVgdrKakAAcVrO,Smoke & Air Quality,Smoke & Air Quality,Smoke & Air Quality,Smoke & Air Quality,full
1568766115467374598,FcVgdczaUAEkWPq,Smoke & Air Quality,Smoke & Air Quality,Smoke & Air Quality,Smoke & Air Quality,full
1568766115467374598,FcVgdODaIAIm00L,Smoke & Air Quality,Smoke & Air Quality,Smoke & Air Quality,Smoke & Air Quality,full
1568749218487242754,FcVQN9_aUAAO5YJ,Reports of Actions of Responders,Smoke & Air Quality,Reports of Actions of Responders,Reports of Actions of Responders,majority
1568738875270656000,FcVHsQDaAAA99i5,Warnings & Status Updates,Smoke & Air Quality,Warnings & Status Updates,Warnings & Status Updates,majority
1568724443958226944,FcU6jOvakAMdve5,Smoke & Air Quality,Smoke & Air Quality,Smoke & Air Quality,Smoke & Air Quality,full
1568717127468879872,FcUz4_TaAAA13dU,Smoke & Air Quality,Other,Smoke & Air Quality,Smoke & Air Quality,majority
1568717127468879872,FcUz5beakAEfUNu,Smoke & Air Quality,Smoke & Air Quality,Smoke & Air Quality,Smoke & Air Quality,full
1568717127468879872,FcUz5-vaQAAU9ky,Smoke & Air Quality,Smoke & Air Quality,Smoke & Air Quality,Smoke & Air Quality,full
1568717127468879872,FcUz6araAAEtKlp,Smoke & Air Quality,Weather Reports,Smoke & Air Quality,Smoke & Air Quality,majority
1568703197530947584,FcUnPRiaQAEWiPw,Other,Other,Political,Other,majority
1568700621704040449,FcUk3r3aIAAZAyX,Reports of Actions of Responders,Evacuees,Reports of Actions of Responders,Reports of Actions of Responders,majority
1568697840393924609,FcUiXqRacAErlIl,Smoke & Air Quality,Smoke & Air Quality,Smoke & Air Quality,Smoke & Air Quality,full
1568695720471035905,FcUf5XWaMAMUfX_,Warnings & Status Updates,Smoke & Air Quality,Warnings & Status Updates,Warnings & Status Updates,majority
1568694337898426369,FcUfLsmaUAEmMRc,Smoke & Air Quality,Smoke & Air Quality,Smoke & Air Quality,Smoke & Air Quality,full
1568655948046282752,FcT8QD-aMAINJx1,Reports of Actions of Responders,Reports of Actions of Responders,Reports of Actions of Responders,Reports of Actions of Responders,full
1568627737862225921,FcTim-HaIAQa6ep,Smoke & Air Quality,Smoke & Air Quality,Smoke & Air Quality,Smoke & Air Quality,full
1568627737862225921,FcTim-DakAAIVEj,Smoke & Air Quality,Smoke & Air Quality,Smoke & Air Quality,Smoke & Air Quality,full
1568622360936484867,FcTdt0xaAAAwNyY,Smoke & Air Quality,Smoke & Air Quality,Smoke & Air Quality,Smoke & Air Quality,full
1568622360936484867,FcTduMKaMAEwYst,Smoke & Air Quality,Other,Smoke & Air Quality,Smoke & Air Quality,majority
1568608729880223745,FcTRG4_WAAA0WdV,Smoke & Air Quality,Weather Reports,Smoke & Air Quality,Smoke & Air Quality,majority
1568608729880223745,FcTRHtoWYAAXRTi,Smoke & Air Quality,Weather Reports,Smoke & Air Quality,Smoke & Air Quality,majority
1568608729880223745,FcTRIXwWAAUA7vI,Smoke & Air Quality,Weather Reports,Smoke & Air Quality,Smoke & Air Quality,majority
1568412663562272768,FcQe_9raMAEkJ9j,Smoke & Air Quality,Smoke & Air Quality,Smoke & Air Quality,Smoke & Air Quality,full
1568382974399217664,FcQEAJ2WYAMyta7,Evacuees,Evacuees,Preparedness,Evacuees,majority
1568358969952899077,FcPuK9cWQAAZQ6-,Other,General Information,Warnings & Status Updates,Other,none
1568345480710717441,FcPh1o-aAAAUGU0,Warnings & Status Updates,Warnings & Status Updates,Warnings & Status Updates,Warnings & Status Updates,full
1568333455498571776,FcPWe3uagAE1GXe,Smoke & Air Quality,Warnings & Status Updates,Smoke & Air Quality,Smoke & Air Quality,majority
1568329716754714624,FcPTkKLXkAUDx8p,Preparedness,General Information,Preparedness,Preparedness,majority
1568321818842517505,FcPMYTraQAIxq2c,Warnings & Status Updates,Warnings & Status Updates,Warnings & Status Updates,Warnings & Status Updates,full
1568314911285198848,FcPGBPfacAEV7L0,Warnings & Status Updates,Smoke & Air Quality,Warnings & Status Updates,Warnings & Status Updates,majority
1568303081347219456,FcO6_jXaQAEQdU0,Weather Reports,General Information,Weather Reports,Weather Reports,majority
1568271969921138690,FcOe8qRaUAAcTgV,Reports of Actions of Responders,Smoke & Air Quality,Reports of Actions of Responders,Reports of Actions of Responders,majority
1568264299835195393,FcOX8MqaMAA_k7j,Warnings & Status Updates,Smoke & Air Quality,Warnings & Status Updates,Warnings & Status Updates,majority
1568263969391132672,FcOXxJ2aMAMaTgY,Reports of Actions of Responders,Smoke & Air Quality,Reports of Actions of Responders,Reports of Actions of Responders,majority
1568056293654667265,FcLay-YaQAAVn0p,Warnings & Status Updates,Reports of Actions of Responders,Reports of Actions of Responders,Reports of Actions of Responders,majority
1568043867064389638,FcLPAN8aUAE2ZtQ,Reports of Actions of Responders,Smoke & Air Quality,Reports of Actions of Responders,Reports of Actions of Responders,majority
1568034500864770049,FcLGp3baAAAyrH3,Reports of Actions of Responders,Reports of Actions of Responders,Smoke & Air Quality,Reports of Actions of Responders,majority
1568022989480017922,FcK8laqacAEPyap,Other,Warnings & Status Updates,Other,Other,majority
1568022989480017922,FcK8laqagAAdsbz,Other,Warnings & Status Updates,Other,Other,majority
1568022989480017922,FcK8lasaIAEEmF6,Other,Warnings & Status Updates,Other,Other,majority
1568005052954038272,FcKsSVcXwAAd6J4,Preparedness,Preparedness,Preparedness,Preparedness,full
1568003101101068288,FcKqgt2XEAMR0F3,Preparedness,Preparedness,Preparedness,Preparedness,full
1567988697307709440,FcKdSV_aMAA4RtP,Reports of Actions of Responders,Warnings & Status Updates,Warnings & Status Updates,Warnings & Status Updates,majority
1567961902562820096,FcKFCGmaAAAEI-z,Warnings & Status Updates,Warnings & Status Updates,Warnings & Status Updates,Warnings & Status Updates,full
1567959425721470977,FcKCndKagAANsjQ,Preparedness,Preparedness,Preparedness,Preparedness,full
1567948549165568000,FcJ35JqakAAxhKx,Reports of Actions of Responders,Warnings & Status Updates,Warnings & Status Updates,Warnings & Status Updates,majority
1567691702219194369,FcGPHJuacAAcNFx,Reports of Actions of Responders,Warnings & Status Updates,Warnings & Status Updates,Warnings & Status Updates,majority
1567687156742889472,FcGI5idaMAAc9a_,Reports of Actions of Responders,Reports of Actions of Responders,Reports of Actions of Responders,Reports of Actions of Responders,full
1567682039385829378,FcGGfWjaQAALtvC,Reports of Actions of Responders,Reports of Actions of Responders,Reports of Actions of Responders,Reports of Actions of Responders,full
1567648008057286656,FcFnjQZaAAACY-h,Reports of Actions of Responders,Smoke & Air Quality,Reports of Actions of Responders,Reports of Actions of Responders,majority
1567548239037235206,FcEM0FRaMAIWOOR,Smoke & Air Quality,Smoke & Air Quality,Smoke & Air Quality,Smoke & Air Quality,full
1567350110920777728,FcBXz7laQAARiMU,Reports of Actions of Responders,Warnings & Status Updates,Warnings & Status Updates,Warnings & Status Updates,majority
1567301975942877184,FcAs11PXoAAcjrg,Other,General Information,Warnings & Status Updates,Other,none
1567271108449284096,FcAPzp7akAAAMM_,Reports of Actions of Responders,Smoke & Air Quality,Warnings & Status Updates,Reports of Actions of Responders,none
1567235714018050049,Fb_wkbqagAAPY3R,Warnings & Status Updates,Warnings & Status Updates,Warnings & Status Updates,Warnings & Status Updates,full
1566989140268548097,Fb8P6NZaQAA6sbQ,Reports of Actions of Responders,Smoke & Air Quality,Reports of Actions of Responders,Reports of Actions of Responders,majority
1566837651080384514,Fb6Gh1yakAAggO9,Smoke & Air Quality,Other,Smoke & Air Quality,Smoke & Air Quality,majority
1566801341892427778,Fb5lglkaMAEU3k2,Preparedness,Warnings & Status Updates,Preparedness,Preparedness,majority
1566679562205143040,Fb32fVCakAAAv3_,Other,Other,Warnings & Status Updates,Other,majority
1566679562205143040,Fb32fVIaUAA1MCu,Smoke & Air Quality,Smoke & Air Quality,Warnings & Status Updates,Smoke & Air Quality,majority
1566679562205143040,Fb32fVDaAAAsSCS,Other,Reports of Actions of Responders,Warnings & Status Updates,Other,none
1566679562205143040,Fb32fVLaAAImZGt,Smoke & Air Quality,Smoke & Air Quality,Warnings & Status Updates,Smoke & Air Quality,majority
1566591638927208449,Fb2mvWoaIAA7JZy,Warnings & Status Updates,Warnings & Status Updates,Warnings & Status Updates,Warnings & Status Updates,full
1566562974789439488,Fb2L8I3agAEl7cn,Warnings & Status Updates,Smoke & Air Quality,Evacuees,Warnings & Status Updates,none
1566557344418656257,Fb2HmYfakAAiHxM,Smoke & Air Quality,Smoke & Air Quality,Smoke & Air Quality,Smoke & Air Quality,full
1566557344418656257,Fb2HmYbacAA6vxW,Smoke & Air Quality,Smoke & Air Quality,Smoke & Air Quality,Smoke & Air Quality,full
1566557344418656257,Fb2HmYeakAEnmET,Smoke & Air Quality,Smoke & Air Quality,Smoke & Air Quality,Smoke & Air Quality,full
1566557344418656257,Fb2HmZHagAAXR02,Smoke & Air Quality,Smoke & Air Quality,Smoke & Air Quality,Smoke & Air Quality,full
1566529349234622464,Fb1uHy_agAAP73A,Other,Other,Weather Reports,Other,majority
1566529349234622464,Fb1uHy9aMAASVwf,Other,Other,Other,Other,full
1566529349234622464,Fb1uHy-akAAhgVP,Other,Other,Weather Reports,Other,majority
1566518075687444480,Fb1j4qfUsAAne6h,Smoke & Air Quality,Smoke & Air Quality,Warnings & Status Updates,Smoke & Air Quality,majority
1566518075687444480,Fb1j4FKUYAAl4bI,Smoke & Air Quality,Smoke & Air Quality,Warnings & Status Updates,Smoke & Air Quality,majority
1566515996206465024,Fb1h13magAEb2kV,Warnings & Status Updates,Preparedness,Warnings & Status Updates,Warnings & Status Updates,majority
1566514866558345217,Fb1g95hVsAAPuAz,Smoke & Air Quality,Smoke & Air Quality,Smoke & Air Quality,Smoke & Air Quality,full
1566514272091262976,Fb1gas_VsAA37J0,Smoke & Air Quality,Smoke & Air Quality,Smoke & Air Quality,Smoke & Air Quality,full
1566514272091262976,Fb1gbTcUYAA0jra,Smoke & Air Quality,Weather Reports,Smoke & Air Quality,Smoke & Air Quality,majority
1566505954203795456,Fb1Yjm9aMAARypy,Smoke & Air Quality,Smoke & Air Quality,Smoke & Air Quality,Smoke & Air Quality,full
1566505049907310592,Fb1YCgRVUAMK-kM,Smoke & Air Quality,Smoke & Air Quality,Smoke & Air Quality,Smoke & Air Quality,full
1566499783954423809,Fb1TP8pVEAAUXSC,Smoke & Air Quality,Smoke & Air Quality,Smoke & Air Quality,Smoke & Air Quality,full
1566487074634858496,Fb1HsHMacAApqQJ,Smoke & Air Quality,Weather Reports,Smoke & Air Quality,Smoke & Air Quality,majority
1566463612583301120,Fb0yWZeaIAA8TSI,Preparedness,General Information,Preparedness,Preparedness,majority
1566235453573177344,Fbxi1vJaUAAlC6K,Smoke & Air Quality,Smoke & Air Quality,Smoke & Air Quality,Smoke & Air Quality,full
1566168845739593737,FbwmQ9-XoAEmWE4,Smoke & Air Quality,Weather Reports,Smoke & Air Quality,Smoke & Air Quality,majority
1566154328892739585,FbwZD8RXkAE7oMn,Preparedness,General Information,Preparedness,Preparedness,majority
1566138343020437504,FbwKhaQaMAEQdMf,Smoke & Air Quality,Warnings & Status Updates,Smoke & Air Quality,Smoke & Air Quality,majority
1566085875523813376,FbvazA6aMAAhAY3,Preparedness,Reports of Actions of Responders,Preparedness,Preparedness,majority
1565947143860662272,FbtcnmsagAE6-sg,Smoke & Air Quality,Smoke & Air Quality,Warnings & Status Updates,Smoke & Air Quality,majority
1565924934433804289,FbtIYhUaIAIihPk,Smoke & Air Quality,Smoke & Air Quality,Smoke & Air Quality,Smoke & Air Quality,full
1565924934433804289,FbtIZV9aIAA_daZ,Smoke & Air Quality,Smoke & Air Quality,Smoke & Air Quality,Smoke & Air Quality,full
1565924934433804289,FbtIaEYaMAIlz-T,Smoke & Air Quality,Smoke & Air Quality,Smoke & Air Quality,Smoke & Air Quality,full
1565924934433804289,FbtIay1aQAAhukW,Smoke & Air Quality,Smoke & Air Quality,Smoke & Air Quality,Smoke & Air Quality,full
1565902416587161601,Fbsz8rTaQAI4kVM,Warnings & Status Updates,Weather Reports,Smoke & Air Quality,Warnings & Status Updates,none
1565877664099205120,FbsdHVtaIAAk176,Reports of Actions of Responders,Warnings & Status Updates,Warnings & Status Updates,Warnings & Status Updates,majority
1565867233553022976,FbsTtP8aQAAdjU3,Smoke & Air Quality,Smoke & Air Quality,Smoke & Air Quality,Smoke & Air Quality,full
1565853288536641537,FbsHQLPaQAEZHVO,Smoke & Air Quality,Smoke & Air Quality,Smoke & Air Quality,Smoke & Air Quality,full
1565853288536641537,FbsHQLTagAAgey8,Smoke & Air Quality,Smoke & Air Quality,Smoke & Air Quality,Smoke & Air Quality,full
1565853288536641537,FbsHQLPaQAAcztM,Smoke & Air Quality,Smoke & Air Quality,Reports of Actions of Responders,Smoke & Air Quality,majority
1565853288536641537,FbsHQLaaAAAZwqC,Smoke & Air Quality,Other,Reports of Actions of Responders,Smoke & Air Quality,none
1565849173945368576,FbsDhAxaUAEZZMG,Reports of Actions of Responders,Reports of Actions of Responders,Reports of Actions of Responders,Reports of Actions of Responders,full
1565839933935591425,Fbr7HUBagAETCem,Smoke & Air Quality,Smoke & Air Quality,Smoke & Air Quality,Smoke & Air Quality,full
1565839933935591425,Fbr7HrKacAA8j4U,Smoke & Air Quality,Weather Reports,Smoke & Air Quality,Smoke & Air Quality,majority
1565822211600023559,FbrrAMYXwAEvAC-,Other,General Information,Warnings & Status Updates,Other,none
1565762777041764352,Fbq08TaaAAAE8_j,Smoke & Air Quality,Smoke & Air Quality,Smoke & Air Quality,Smoke & Air Quality,full
1565722726454947840,FbqQhERakAExcKP,Warnings & Status Updates,Smoke & Air Quality,Warnings & Status Updates,Warnings & Status Updates,majority
1565519885840556033,FbmeLJUaMAAq1U3,Preparedness,General Information,Preparedness,Preparedness,majority
1565490213241356288,Fbm9DRSaUAAGlkp,Warnings & Status Updates,Smoke & Air Quality,Preparedness,Warnings & Status Updates,none
1565360785911853057,FblG8uWaUAA9Vr6,Other,Reports of Actions of Responders,Reports of Actions of Responders,Reports of Actions of Responders,majority
1565119853262180353,FbhnP17aIAA_vhM,Preparedness,Warnings & Status Updates,Warnings & Status Updates,Warnings & Status Updates,majority
1565113940061089792,Fbhm1VFakAA8MP0,Smoke & Air Quality,Smoke & Air Quality,Smoke & Air Quality,Smoke & Air Quality,full
1564765243905130498,FbcpsmhX0AQIRcm,Other,General Information,Warnings & Status Updates,Other,none
1564723966979506176,FbcEDW4aQAA5cOc,Reports of Actions of Responders,Warnings & Status Updates,Reports of Actions of Responders,Reports of Actions of Responders,majority
1564685680437239808,FbbfgoVaMAEPI3p,Preparedness,Infrastructure,Warnings & Status Updates,Preparedness,none
1564685680437239808,FbbfgoWakAEdrRW,Preparedness,Infrastructure,Warnings & Status Updates,Preparedness,none
1564685680437239808,FbbfgoWaQAAxNNH,Preparedness,Infrastructure,Warnings & Status Updates,Preparedness,none
1564685680437239808,FbbfgoZaMAA_0H6,Preparedness,Infrastructure,Warnings & Status Updates,Preparedness,none
1564409915485356032,FbXmTfJacAAMcw5,Preparedness,General Information,Preparedness,Preparedness,majority
1564347785960628224,FbWtpSYaIAA3DMg,Preparedness,Advertisement,Preparedness,Preparedness,majority
1564341564595662849,FbWnltEaMAADSTP,Smoke & Air Quality,Smoke & Air Quality,Smoke & Air Quality,Smoke & Air Quality,full
1564332060608966656,FbWfJfFaMAANGr6,Reports of Actions of Responders,Warnings & Status Updates,Reports of Actions of Responders,Reports of Actions of Responders,majority
1564262611755356160,FbVgjAFaQAAfNst,Other,Reports of Actions of Responders,Other,Other,majority
1564155426564091905,FbT_EfjacAAowwL,Reports of Actions of Responders,Warnings & Status Updates,Warnings & Status Updates,Warnings & Status Updates,majority
1563923381564874752,FbQsBCdaAAAradM,Preparedness,General Information,Preparedness,Preparedness,majority
1563668915053817856,FbNEe03UEAAm1n0,Warnings & Status Updates,Smoke & Air Quality,Warnings & Status Updates,Warnings & Status Updates,majority
1563668915053817856,FbNEfusWQAAI5Y_,Warnings & Status Updates,Smoke & Air Quality,Warnings & Status Updates,Warnings & Status Updates,majority
1563659490163306496,FbM70K7XoAAMSBx,Infrastructure,Infrastructure,Warnings & Status Updates,Infrastructure,majority
1563659490163306496,FbM73paX0AAqbIT,Infrastructure,Infrastructure,Warnings & Status Updates,Infrastructure,majority
1563654906879578113,FbM21gHWAAA-4yP,Weather Reports,Smoke & Air Quality,Weather Reports,Weather Reports,majority
1563650832297787392,FbMxtscXwAAK-xm,Infrastructure,Infrastructure,Warnings & Status Updates,Infrastructure,majority
1563650832297787392,FbMyWJzVsAArQg3,Infrastructure,Infrastructure,Warnings & Status Updates,Infrastructure,majority
1563627415758569472,FbMexYDUcAA-eI4,Warnings & Status Updates,Warnings & Status Updates,Warnings & Status Updates,Warnings & Status Updates,full
1563597784192012289,FbMDr4eaAAEv0H1,Weather Reports,Other,Weather Reports,Weather Reports,majority
1563572268248498178,FbLssTwUIAQTXme,General Information,General Information,Support,General Information,majority
1563551766775738368,FbLYosgaAAUz41e,Smoke & Air Quality,Smoke & Air Quality,Other,Smoke & Air Quality,majority
1563544379209711617,FbLTUZSagAQJmsM,General Information,Other,Warnings & Status Updates,General Information,none
1563402516871540737,FbJSDdsaUAEQYMP,Reports of Actions of Responders,Smoke & Air Quality,Reports of Actions of Responders,Reports of Actions of Responders,majority
1563296905995890689,FbHyMcfVUAArx1o,Preparedness,Preparedness,Preparedness,Preparedness,full
1563285558264078337,FbHn7kSVsAAZNSx,Other,General Information,Warnings & Status Updates,Other,none
1563263062102405122,FbHTdqPVUAI6-1j,Other,Preparedness,Other,Other,majority
1563239039096205313,FbG9nqBUUAAbVXW,Warnings & Status Updates,General Information,Warnings & Status Updates,Warnings & Status Updates,majority
1563183058677026819,FbGKswDakAE8MfU,Other,Reports of Actions of Responders,Support,Other,none
1563183058677026819,FbGKsPKacAIx0fW,Other,Reports of Actions of Responders,Support,Other,none
1563183058677026819,FbGKsO-aQAMxxBV,Other,Reports of Actions of Responders,Support,Other,none
1563183058677026819,FbGKsOuaAAYdyb4,Other,Reports of Actions of Responders,Support,Other,none
1562847577951072256,FbBZK7eakAIR6K1,Preparedness,Preparedness,Preparedness,Preparedness,full
1562820609113202688,FbBBDgtaAAEM4jz,Warnings & Status Updates,General Information,Preparedness,Warnings & Status Updates,none
1562491030229856258,Fa8VT6bUYAEsDw0,Evacuees,Evacuees,Reports of Actions of Responders,Evacuees,majority
1562247472709238784,Fa43yWrUEAAxaHR,Reports of Actions of Responders,Warnings & Status Updates,Warnings & Status Updates,Warnings & Status Updates,majority
1562228560232091652,Fa4mmL7WIAAij_L,Other,General Information,Warnings & Status Updates,Other,none
1562108840375623681,Fa25tk9X0AE57Ci,Preparedness,Smoke & Air Quality,Preparedness,Preparedness,majority
1561846586681880576,FazLMA-VQAATuAS,Warnings & Status Updates,Infrastructure,Smoke & Air Quality,Warnings & Status Updates,none
1561843965573283840,FazIvrOUYAAx81M,Insurance,Insurance,Preparedness,Insurance,majority
1561513943042068480,Faucp-RWAAEY3qn,Reports of Actions of Responders,Smoke & Air Quality,Reports of Actions of Responders,Reports of Actions of Responders,majority
1561376091155025921,FasfRalVQAERcZU,Preparedness,Other,Preparedness,Preparedness,majority
1561019491206672384,Fana8owVEAI_ZzN,General Information,General Information,Warnings & Status Updates,General Information,majority
1560825127574482949,FakqLaHVEAAI5Ml,Smoke & Air Quality,Smoke & Air Quality,Smoke & Air Quality,Smoke & Air Quality,full
1560767127941816320,Faj1bcPUYAArwh7,Warnings & Status Updates,Smoke & Air Quality,Warnings & Status Updates,Warnings & Status Updates,majority
1560726089244110848,FajNgUpUsAERGKg,Reports of Actions of Responders,Reports of Actions of Responders,Reports of Actions of Responders,Reports of Actions of Responders,full
1560726089244110848,FajOzqIVEAER_ww,Reports of Actions of Responders,Reports of Actions of Responders,Reports of Actions of Responders,Reports of Actions of Responders,full
1560672880051924992,FaiftIeUUAAWfM8,Weather Reports,Smoke & Air Quality,Weather Reports,Weather Reports,majority
1560666843886637057,FaiSlQ6XkAAzLCR,Other,Other,Preparedness,Other,majority
1560666841177014279,FaiQ_PaX0AEkjsg,Other,Other,Other,Other,full
1560666841177014279,FaiRQ-rWIAEBweL,Other,Other,Other,Other,full
1560663585625235457,FaiXQfFX0AADgTG,Warnings & Status Updates,Warnings & Status Updates,Warnings & Status Updates,Warnings & Status Updates,full
1560658248533180416,FaiQ_PaX0AEkjsg,Other,Infrastructure,Other,Other,majority
1560658248533180416,FaiRQ-rWIAEBweL,Other,Infrastructure,Other,Other,majority
1560655255175839744,FaiPXKBXwAAsxYt,Weather Reports,Weather Reports,Weather Reports,Weather Reports,full
1560322908441874432,FadhaeGUIAIu_9e,Reports of Actions of Responders,Reports of Actions of Responders,Reports of Actions of Responders,Reports of Actions of Responders,full
1560304270691500034,FadQdyNX0AA3c6-,Infrastructure,Preparedness,Reports of Actions of Responders,Infrastructure,none
1560303653298135040,FadP3zGWAAABu6a,Reports of Actions of Responders,Reports of Actions of Responders,Reports of Actions of Responders,Reports of Actions of Responders,full
1560279114384285696,Fac5lb4aUAE_dII,Infrastructure,Preparedness,Reports of Actions of Responders,Infrastructure,none
1560278603983568902,Fac5HwBVUAIjcDg,Infrastructure,Preparedness,Reports of Actions of Responders,Infrastructure,none
1560278353608773632,Fac45LPVEAAcnBE,Infrastructure,Preparedness,Reports of Actions of Responders,Infrastructure,none
1560106901773631488,Faac9YlUsAADefZ,Weather Reports,Smoke & Air Quality,Warnings & Status Updates,Weather Reports,none
1560044916553658368,FaZj_t0UYAYxARP,Reports of Actions of Responders,Reports of Actions of Responders,Reports of Actions of Responders,Reports of Actions of Responders,full
1560012931852472320,FaZG5ocUEAEAeM8,Reports of Actions of Responders,Smoke & Air Quality,Reports of Actions of Responders,Reports of Actions of Responders,majority
1560011390047305728,FaZGF86UYAAToZP,Reports of Actions of Responders,Smoke & Air Quality,Reports of Actions of Responders,Reports of Actions of Responders,majority
1560011388054999040,FaZGF0ZUUAAPqAD,Reports of Actions of Responders,Smoke & Air Quality,Reports of Actions of Responders,Reports of Actions of Responders,majority
1560011385731395585,FaZGFrvVEAIH2T4,Reports of Actions of Responders,Smoke & Air Quality,Reports of Actions of Responders,Reports of Actions of Responders,majority
1560011383449665536,FaZGFk7UIAIzkga,Reports of Actions of Responders,Smoke & Air Quality,Reports of Actions of Responders,Reports of Actions of Responders,majority
1560006113868689408,FaZBR2XUEAAHdTv,Warnings & Status Updates,Smoke & Air Quality,Warnings & Status Updates,Warnings & Status Updates,majority
1559993129465327616,FaY1e0LUEAEmXXd,Smoke & Air Quality,Other,Smoke & Air Quality,Smoke & Air Quality,majority
1559993129465327616,FaY1e0JVQAE3iD0,Smoke & Air Quality,Smoke & Air Quality,Smoke & Air Quality,Smoke & Air Quality,full
1559944750727213056,FaYJe1nUcAMRht1,Warnings & Status Updates,Warnings & Status Updates,Warnings & Status Updates,Warnings & Status Updates,full
1559939113771569157,FaYEW07XgAI1-sE,Infrastructure,Preparedness,Reports of Actions of Responders,Infrastructure,none
1559937610109227010,FaYC--BUYAE7-pz,General Information,Infrastructure,Preparedness,General Information,none
1559920248786124800,FaXzMwyWIAE5CHc,Infrastructure,Preparedness,Reports of Actions of Responders,Infrastructure,none
1559916478920638464,FaXvxX0WYAAC6DF,Infrastructure,Preparedness,Reports of Actions of Responders,Infrastructure,none
1559890542556811266,FaXYLotXEAANAql,Infrastructure,Preparedness,Reports of Actions of Responders,Infrastructure,none
1559691867909914624,FaUjfP4WAAECAUH,Other,General Information,Warnings & Status Updates,Other,none
1559623434900049924,FaTdZiyVUAASqGy,Warnings & Status Updates,Warnings & Status Updates,Warnings & Status Updates,Warnings & Status Updates,full
1559615737047617537,FaTdZiyVUAASqGy,Warnings & Status Updates,Warnings & Status Updates,Warnings & Status Updates,Warnings & Status Updates,full
1559608450962886662,FaTXntKWIAAqp2K,Infrastructure,Preparedness,Reports of Actions of Responders,Infrastructure,none
1559556124613001217,FaSoB_xXgAIqWMi,Preparedness,General Information,Preparedness,Preparedness,majority
1559553577156222977,FaSlttnXkAIODw7,Infrastructure,Preparedness,Reports of Actions of Responders,Infrastructure,none
1559553325665746950,FaSlfCvWAAE1mPi,Infrastructure,Preparedness,Reports of Actions of Responders,Infrastructure,none
1559552315706806275,FaSkkQ1XkAEZOQS,Infrastructure,Preparedness,Reports of Actions of Responders,Infrastructure,none
1559369583110135809,FaP-Xo4UEAAnvwr,Other,Reports of Actions of Responders,Warnings & Status Updates,Other,none
1559321072226291713,FaPR4JOUsAApCcB,General Information,Warnings & Status Updates,Reports of Actions of Responders,General Information,none
1559307736747315200,FaPGH5jXgAETZw5,Preparedness,General Information,Smoke & Air Quality,Preparedness,none
1559301851471745024,FaO-0fjUcAA4cKA,Reports of Actions of Responders,Warnings & Status Updates,Reports of Actions of Responders,Reports of Actions of Responders,majority
1559212580706537472,FaNvkrsVQAEJrJc,Reports of Actions of Responders,Infrastructure,Reports of Actions of Responders,Reports of Actions of Responders,majority
1559194963812012032,FaNfjpoXkAIL53X,Infrastructure,Preparedness,Reports of Actions of Responders,Infrastructure,none
1559191947604103168,FaNc0DtXkAElTxk,Infrastructure,Preparedness,Reports of Actions of Responders,Infrastructure,none
1559190687232442371,FaNbqt8WYAEJKmF,Infrastructure,Preparedness,Reports of Actions of Responders,Infrastructure,none
1559177846555398145,FaNP_SEXEAQPgh1,Infrastructure,Preparedness,Reports of Actions of Responders,Infrastructure,none
1559168651160211458,FaNHn6WUIAAmFjM,Smoke & Air Quality,Smoke & Air Quality,Smoke & Air Quality,Smoke & Air Quality,full
1559025421357789185,FaLEY_bUIAEoq3g,Reports of Actions of Responders,Warnings & Status Updates,Warnings & Status Updates,Warnings & Status Updates,majority
1559012152245047297,FaK34Q3UUAATyse,Reports of Actions of Responders,Smoke & Air Quality,Warnings & Status Updates,Reports of Actions of Responders,none
1559012152245047297,FaK36NLVUAAhnlp,Reports of Actions of Responders,Reports of Actions of Responders,Reports of Actions of Responders,Reports of Actions of Responders,full
1559012152245047297,FaK38e9UIAASy-t,Reports of Actions of Responders,Infrastructure,Reports of Actions of Responders,Reports of Actions of Responders,majority
1559012152245047297,FaK3-6PVEAAWpth,Reports of Actions of Responders,Infrastructure,Reports of Actions of Responders,Reports of Actions of Responders,majority
1559010162127491072,FaK3eicVQAAVgIc,Smoke & Air Quality,Smoke & Air Quality,Smoke & Air Quality,Smoke & Air Quality,full
1559010162127491072,FaK3exCUcAANnr5,Smoke & Air Quality,Infrastructure,Smoke & Air Quality,Smoke & Air Quality,majority
1558918160299962368,FaJjzV4VQAAjij7,Warnings & Status Updates,General Information,Preparedness,Warnings & Status Updates,none
1558897608004775938,FaJRHKlVEAAfTUn,Smoke & Air Quality,Smoke & Air Quality,Smoke & Air Quality,Smoke & Air Quality,full
1558848176853061632,FaIkJ-RWIAAtGw_,Preparedness,Preparedness,Preparedness,Preparedness,full
1558644127125843968,FaFqkquVsAA95ld,Smoke & Air Quality,Smoke & Air Quality,Smoke & Air Quality,Smoke & Air Quality,full
1558544035295404043,FaEPil7XgAANB4O,Preparedness,Smoke & Air Quality,Reports of Actions of Responders,Preparedness,none
1558501175795793927,FaDoj5JX0AAKXxb,Preparedness,Evacuees,Preparedness,Preparedness,majority
1558487305236516864,FaDb8C3UcAAHrPX,Warnings & Status Updates,Smoke & Air Quality,Preparedness,Warnings & Status Updates,none
1558184941548032001,FZ_Ita7UUAAkj-7,Weather Reports,Weather Reports,Weather Reports,Weather Reports,full
1558172477645172737,FZ-75B6UcAEf4Xx,Warnings & Status Updates,Warnings & Status Updates,Warnings & Status Updates,Warnings & Status Updates,full
1558154668877852672,FZ-sVEUVsAAv1pZ,Reports of Actions of Responders,Warnings & Status Updates,Warnings & Status Updates,Warnings & Status Updates,majority
1558144644814213120,FZ-ink-UsAUcH1s,Reports of Actions of Responders,Smoke & Air Quality,Warnings & Status Updates,Reports of Actions of Responders,none
1558140085895213057,FZ-fjKOVUAApg9T,Reports of Actions of Responders,Warnings & Status Updates,Warnings & Status Updates,Warnings & Status Updates,majority
1558124917672947713,FZ-SWTFUsAEJVLk,Preparedness,General Information,Preparedness,Preparedness,majority
1557926806975438851,FZ7eLMxVUAAdF_Q,Warnings & Status Updates,Weather Reports,Warnings & Status Updates,Warnings & Status Updates,majority
1557891467841982470,FZ6-B_xUUAAoIzs,Reports of Actions of Responders,Reports of Actions of Responders,Reports of Actions of Responders,Reports of Actions of Responders,full
1557887344459468800,FZ66R-SUEAAhsIY,Smoke & Air Quality,Smoke & Air Quality,Other,Smoke & Air Quality,majority
1557873825861103616,FZ6t_DIVQAMxDIm,Smoke & Air Quality,Smoke & Air Quality,Smoke & Air Quality,Smoke & Air Quality,full
1557864776776134657,FZ6ixWhUIAAyitC,Reports of Actions of Responders,Infrastructure,Warnings & Status Updates,Reports of Actions of Responders,none
1557850698326618112,FZ6Y9E8X0AID3op,General Information,Smoke & Air Quality,Preparedness,General Information,none
1557842651365330944,FZ6Q6YPUsAAWqwi,Warnings & Status Updates,Warnings & Status Updates,Warnings & Status Updates,Warnings & Status Updates,full
1557808826522357760,FZ5y30aUUAInZiE,Weather Reports,Smoke & Air Quality,Other,Weather Reports,none
1557776796749246464,FZ5TZrLUIAMIZTf,Reports of Actions of Responders,Support,Evacuees,Reports of Actions of Responders,none
1557773844739399680,FZ03WhmUcAAScuY,Preparedness,Preparedness,Preparedness,Preparedness,full
1557586801556017152,FZ2o8PJUsAIx1c5,Smoke & Air Quality,Smoke & Air Quality,Smoke & Air Quality,Smoke & Air Quality,full
1557575833589452801,FZ2daflVEAIntu8,Reports of Actions of Responders,Reports of Actions of Responders,Other,Reports of Actions of Responders,majority
1557537725779038209,FZ18IB7VEAIJ-Uv,Reports of Actions of Responders,Reports of Actions of Responders,Reports of Actions of Responders,Reports of Actions of Responders,full
1557537725779038209,FZ18IyYVUAEf81Q,Reports of Actions of Responders,Reports of Actions of Responders,Reports of Actions of Responders,Reports of Actions of Responders,full
1557515216300040192,FZ1njsFVEAEwhN6,Reports of Actions of Responders,Reports of Actions of Responders,Reports of Actions of Responders,Reports of Actions of Responders,full
1557515216300040192,FZ1nknpUUAIP6oS,Reports of Actions of Responders,Reports of Actions of Responders,Reports of Actions of Responders,Reports of Actions of Responders,full
1557492266729476096,FZ1S8TKUYAAytoC,Reports of Actions of Responders,Warnings & Status Updates,Warnings & Status Updates,Warnings & Status Updates,majority
1557454381879939072,FZ0vNteUcAEJrjp,Reports of Actions of Responders,Weather Reports,Reports of Actions of Responders,Reports of Actions of Responders,majority
1557448458411184129,FZ0q2CsUUAEV0pk,Reports of Actions of Responders,Reports of Actions of Responders,Other,Reports of Actions of Responders,majority
1557421595433451520,FZ0QwkxVUAIKvdS,General Information,General Information,Support,General Information,majority
1557376040170754050,FZzpQTiUUAAlLQY,Reports of Actions of Responders,Warnings & Status Updates,Reports of Actions of Responders,Reports of Actions of Responders,majority
1557219955732426753,FZxbQr5UUAELS2u,Warnings & Status Updates,Warnings & Status Updates,Reports of Actions of Responders,Warnings & Status Updates,majority
1557164057207230465,FZwnzMGXkAgNxs8,Smoke & Air Quality,Smoke & Air Quality,General Information,Smoke & Air Quality,majority
1557155093333610497,FZwgTikXwAEPLgo,Other,General Information,Warnings & Status Updates,Other,none
1557149812407123971,FZwYwqpXkAAhCep,Weather Reports,Weather Reports,Weather Reports,Weather Reports,full
1557104908041879552,FZvypvBagAAAQo1,Other,Other,Other,Other,full
1557067229363052546,FZvQJ0lXEAI-j4m,Infrastructure,Evacuees,Other,Infrastructure,none
1557053116893147137,FZvDWNHUUAAPN0I,Reports of Actions of Responders,Smoke & Air Quality,Reports of Actions of Responders,Reports of Actions of Responders,majority
1557034422242877446,FZuyjj6XEAEx3qj,Infrastructure,General Information,Other,Infrastructure,none
1557034422242877446,FZuyjiqWAAIJpde,Infrastructure,Smoke & Air Quality,Other,Infrastructure,none
1557029447877857286,FZuuBhpVUAAoFcz,Other,Reports of Actions of Responders,Reports of Actions of Responders,Reports of Actions of Responders,majority
1557016982192500736,FZuisUjakAE0TmI,Reports of Actions of Responders,Smoke & Air Quality,Reports of Actions of Responders,Reports of Actions of Responders,majority
1556873005103325184,FZsfpm5VsAIjHC0,Reports of Actions of Responders,Warnings & Status Updates,Warnings & Status Updates,Warnings & Status Updates,majority
1556840156803387392,FZsByT9UUAE4oND,Reports of Actions of Responders,Warnings & Status Updates,Warnings & Status Updates,Warnings & Status Updates,majority
1556840156803387392,FZsBz8hUEAYZoud,Reports of Actions of Responders,Warnings & Status Updates,Warnings & Status Updates,Warnings & Status Updates,majority
1556840156803387392,FZsB1ENVQAAHrMp,Reports of Actions of Responders,Reports of Actions of Responders,Warnings & Status Updates,Reports of Actions of Responders,majority
1556836544840757248,FZr-ijyVUAAHJyn,Reports of Actions of Responders,Reports of Actions of Responders,Reports of Actions of Responders,Reports of Actions of Responders,full
1556809653786329089,FZrlRZVUIAAyzBX,Smoke & Air Quality,Smoke & Air Quality,Other,Smoke & Air Quality,majority
1556806281356120064,FZri56YVEAAwEr9,Evacuees,Evacuees,Evacuees,Evacuees,full
1556806281356120064,FZri66rUIAMJyCk,Evacuees,Evacuees,Evacuees,Evacuees,full
1556776020044283907,FZrHih9XgAEbnSD,Preparedness,Smoke & Air Quality,Preparedness,Preparedness,majority
1556747085906526208,FZqso6SUIAE3TDP,Reports of Actions of Responders,Reports of Actions of Responders,Other,Reports of Actions of Responders,majority
1556747085906526208,FZqspugVEAAKjRV,Reports of Actions of Responders,Reports of Actions of Responders,Other,Reports of Actions of Responders,majority
1556742645744996352,FZqo-MSUIAEu6vp,Preparedness,Preparedness,Preparedness,Preparedness,full
1556721915498225668,FZqWVPQWQAAC5fm,General Information,General Information,Preparedness,General Information,majority
1556719366573522944,FZqUA2SXEAA4veb,Preparedness,Smoke & Air Quality,Preparedness,Preparedness,majority
1556717300178309120,FZqSIfrUYAEvt-S,Warnings & Status Updates,Smoke & Air Quality,Smoke & Air Quality,Smoke & Air Quality,majority
1556686291386806274,FZp1z7iVUAAmXs0,Warnings & Status Updates,Warnings & Status Updates,Warnings & Status Updates,Warnings & Status Updates,full
1556646565514596352,FZpRzI_UIAAwGcD,Other,Reports of Actions of Responders,Reports of Actions of Responders,Reports of Actions of Responders,majority
1556646565514596352,FZpRzI_UUAEXvRz,Reports of Actions of Responders,Reports of Actions of Responders,Reports of Actions of Responders,Reports of Actions of Responders,full
1556646565514596352,FZpRzJAVsAApktR,Other,Reports of Actions of Responders,Reports of Actions of Responders,Reports of Actions of Responders,majority
1556646565514596352,FZpRzI9VsAI10WZ,Other,Reports of Actions of Responders,Reports of Actions of Responders,Reports of Actions of Responders,majority
1556485828326502402,FZm-FZpUYAArkse,Reports of Actions of Responders,Infrastructure,Warnings & Status Updates,Reports of Actions of Responders,none
1556485828326502402,FZm-LEaUEAAsJ5c,Reports of Actions of Responders,Infrastructure,Warnings & Status Updates,Reports of Actions of Responders,none
1556485828326502402,FZm-PYyVsAAsSKz,Reports of Actions of Responders,Infrastructure,Warnings & Status Updates,Reports of Actions of Responders,none
1556485828326502402,FZm-WwiVUAA3wtA,Reports of Actions of Responders,Infrastructure,Warnings & Status Updates,Reports of Actions of Responders,none
1556466506296307717,FZmt3WzVEAArft0,Reports of Actions of Responders,Warnings & Status Updates,Reports of Actions of Responders,Reports of Actions of Responders,majority
1556466506296307717,FZmt4L-UsAEocb6,Reports of Actions of Responders,Warnings & Status Updates,Reports of Actions of Responders,Reports of Actions of Responders,majority
1556464336712990721,FZmsENqWAAAqGDi,General Information,General Information,Other,General Information,majority
1556441345622847489,FZmXAD7VEAI5LLI,Reports of Actions of Responders,Smoke & Air Quality,Reports of Actions of Responders,Reports of Actions of Responders,majority
1556323358282698757,FZkqgplUUAAlBC1,Reports of Actions of Responders,Warnings & Status Updates,Reports of Actions of Responders,Reports of Actions of Responders,majority
1556323358282698757,FZkrrQjUIAIMG2n,Reports of Actions of Responders,Warnings & Status Updates,Reports of Actions of Responders,Reports of Actions of Responders,majority
1556292339647139840,FZkPoSCUIAEcttB,Reports of Actions of Responders,Reports of Actions of Responders,Reports of Actions of Responders,Reports of Actions of Responders,full
1556112489292566528,FZhr9XxVQAEs5Pa,Reports of Actions of Responders,Smoke & Air Quality,Reports of Actions of Responders,Reports of Actions of Responders,majority
1556102300573130752,FZhiPr6UIAAgiKg,Reports of Actions of Responders,Infrastructure,Reports of Actions of Responders,Reports of Actions of Responders,majority
1556102300573130752,FZhiTlsVUAAYQx_,Reports of Actions of Responders,Warnings & Status Updates,Reports of Actions of Responders,Reports of Actions of Responders,majority
1556102300573130752,FZhiVnAVsAATS7v,Reports of Actions of Responders,Warnings & Status Updates,Reports of Actions of Responders,Reports of Actions of Responders,majority
1556102300573130752,FZhiWu9VQAElzHL,Reports of Actions of Responders,Warnings & Status Updates,Reports of Actions of Responders,Reports of Actions of Responders,majority
1556081003843637248,FZhPSt0UIAE0g86,Smoke & Air Quality,Smoke & Air Quality,Smoke & Air Quality,Smoke & Air Quality,full
1556077332837724160,FZhLoDOUEAA-FIW,Smoke & Air Quality,Weather Reports,Smoke & Air Quality,Smoke & Air Quality,majority
1556049733164081152,FZgy_ILWAAA5xjw,Preparedness,Preparedness,Preparedness,Preparedness,full
1556007472653111296,FZgMjM1XkAIIRsa,Preparedness,General Information,Preparedness,Preparedness,majority
1556007348149391363,FZgMb3kXkAEIVNv,Insurance,Insurance,Insurance,Insurance,full
1555961901171052544,FZK_JgpUEAA_zjd,Other,Infrastructure,Preparedness,Other,none
1555926177172185088,FZfCm5EVsAAoIEr,Smoke & Air Quality,Smoke & Air Quality,Preparedness,Smoke & Air Quality,majority
1555771544760004608,FZc13oAVsAEOvol,Warnings & Status Updates,Warnings & Status Updates,Warnings & Status Updates,Warnings & Status Updates,full
1555768549800439809,FZczPXpUsAA8wZK,Reports of Actions of Responders,Reports of Actions of Responders,Reports of Actions of Responders,Reports of Actions of Responders,full
1555720803177484288,FZcH0A4VEAAX2AL,Preparedness,General Information,Preparedness,Preparedness,majority
1555692545530683392,FZbtlq-UEAAjqHO,Evacuees,Evacuees,Evacuees,Evacuees,full
1555675328655364098,FZbed2hWIAAHlCV,Other,General Information,Warnings & Status Updates,Other,none
1555666935873818624,FZbWndfUYAAY1_D,Warnings & Status Updates,Warnings & Status Updates,Warnings & Status Updates,Warnings & Status Updates,full
1555646262879391747,FZbECBtWIAAv6Ri,Infrastructure,Infrastructure,Infrastructure,Infrastructure,full
1555614735038570496,FZanW4FXgAEI5Td,Insurance,Insurance,Insurance,Insurance,full
1555614735038570496,FZanW3pWYAAPsX6,Insurance,Insurance,Insurance,Insurance,full
1555614735038570496,FZanW3_WYAEYHrf,Insurance,Insurance,Insurance,Insurance,full
1555614735038570496,FZanW3tWAAAkB-W,Insurance,Insurance,Insurance,Insurance,full
1555599523124195328,FZVvCHzUEAAQ8rK,Preparedness,Preparedness,Preparedness,Preparedness,full
1555579516990287874,FZaHQHhUUAA2t6r,Support,General Information,Support,Support,majority
1555576620739530755,FZaEsP6VsAEXBkX,Reports of Actions of Responders,Reports of Actions of Responders,Reports of Actions of Responders,Reports of Actions of Responders,full
1555541405803634690,FZZkkkHX0AI3oRG,Smoke & Air Quality,Warnings & Status Updates,Smoke & Air Quality,Smoke & Air Quality,majority
1555541405803634690,FZZkjJ3WYAA06sI,Smoke & Air Quality,Weather Reports,Smoke & Air Quality,Smoke & Air Quality,majority
1555392160739966977,FZXc4iEUEAABnX2,Warnings & Status Updates,Warnings & Status Updates,Warnings & Status Updates,Warnings & Status Updates,full
1555360422110236674,FZW_vs-UEAEanoR,Reports of Actions of Responders,Warnings & Status Updates,Warnings & Status Updates,Warnings & Status Updates,majority
1555360422110236674,FZW_wJ4VUAE0nZS,Reports of Actions of Responders,Warnings & Status Updates,Warnings & Status Updates,Warnings & Status Updates,majority
1555356710482677760,FZW8oYBWYAEL_ef,Warnings & Status Updates,Smoke & Air Quality,Smoke & Air Quality,Smoke & Air Quality,majority
1555337386615140352,FZWrHCSUUAELzwM,Other,Smoke & Air Quality,Other,Other,majority
1555328668892667904,FZWiPFSVsAAIyg6,Weather Reports,Smoke & Air Quality,Reports of Actions of Responders,Weather Reports,none
1555324439008399360,FZWfB6ZUUAA0ihV,Reports of Actions of Responders,Warnings & Status Updates,Warnings & Status Updates,Warnings & Status Updates,majority
1555312758094176256,FZWUtdtXwAEoMK6,Insurance,Insurance,Insurance,Insurance,full
1555312758094176256,FZWUtdgX0AM8v0s,Insurance,Insurance,Insurance,Insurance,full
1555312758094176256,FZWUtb1XgAQO5U2,Insurance,Insurance,Insurance,Insurance,full
1555312758094176256,FZWUtctX0AAi494,Insurance,Insurance,Insurance,Insurance,full
1555255311534997504,FZVgdtmWIAIXmiI,Weather Reports,General Information,Reports of Actions of Responders,Weather Reports,none
1555249713510862854,FZVbX11XwAYZeQ0,Preparedness,Reports of Actions of Responders,Preparedness,Preparedness,majority
1555242759644016641,FZVUyNtUcAAWJ9S,Preparedness,Preparedness,Preparedness,Preparedness,full
1555229623184760832,FZVJGdMXwAEor7w,Insurance,Insurance,Insurance,Insurance,full
1555222516758679556,FZVCozhXkAMS4T9,Other,Reports of Actions of Responders,Preparedness,Other,none
1555184900776476672,FZUgbFHUsAADXNm,Smoke & Air Quality,Other,Other,Other,majority
1555067833406500866,FZS1n2PVUAAxojk,Infrastructure,Infrastructure,Infrastructure,Infrastructure,full
1555028866095140864,FZSSfKYXEAYqiVc,Other,Other,Other,Other,full
1555019163906691072,FZSJq_eUcAA77z3,General Information,General Information,Other,General Information,majority
1554963124654026753,FZRWuIGVQAA0L9e,Smoke & Air Quality,Smoke & Air Quality,Other,Smoke & Air Quality,majority
1554959089251356672,FZRTDRoXgAUFee1,Preparedness,General Information,Preparedness,Preparedness,majority
1554947973896933378,FZRI8SgXEAMI9pQ,General Information,General Information,Preparedness,General Information,majority
1554920328949899265,FZQvzJ3XEAES5xS,Preparedness,Smoke & Air Quality,Preparedness,Preparedness,majority
1554893653717372928,FZQXiY7UsAAHPtq,Weather Reports,Smoke & Air Quality,Weather Reports,Weather Reports,majority
1554874864766537731,FZQGcp9WYAAiQDO,Insurance,Insurance,Insurance,Insurance,full
1554867579700711424,FZP_ya6UcAIQiPE,Preparedness,General Information,Preparedness,Preparedness,majority
1554849837970911232,FZPvrhUVsAEbb40,General Information,Reports of Actions of Responders,Advertisement,General Information,none
1554849837970911232,FZPvr1zUIAAl18Y,General Information,Reports of Actions of Responders,Advertisement,General Information,none
1554849837970911232,FZPvrfgVUAAEe8P,General Information,Reports of Actions of Responders,Advertisement,General Information,none
1554849837970911232,FZPvrgaVsAATscq,Other,Reports of Actions of Responders,Advertisement,Other,none
1554815367121215488,FZPQVb-VQAEusPg,Weather Reports,Smoke & Air Quality,Other,Weather Reports,none
1554807873456115712,FZPJhUGUsAACxT9,Smoke & Air Quality,Smoke & Air Quality,Smoke & Air Quality,Smoke & Air Quality,full
1554707769457987590,FZNub4KVQAY1SgB,Other,Weather Reports,Other,Other,majority
1554664408688734209,FZNHBICVsAE06zi,Smoke & Air Quality,Smoke & Air Quality,Warnings & Status Updates,Smoke & Air Quality,majority
1554664408688734209,FZNHBICUUAESASh,Smoke & Air Quality,Smoke & Air Quality,Warnings & Status Updates,Smoke & Air Quality,majority
1554664408688734209,FZNHBIBUYAAU9zt,Smoke & Air Quality,Smoke & Air Quality,Warnings & Status Updates,Smoke & Air Quality,majority
1554663599565467648,FZNGTTMVUAIAQVl,Smoke & Air Quality,Smoke & Air Quality,Smoke & Air Quality,Smoke & Air Quality,full
1554663599565467648,FZNGTTPUcAUHvt9,Smoke & Air Quality,Smoke & Air Quality,Smoke & Air Quality,Smoke & Air Quality,full
1554611317222256641,FZMWwL3VUAAVx4j,Smoke & Air Quality,Smoke & Air Quality,Smoke & Air Quality,Smoke & Air Quality,full
1554607109601370112,FZMS7SfXgAEiXOc,Evacuees,Evacuees,Evacuees,Evacuees,full
1554605159338082305,FZMRJzhWQAAd7VO,General Information,General Information,Preparedness,General Information,majority
1554568082261102592,FZLujpnUEAA4QYh,Infrastructure,Infrastructure,Infrastructure,Infrastructure,full
1554559087685222408,FZLb_UEVEAEVDSz,Reports of Actions of Responders,Preparedness,Reports of Actions of Responders,Reports of Actions of Responders,majority
1554548215256678400,FZLdXQXWYAAT8kp,Infrastructure,Infrastructure,Infrastructure,Infrastructure,full
1554536911816908800,FZLS0MoUcAAHSGz,Weather Reports,Weather Reports,Weather Reports,Weather Reports,full
1554534869077676033,FZLQB49VQAAP7pk,Infrastructure,Infrastructure,Infrastructure,Infrastructure,full
1554527562373677056,FZLKlIGXwAEIUL6,Insurance,Insurance,Insurance,Insurance,full
1554518135092289536,FZLB_8qVsAMNMD0,Preparedness,Preparedness,Preparedness,Preparedness,full
1554513660118290432,FZK973JXwAE-uPo,Insurance,Insurance,Insurance,Insurance,full
1554513660118290432,FZK973sXgAEjFdA,Insurance,Insurance,Insurance,Insurance,full
1554513660118290432,FZK973iWIAI6D5H,Insurance,Insurance,Insurance,Insurance,full
1554513660118290432,FZK973NXwAE4hDk,Insurance,Insurance,Insurance,Insurance,full
1554480625964679168,FZKf5BqaIAEu7WN,General Information,General Information,Preparedness,General Information,majority
1554467665674387463,FZKUF4naMAUK1zS,Reports of Actions of Responders,Support,Warnings & Status Updates,Reports of Actions of Responders,none
1554345615923896320,FZIlGZ7UEAEfGLz,Smoke & Air Quality,Smoke & Air Quality,Warnings & Status Updates,Smoke & Air Quality,majority
1554328117799313408,FZIVL4FUsAI233E,Smoke & Air Quality,Smoke & Air Quality,Smoke & Air Quality,Smoke & Air Quality,full
1554319868492582912,FZIMEwXUcAY-90w,Support,General Information,Preparedness,Support,none
1554309155871080448,FZID8JgUcAIeNaP,Smoke & Air Quality,Smoke & Air Quality,Warnings & Status Updates,Smoke & Air Quality,majority
1554296778660294656,FZH4rimUUAAuAsQ,Reports of Actions of Responders,General Information,Reports of Actions of Responders,Reports of Actions of Responders,majority
1554296778660294656,FZH4rvwVEAAc-8U,Weather Reports,Weather Reports,Weather Reports,Weather Reports,full
1554294762949058561,FZH22ZuUYAAGkDE,Weather Reports,Weather Reports,Weather Reports,Weather Reports,full
1554292396963180545,FZH0a9sVQAAuNwu,Weather Reports,Warnings & Status Updates,Weather Reports,Weather Reports,majority
1554291840831983616,FZHz1IoUUAATY1G,Evacuees,Evacuees,Evacuees,Evacuees,full
1554291835614289920,FZH0L9RUUAALMX9,Smoke & Air Quality,Smoke & Air Quality,Smoke & Air Quality,Smoke & Air Quality,full
1554291379416600576,FZHzxT_UcAEjS85,Weather Reports,Smoke & Air Quality,Smoke & Air Quality,Smoke & Air Quality,majority
1554277877209636864,FZHne8dVEAALhm8,Weather Reports,Warnings & Status Updates,Warnings & Status Updates,Warnings & Status Updates,majority
1554277877209636864,FZHnfBCUcAEJLN0,Weather Reports,Smoke & Air Quality,Smoke & Air Quality,Smoke & Air Quality,majority
1554266497849077760,FZHckoCUIAAPv0x,Smoke & Air Quality,Smoke & Air Quality,Smoke & Air Quality,Smoke & Air Quality,full
1554254256193957889,FZHRzVmVEAAsi1Z,Weather Reports,Warnings & Status Updates,Warnings & Status Updates,Warnings & Status Updates,majority
1554234375138447360,FZG_0NqUIAAAkG1,Weather Reports,Warnings & Status Updates,Warnings & Status Updates,Warnings & Status Updates,majority
1554210518801555457,FZGqOs_XgAADXC6,Insurance,Insurance,Insurance,Insurance,full
1554187811292692480,FZGVk2bXgAAOfm_,Insurance,Insurance,Insurance,Insurance,full
1554165459892707334,FZGBP_EXkAEC41C,Preparedness,Evacuees,Preparedness,Preparedness,majority
1554165189599166466,FZGBANgXkAIZLPC,Insurance,Insurance,Insurance,Insurance,full
1554165189599166466,FZGBAOuWQAMy78O,Insurance,Insurance,Insurance,Insurance,full
1554165189599166466,FZGBAPhWAAAF001,Insurance,Insurance,Insurance,Insurance,full
1554165189599166466,FZGBAPEWQAIcxoE,Insurance,Insurance,Insurance,Insurance,full
1554131352248729601,FZFiOPyUcAADbAp,Reports of Actions of Responders,Infrastructure,Other,Reports of Actions of Responders,none
1554131352248729601,FZFiOcqVsAUJMva,Reports of Actions of Responders,Infrastructure,Other,Reports of Actions of Responders,none
1554131352248729601,FZFiOP0UUAA2BF9,Reports of Actions of Responders,Infrastructure,Other,Reports of Actions of Responders,none
1554131352248729601,FZFiOQMUcAIK6Hn,Reports of Actions of Responders,Infrastructure,Other,Reports of Actions of Responders,none
1554130027750387712,FZFhBYiUIAIMU_9,Warnings & Status Updates,Smoke & Air Quality,Smoke & Air Quality,Smoke & Air Quality,majority
1554125283673812993,FZFctOUUcAAb-Vo,Evacuees,Evacuees,Evacuees,Evacuees,full
1554118239164047360,FZFWTIqUIAEDYf0,Reports of Actions of Responders,Reports of Actions of Responders,Reports of Actions of Responders,Reports of Actions of Responders,full
1554101697567682566,FZFHOv1UUAA3Jvk,Smoke & Air Quality,Smoke & Air Quality,Smoke & Air Quality,Smoke & Air Quality,full
1554074012115816451,FZEtHPwUUAIqc5A,Warnings & Status Updates,Smoke & Air Quality,Warnings & Status Updates,Warnings & Status Updates,majority
1553961447348002816,FZDHjZ2UsAAcWOg,Warnings & Status Updates,Smoke & Air Quality,Other,Warnings & Status Updates,none
1553943927144648704,FZC3w58UcAAp8iU,Smoke & Air Quality,Smoke & Air Quality,Smoke & Air Quality,Smoke & Air Quality,full
1553943927144648704,FZC3w5_UYAEnXzs,Smoke & Air Quality,Smoke & Air Quality,Smoke & Air Quality,Smoke & Air Quality,full
1553908745960247297,FZCXxQPUsAAFsTb,Reports of Actions of Responders,Reports of Actions of Responders,Reports of Actions of Responders,Reports of Actions of Responders,full
1553889911748657153,FZCGneaWYAA3KEa,Smoke & Air Quality,Smoke & Air Quality,Warnings & Status Updates,Smoke & Air Quality,majority
1553889911748657153,FZCGnebWQAEpcKc,Smoke & Air Quality,Smoke & Air Quality,Warnings & Status Updates,Smoke & Air Quality,majority
1553889242568216576,FZCF7fkVUAAWa1V,Smoke & Air Quality,Smoke & Air Quality,Warnings & Status Updates,Smoke & Air Quality,majority
1553886836333764608,FZCD10MVEAE3hWZ,General Information,Other,Warnings & Status Updates,General Information,none
1553802835875303424,FZA3chNXgAADXLz,Preparedness,Evacuees,Preparedness,Preparedness,majority
1553780263913525254,FZAi6nKUIAAboQT,Reports of Actions of Responders,Reports of Actions of Responders,Reports of Actions of Responders,Reports of Actions of Responders,full
1553776004451209218,FZAfCrtWYAANHT-,Preparedness,Preparedness,Preparedness,Preparedness,full
1553758648052002819,FZAPQCrUIAEfCKt,Other,Reports of Actions of Responders,Other,Other,majority
1553758648052002819,FZAPQCrUIAI534H,Other,Reports of Actions of Responders,Other,Other,majority
1553628827271581701,FY-YumLVQAAS21-,Weather Reports,Weather Reports,Weather Reports,Weather Reports,full
1553470584234835969,FY8JQ8EXkAEJ7Al,Preparedness,Preparedness,Preparedness,Preparedness,full
1553410713141608448,FY7Sz38XgAAcXQ7,Preparedness,General Information,Preparedness,Preparedness,majority
1553394240050196480,FY7D008UsAEfEDi,Preparedness,Preparedness,Reports of Actions of Responders,Preparedness,majority
1553356763113566209,FY6hvc5UUAAxAIU,Smoke & Air Quality,Smoke & Air Quality,Smoke & Air Quality,Smoke & Air Quality,full
1553227109488664576,FY4r0zLUUAAudAe,Warnings & Status Updates,Warnings & Status Updates,Warnings & Status Updates,Warnings & Status Updates,full
1553198610585505792,FY4R5yhVsAAtLou,Reports of Actions of Responders,Reports of Actions of Responders,Reports of Actions of Responders,Reports of Actions of Responders,full
1553150055506255872,FY3lvfyVEAADtaW,Reports of Actions of Responders,Reports of Actions of Responders,Reports of Actions of Responders,Reports of Actions of Responders,full
1553148870506319872,FY3kqjCUIAAiujg,Reports of Actions of Responders,Reports of Actions of Responders,Reports of Actions of Responders,Reports of Actions of Responders,full
1553138646471016449,FY3bXkYXoAIYMh5,Other,General Information,Warnings & Status Updates,Other,none
1553121434183995392,FY3LXYPUYAElnRK,Preparedness,Preparedness,Preparedness,Preparedness,full
1553083139106279425,FY2oXxvVUAEbkDr,Evacuees,Evacuees,Evacuees,Evacuees,full
1553072119289745408,FY2e22dUYAA9lkM,Preparedness,General Information,Preparedness,Preparedness,majority
1553065265708969986,FY2YoSCUsAEzPbm,Weather Reports,Warnings & Status Updates,Warnings & Status Updates,Warnings & Status Updates,majority
1553065263234371584,FY2YoJpVsAAItvh,Weather Reports,Warnings & Status Updates,Warnings & Status Updates,Warnings & Status Updates,majority
1553065261153980416,FY2YoBuUUAA1wzr,Weather Reports,Warnings & Status Updates,Warnings & Status Updates,Warnings & Status Updates,majority
1553065258960318464,FY2Yn3pVUAIZvcW,Weather Reports,Warnings & Status Updates,Warnings & Status Updates,Warnings & Status Updates,majority
1553019581421309954,FY1tWEiXEAEdgZl,Weather Reports,Weather Reports,Weather Reports,Weather Reports,full
1553012892219240449,FY1o_gZUUAAxJ55,Weather Reports,Smoke & Air Quality,Weather Reports,Weather Reports,majority
1553003830995927041,FY1gv5TUIAA6awk,Weather Reports,Smoke & Air Quality,Weather Reports,Weather Reports,majority
1552868698955718656,FYzl2b5UYAAH7VU,Warnings & Status Updates,Infrastructure,Warnings & Status Updates,Warnings & Status Updates,majority
1552716471784116224,FYxbZrOXkAAufL9,Preparedness,Preparedness,Preparedness,Preparedness,full
1552699564653789186,FYxMBmnWQAAX2s7,Infrastructure,General Information,Reports of Actions of Responders,Infrastructure,none
1552699516134068224,FYxL-yMXEAA9e5_,Infrastructure,Preparedness,Reports of Actions of Responders,Infrastructure,none
1552699479593308160,FYxL8s2XEAAmDCD,Infrastructure,Preparedness,Reports of Actions of Responders,Infrastructure,none
1552699436081549312,FYxL6L_XoAI68fo,Infrastructure,Preparedness,Reports of Actions of Responders,Infrastructure,none
1552691739231563776,FYw_kOlUEAI5kka,Preparedness,Preparedness,Preparedness,Preparedness,full
1552664936697905154,FYwsh5UUcAAG4ME,General Information,General Information,Preparedness,General Information,majority
1552656276911403011,FYwkp6pUEAYDdd2,Preparedness,General Information,Preparedness,Preparedness,majority
1552486316259938304,FYuJlGBUUAA2hAI,Weather Reports,Weather Reports,Weather Reports,Weather Reports,full
1552423515114115072,FYtQ9egWYAEzqdi,Infrastructure,Preparedness,Reports of Actions of Responders,Infrastructure,none
1552368637176160256,FYsfDFGaMAAWOsV,Preparedness,General Information,Preparedness,Preparedness,majority
1552100851837046784,FYorF89UYAERuUA,Reports of Actions of Responders,Reports of Actions of Responders,Reports of Actions of Responders,Reports of Actions of Responders,full
1552081674359521280,FYoaDshWAAE70fa,Other,General Information,Warnings & Status Updates,Other,none
1552071957838843905,FYoP5wjUcAARtxl,Reports of Actions of Responders,Warnings & Status Updates,Reports of Actions of Responders,Reports of Actions of Responders,majority
1551978156671864839,FYm76JGWAAEmjjo,Preparedness,Preparedness,Preparedness,Preparedness,full
1551923190825246720,FYmJ5YiVQAAV2Ak,Smoke & Air Quality,Smoke & Air Quality,Smoke & Air Quality,Smoke & Air Quality,full
1551775710968029191,FYkDyGWUsAI_k-R,Smoke & Air Quality,Smoke & Air Quality,Smoke & Air Quality,Smoke & Air Quality,full
1551700085880373250,FYi_AVcWYAACnnq,Preparedness,Preparedness,Preparedness,Preparedness,full
1551691263467876352,FYi2FkwUYAARAFM,Reports of Actions of Responders,Warnings & Status Updates,Warnings & Status Updates,Warnings & Status Updates,majority
1551659515250081794,FYiZ9ORX0AES7II,Preparedness,General Information,Preparedness,Preparedness,majority
1551577768378384384,FYhPwbHWQAEil7A,General Information,General Information,Preparedness,General Information,majority
1551385701131755520,FYeg-xoVUAEfqvY,Warnings & Status Updates,Warnings & Status Updates,Smoke & Air Quality,Warnings & Status Updates,majority
1551278430171197440,FYc_W8MUIAAWcej,Reports of Actions of Responders,Warnings & Status Updates,Reports of Actions of Responders,Reports of Actions of Responders,majority
1551238315050934278,FYcbBwOXwAAJLKj,Preparedness,Preparedness,Preparedness,Preparedness,full
1550970723430121472,FYYnTEJVsAAGbsC,Warnings & Status Updates,Smoke & Air Quality,Weather Reports,Warnings & Status Updates,none
1550873402709118976,FYXPIEqVUAIjsc8,Preparedness,Infrastructure,Preparedness,Preparedness,majority
1550843781041332225,FYW0M16XoAITPIe,Preparedness,General Information,Preparedness,Preparedness,majority
1550612066284683265,FYTgw0KUEAIc65E,Reports of Actions of Responders,Reports of Actions of Responders,Reports of Actions of Responders,Reports of Actions of Responders,full
1550601914307514368,FYTYOURXoAMxaV2,Other,General Information,Warnings & Status Updates,Other,none
1550566101427359751,FYS3pq-WYAEIE-7,General Information,General Information,Preparedness,General Information,majority
1550562040376266752,FYSu-2oVUAAYj-Z,Preparedness,General Information,Preparedness,Preparedness,majority
1550518587496230912,FYSMbz9WYAIbUN8,Preparedness,Preparedness,Preparedness,Preparedness,full
1550489359387791362,FYRx2KTUYAAdvVl,Preparedness,General Information,Preparedness,Preparedness,majority
1550245242607058945,FYOThLGVsAAlHjv,Weather Reports,Warnings & Status Updates,Warnings & Status Updates,Warnings & Status Updates,majority
1550209719448764416,FYNzha6VEAAbX3J,Warnings & Status Updates,Warnings & Status Updates,Warnings & Status Updates,Warnings & Status Updates,full
1550195324349812736,FYNmbpZXwAI82YD,Other,Other,Other,Other,full
1550195324349812736,FYNmbr9WIAkIUQ4,Other,Smoke & Air Quality,Other,Other,majority
1550135540631998470,FYMwDk3UIAAtaHl,Reports of Actions of Responders,Reports of Actions of Responders,Reports of Actions of Responders,Reports of Actions of Responders,full
1549942367326597121,FYKAXemVUAAf-Xc,Warnings & Status Updates,Smoke & Air Quality,Smoke & Air Quality,Smoke & Air Quality,majority
1549942367326597121,FYKAXemVsAAPBJp,Warnings & Status Updates,Smoke & Air Quality,Smoke & Air Quality,Smoke & Air Quality,majority
1549934812776960000,FYJ5fzLVsAA9Gmf,Evacuees,Evacuees,Evacuees,Evacuees,full
1549904117702660097,FYJdV5XUUAAkcuG,Reports of Actions of Responders,Warnings & Status Updates,Warnings & Status Updates,Warnings & Status Updates,majority
1549839625140637696,FYIiPXuUIAA8b75,Reports of Actions of Responders,Smoke & Air Quality,Reports of Actions of Responders,Reports of Actions of Responders,majority
1549816855564517380,FYION7kXoAAbWe_,Preparedness,Preparedness,Preparedness,Preparedness,full
1549761555465547776,FYHb6x5UsAARSCu,Preparedness,Infrastructure,Preparedness,Preparedness,majority
1549636923991674880,FYFqCslacAAHOZ2,Warnings & Status Updates,General Information,Warnings & Status Updates,Warnings & Status Updates,majority
1549559715218300928,FYEeaKYVUAAPb-G,Warnings & Status Updates,Warnings & Status Updates,Reports of Actions of Responders,Warnings & Status Updates,majority
1549549357883539456,FYEasHMUUAAoQBf,Reports of Actions of Responders,Warnings & Status Updates,Warnings & Status Updates,Warnings & Status Updates,majority
1549544955147964416,FYEW7NCXkAIHcfr,Other,General Information,Warnings & Status Updates,Other,none
1549455079912050689,FYDFK4OVsAAVjX8,Warnings & Status Updates,Smoke & Air Quality,Warnings & Status Updates,Warnings & Status Updates,majority
1549454644224589826,FYDEybpWIAIJVYt,Preparedness,General Information,Preparedness,Preparedness,majority
1549404959111892995,FYCXmX8XwAAAibn,Preparedness,Preparedness,Preparedness,Preparedness,full
1549404060394070021,FYCWxNyXoAM8ElY,Preparedness,Smoke & Air Quality,Preparedness,Preparedness,majority
1549139950121000961,FX-mVHpUYAE4hfj,Preparedness,Preparedness,Preparedness,Preparedness,full
1549130830026403840,FX-eR17VsAApQE3,Warnings & Status Updates,Warnings & Status Updates,Warnings & Status Updates,Warnings & Status Updates,full
1549119598322012162,FX-UEDbUIAAkfB7,Reports of Actions of Responders,Reports of Actions of Responders,Reports of Actions of Responders,Reports of Actions of Responders,full
1549091989584351232,FX969MVWQAAlral,Preparedness,Other,Preparedness,Preparedness,majority
1549066585846910976,FX9jzwmUsAAvjHG,Reports of Actions of Responders,Reports of Actions of Responders,Other,Reports of Actions of Responders,majority
1549062130183262208,FX9fzAsUcAAO1HK,Weather Reports,Smoke & Air Quality,Weather Reports,Weather Reports,majority
1549062130183262208,FX9fzBrVUAE8P6N,Weather Reports,Smoke & Air Quality,Weather Reports,Weather Reports,majority
1549060864241676288,FX9enhiVsAAJk1Z,General Information,Weather Reports,Preparedness,General Information,none
1549060864241676288,FX9emxoUYAAKPLo,General Information,General Information,Preparedness,General Information,majority
1549021629384011782,FX869DSVsAAzGH4,Warnings & Status Updates,Weather Reports,Weather Reports,Weather Reports,majority
1548931535566303232,FX7pBWiVsAARELY,Weather Reports,Smoke & Air Quality,Weather Reports,Weather Reports,majority
1548931535566303232,FX7pBWjUsAAWHhZ,Weather Reports,Smoke & Air Quality,Weather Reports,Weather Reports,majority
1548931535566303232,FX7pBWiUUAAd7Op,Weather Reports,Smoke & Air Quality,Weather Reports,Weather Reports,majority
1548931535566303232,FX7pBYoUIAI6nxT,Weather Reports,Smoke & Air Quality,Weather Reports,Weather Reports,majority
1548871475238580225,FX6yQ2fVUAAu0o6,Weather Reports,Weather Reports,Weather Reports,Weather Reports,full
1548762799660142592,FX5PjwZVQAAq7h3,Warnings & Status Updates,Warnings & Status Updates,Warnings & Status Updates,Warnings & Status Updates,full
1548422733356093440,FX0aRLzVUAIzeOz,General Information,General Information,Preparedness,General Information,majority
1548415907529011200,FX0TidFVsAQyAdi,Reports of Actions of Responders,Reports of Actions of Responders,Reports of Actions of Responders,Reports of Actions of Responders,full
1548356780303872001,FXzeSPtUUAkatwF,General Information,Political,General Information,General Information,majority
1548087055405629440,FXvo9X4VEAAn60Y,Warnings & Status Updates,Warnings & Status Updates,Warnings & Status Updates,Warnings & Status Updates,full
1548080146300542978,FXviox_VEAA_Vuf,Warnings & Status Updates,Warnings & Status Updates,Warnings & Status Updates,Warnings & Status Updates,full
1548067765436571653,FXvWo6uVEAIzkBy,Preparedness,Preparedness,Preparedness,Preparedness,full
1548065575057838084,FXvVb7rUYAMF3hx,Other,General Information,Warnings & Status Updates,Other,none
1548028515110379520,FXuzuFRVUAQNe6L,Warnings & Status Updates,Smoke & Air Quality,Smoke & Air Quality,Smoke & Air Quality,majority
1548027119069827077,FXuYfBVUYAgVu_y,Smoke & Air Quality,Smoke & Air Quality,Warnings & Status Updates,Smoke & Air Quality,majority
1548023352282861568,FXuvCJfUUAEaQBR,Support,Support,Support,Support,full
1548019984437170182,FXur-OQUYAEuPAs,Preparedness,General Information,Preparedness,Preparedness,majority
1548014795286200325,FXunQMQUYAAPPxB,Infrastructure,Smoke & Air Quality,Warnings & Status Updates,Infrastructure,none
1548014792475979776,FXunQELVEAcgiXi,Infrastructure,Smoke & Air Quality,Warnings & Status Updates,Infrastructure,none
1548014786960429057,FXunPvOUIAEdyLR,Infrastructure,Smoke & Air Quality,Warnings & Status Updates,Infrastructure,none
1548001929044733956,FXubgpxUUAAgqfa,Reports of Actions of Responders,Warnings & Status Updates,Reports of Actions of Responders,Reports of Actions of Responders,majority
1547811873482870784,FXrusdpVQAA9qEm,Evacuees,Warnings & Status Updates,Evacuees,Evacuees,majority
1547774236814499845,FXrMdqcVUAItBHv,Weather Reports,Smoke & Air Quality,Smoke & Air Quality,Smoke & Air Quality,majority
1547774236814499845,FXrMdqZVQAkyZwz,Weather Reports,Smoke & Air Quality,Smoke & Air Quality,Smoke & Air Quality,majority
1547774236814499845,FXrMdqbVEAE1rG5,Weather Reports,Smoke & Air Quality,Smoke & Air Quality,Smoke & Air Quality,majority
1547774236814499845,FXrMdqxUcAIKRJT,Weather Reports,Smoke & Air Quality,Smoke & Air Quality,Smoke & Air Quality,majority
1547761145947176960,FXrAiFjUsAE_hsq,Evacuees,Evacuees,Evacuees,Evacuees,full
1547749737071161345,FXq1MssVQAgGdAv,Weather Reports,Smoke & Air Quality,Smoke & Air Quality,Smoke & Air Quality,majority
1547749737071161345,FXq1Ys5UsAENymP,Weather Reports,Weather Reports,Weather Reports,Weather Reports,full
1547749737071161345,FXq17KgUYAIDG6w,Weather Reports,Weather Reports,Warnings & Status Updates,Weather Reports,majority
1547738062653759491,FXqrY3tVsAMpAmn,Warnings & Status Updates,Warnings & Status Updates,Evacuees,Warnings & Status Updates,majority
1547729502192541697,FXqjx7wUYAAPGCN,Warnings & Status Updates,Warnings & Status Updates,Warnings & Status Updates,Warnings & Status Updates,full
1547698119197855746,FXqHE0gVUAw_Lzq,Reports of Actions of Responders,Warnings & Status Updates,Warnings & Status Updates,Warnings & Status Updates,majority
1547668687833837574,FXpsdJoUEAAjyr9,Preparedness,Preparedness,Preparedness,Preparedness,full
1547658611970584577,FXpiePHUIAAeaKs,Reports of Actions of Responders,Warnings & Status Updates,Reports of Actions of Responders,Reports of Actions of Responders,majority
1547644492311695364,FXpWdLmVUAIjAP6,General Information,Weather Reports,Warnings & Status Updates,General Information,none
1547638405940383744,FXpQNNjVEAADBKe,General Information,General Information,Preparedness,General Information,majority
1547638405940383744,FXpQOiKUsAIo8EH,General Information,General Information,Preparedness,General Information,majority
1547614406728527872,FXo7GV9UYAo11Ma,Warnings & Status Updates,Warnings & Status Updates,Warnings & Status Updates,Warnings & Status Updates,full
1547588936851005443,FXoj74iUIAAZ48V,Warnings & Status Updates,Warnings & Status Updates,Warnings & Status Updates,Warnings & Status Updates,full
1547008268354166784,FXgT0knX0AMtOZe,Other,General Information,Warnings & Status Updates,Other,none
1546932793665413120,FXfPLblUUAAzFz4,Warnings & Status Updates,Smoke & Air Quality,Warnings & Status Updates,Warnings & Status Updates,majority
1546932791308214272,FXfPLTiUEAAA_mb,Warnings & Status Updates,Smoke & Air Quality,Warnings & Status Updates,Warnings & Status Updates,majority
1546932788229578752,FXfPLGkUUAALLbY,Warnings & Status Updates,Smoke & Air Quality,Warnings & Status Updates,Warnings & Status Updates,majority
1546932785700491264,FXfPK9aVQAARl6S,Warnings & Status Updates,Smoke & Air Quality,Warnings & Status Updates,Warnings & Status Updates,majority
1546929643806248960,FXfMUCHX0AIoMUl,Preparedness,Preparedness,Preparedness,Preparedness,full
1546902263557459971,FXezaUnWYAMRL_F,Support,Support,Support,Support,full
1546892783100706816,FXeqxDfUEAEuDWX,Reports of Actions of Responders,Reports of Actions of Responders,Preparedness,Reports of Actions of Responders,majority
1546892783100706816,FXeqxs4VsAA4DSm,Reports of Actions of Responders,Reports of Actions of Responders,Preparedness,Reports of Actions of Responders,majority
1546892783100706816,FXeqx_YUYAAp4ha,Reports of Actions of Responders,Reports of Actions of Responders,Other,Reports of Actions of Responders,majority
1546892783100706816,FXeqyQ7UcAES7f0,Reports of Actions of Responders,Reports of Actions of Responders,Other,Reports of Actions of Responders,majority
1546875791081738240,FXebVFpUYAYYXrv,Other,Other,Other,Other,full
1546875791081738240,FXebVRuVQAIZ7Zl,Other,Other,Other,Other,full
1546875791081738240,FXebVFrUYAAevns,Other,Other,Other,Other,full
1546875791081738240,FXebVFRUEAEY2QC,Other,Other,Other,Other,full
1546507108698374150,FXZMBJzUEAAcOhW,Reports of Actions of Responders,Reports of Actions of Responders,Reports of Actions of Responders,Reports of Actions of Responders,full
1546259977198764034,FXVrQSJXwAEeV4U,General Information,General Information,Preparedness,General Information,majority
1546177431823941632,FW1m3JPUYAA0mvZ,Preparedness,General Information,Preparedness,Preparedness,majority
1546175423024795648,FXUeWfOUcAAh29q,General Information,General Information,Preparedness,General Information,majority
1545860522104561665,FXP_88eWIAcND9O,Preparedness,Preparedness,Preparedness,Preparedness,full
1545808003584012288,FXPQLw1VQAAWNMH,Preparedness,General Information,Preparedness,Preparedness,majority
1545528408289026049,FXLR5aAWQAkvdes,Other,General Information,Warnings & Status Updates,Other,none
1545437653838995458,FXJ_WiiXgAAeCgF,Preparedness,Preparedness,Preparedness,Preparedness,full
1545425492672598016,FXJ0SSpUEAE3RDy,Preparedness,Preparedness,Preparedness,Preparedness,full
1544829409428795392,FXBVhFfUEAIXHoN,General Information,Warnings & Status Updates,Preparedness,General Information,none
1544705995288576000,FW_l6boVQAAQvMk,Other,Reports of Actions of Responders,Other,Other,majority
1544705995288576000,FW_l6Z6UEAARMFG,Other,Reports of Actions of Responders,Other,Other,majority
1544705995288576000,FW_l6Z6VEAAxIOX,Other,Reports of Actions of Responders,Other,Other,majority
1544692800070897666,FW_YlyPVUAEaCUI,Other,General Information,Other,Other,majority
1544410973204873218,FW7ZmF5WYAg5t-T,Infrastructure,Insurance,Warnings & Status Updates,Infrastructure,none
1544380787126161408,FW6-I9-XoAIdgXg,Infrastructure,Infrastructure,Other,Infrastructure,majority
1544350868547436544,FW6i7lKXwAM6P0y,General Information,General Information,Preparedness,General Information,majority
1544341342729383938,FW6aQqbUYAEeXYV,Preparedness,Smoke & Air Quality,Warnings & Status Updates,Preparedness,none
1544078741818810375,FW2rbtOWAAU3pbX,Preparedness,General Information,Preparedness,Preparedness,majority
1544078653507735552,FW2rWhRXgAEqTgW,Infrastructure,Infrastructure,Warnings & Status Updates,Infrastructure,majority
1544078653507735552,FW2rWiQXgAAWV7p,Infrastructure,Infrastructure,Warnings & Status Updates,Infrastructure,majority
1544028416105517056,FW19i-zVQAAV38Z,General Information,General Information,Preparedness,General Information,majority
1544003167142174720,FW1msoWWYAMWoS4,Infrastructure,Infrastructure,Warnings & Status Updates,Infrastructure,majority
1543999341974564865,FW1jNogUsAATu7-,Preparedness,General Information,Preparedness,Preparedness,majority
1543982982352015361,FW1UVskWAAIUULd,Infrastructure,Infrastructure,Warnings & Status Updates,Infrastructure,majority
1543982982352015361,FW1UVuoX0AEQmrv,Infrastructure,Infrastructure,Warnings & Status Updates,Infrastructure,majority
1543653239291199493,FWwocBMUEAANPoS,Advertisement,Support,Advertisement,Advertisement,majority
1543635695620632577,FWwYef3VQAI_7eX,General Information,General Information,Preparedness,General Information,majority
1543459272448778240,FWt4By-XgAAuVY4,Preparedness,Preparedness,Preparedness,Preparedness,full
1543323803639549952,FWr80hWWQAAwane,Preparedness,General Information,Preparedness,Preparedness,majority
1543261982681227265,FWrElqOUYAEbKw2,Preparedness,Reports of Actions of Responders,Other,Preparedness,none
1543261982681227265,FWrEloSUcAAq0Bw,Preparedness,Reports of Actions of Responders,Other,Preparedness,none
1543261982681227265,FWrElooVQAAbAFj,Preparedness,Reports of Actions of Responders,Reports of Actions of Responders,Reports of Actions of Responders,majority
1542991670182019072,FWnOvyLWAAM783_,Other,General Information,Warnings & Status Updates,Other,none
1542886258199838725,FWlu3dsUsAABR_J,Warnings & Status Updates,General Information,Preparedness,Warnings & Status Updates,none
1542614037409808387,FWh3StFXEAI5t1j,Insurance,Insurance,Insurance,Insurance,full
1542557339374407680,FWhDuVtXgAEL10d,Infrastructure,Infrastructure,Warnings & Status Updates,Infrastructure,majority
1542541483453980672,FWg1TFnVUAAZOky,Preparedness,Infrastructure,Preparedness,Preparedness,majority
1542528395455635456,FWgpZpdWIAAYIQj,Infrastructure,Insurance,Warnings & Status Updates,Infrastructure,none
1542523363385548800,FWXi8odUYAAogeH,Other,Reports of Actions of Responders,Other,Other,majority
1542236617833938945,FWcgB50XoAwdNt7,Infrastructure,Insurance,Warnings & Status Updates,Infrastructure,none
1542213836480069634,FWcLT2RWAAEvY-M,Infrastructure,Infrastructure,Warnings & Status Updates,Infrastructure,majority
1542198733001162755,FWb9ktTWIAU9AFJ,Infrastructure,Infrastructure,Warnings & Status Updates,Infrastructure,majority
1542198733001162755,FWb9kriXkAAvvtV,Infrastructure,Infrastructure,Warnings & Status Updates,Infrastructure,majority
1542176688028753920,FWbphlfXoAIzQF4,Preparedness,Preparedness,Preparedness,Preparedness,full
1542168531223150593,FWbiGwNWQAISbvN,Infrastructure,Infrastructure,Warnings & Status Updates,Infrastructure,majority
1542166257834766337,FWbgCTyUUAAE1Yq,Other,Reports of Actions of Responders,Other,Other,majority
1542166257834766337,FWbgCSsVsAA-ENY,Reports of Actions of Responders,Reports of Actions of Responders,Other,Reports of Actions of Responders,majority
1542166257834766337,FWbgCS0VEAIPlIH,Reports of Actions of Responders,Reports of Actions of Responders,Other,Reports of Actions of Responders,majority
1541934753007521793,FWYNfHbWAAAouk3,Other,General Information,Warnings & Status Updates,Other,none
1541900842676002816,FWXupLmVEAAkQlm,Warnings & Status Updates,Warnings & Status Updates,Warnings & Status Updates,Warnings & Status Updates,full
1541882494571581440,FWXd83hUAAATV4z,Political,Political,Political,Political,full
1541882494571581440,FWXd9CIVsAAi-Sh,Political,Political,Political,Political,full
1541882494571581440,FWXd9JsUcAEIHoY,Political,Political,Political,Political,full
1541882494571581440,FWXd9SvVUAAEYqG,Political,Political,Political,Political,full
1541881644935778305,FWXdLwcWQAILq36,Infrastructure,Infrastructure,Warnings & Status Updates,Infrastructure,majority
1541856581574336519,FWXGXFRXkAIlOqX,Infrastructure,Infrastructure,Warnings & Status Updates,Infrastructure,majority
1541843948079124480,FWW65hXXoAQMSMQ,Infrastructure,Infrastructure,Warnings & Status Updates,Infrastructure,majority
1541811671814918144,FWWdityUsAA1T8H,Warnings & Status Updates,General Information,Preparedness,Warnings & Status Updates,none
1541799071941279745,FWWSFGRWQAMIoi2,Infrastructure,Infrastructure,Warnings & Status Updates,Infrastructure,majority
1541798621439459330,FWWRgdBXwAE4pMW,Infrastructure,Infrastructure,Warnings & Status Updates,Infrastructure,majority
1541512084227325961,FWSNEmuXgAEb_Hl,Preparedness,Preparedness,Preparedness,Preparedness,full
1541209779145789443,FWN6IEpX0AMM3Bp,Preparedness,Other,Preparedness,Preparedness,majority
1541100744408850432,FWMW8-PVEAE3IUI,Preparedness,Preparedness,Preparedness,Preparedness,full
1540916155119853568,FWJvEwDVEAAM9H2,Other,Other,Warnings & Status Updates,Other,majority
1540809427124531200,FWIN_ufVEAAZM94,Reports of Actions of Responders,Reports of Actions of Responders,Reports of Actions of Responders,Reports of Actions of Responders,full
1540485097207611393,FWDnCE_X0AEEgU_,Other,General Information,Warnings & Status Updates,Other,none
1540431798059970560,FWC2fm7UYAAKjFt,Support,Reports of Actions of Responders,Advertisement,Support,none
1540376175775690752,FWCD1F6VEAAU-Of,General Information,General Information,Other,General Information,majority
1540069738222583816,FV9tQ3yXkAcBteR,Support,Support,Support,Support,full
1539997212825886720,FV8rTQJUsAA8Tsa,General Information,General Information,Preparedness,General Information,majority
1539397932537065472,FV0KQvyWYAMr4US,Other,General Information,Warnings & Status Updates,Other,none
1539353560021757952,FVzh5DxUsAAOJpk,Preparedness,Preparedness,Preparedness,Preparedness,full
1539257097568800769,FVyKKbIXoAAEus0,Other,Reports of Actions of Responders,Other,Other,majority
1539033632408358914,FVu98slUcAAolze,Reports of Actions of Responders,Warnings & Status Updates,Warnings & Status Updates,Warnings & Status Updates,majority
1539004119322480641,FVuj7_FVIAAtox-,General Information,General Information,Preparedness,General Information,majority
1539004119322480641,FVuj9QrUAAE4Fby,General Information,General Information,Preparedness,General Information,majority
1538953651716124672,FVt2LxIUcAAFR2u,Reports of Actions of Responders,Reports of Actions of Responders,Reports of Actions of Responders,Reports of Actions of Responders,full
1538949232878419968,FVtw4M7VsAA_CbM,Preparedness,Preparedness,Preparedness,Preparedness,full
1538911313023234048,FVtPrfLUYAA5l7f,General Information,Preparedness,Warnings & Status Updates,General Information,none
1538264736201969665,FVkDnNqVIAAim_0,Other,Smoke & Air Quality,Warnings & Status Updates,Other,none
1538250255430467586,FVj2dIZWQAUVg25,Preparedness,General Information,Preparedness,Preparedness,majority
1538190313809772544,FVi_7mjUUAI1Pc6,Preparedness,Infrastructure,Preparedness,Preparedness,majority
1537992479617650688,FVgMApkUUAM2FnT,Smoke & Air Quality,Smoke & Air Quality,Other,Smoke & Air Quality,majority
1537918067136614400,FVfIVLgVIAImw_k,Other,General Information,Warnings & Status Updates,Other,none
1537884078271188999,FVenpVnUAAAibdo,Warnings & Status Updates,Warnings & Status Updates,Warnings & Status Updates,Warnings & Status Updates,full
1537861329993621506,FVeUtx6UsAABxqW,Warnings & Status Updates,Reports of Actions of Responders,Warnings & Status Updates,Warnings & Status Updates,majority
1537859182207987712,FVeQfRMVIAAZxhT,Preparedness,General Information,Preparedness,Preparedness,majority
1537829681889615872,FVd38WiUAAAvqMW,Reports of Actions of Responders,Reports of Actions of Responders,Other,Reports of Actions of Responders,majority
1537829681889615872,FVd38WBVsAIv6ru,Reports of Actions of Responders,Reports of Actions of Responders,Other,Reports of Actions of Responders,majority
1537570543645229056,FVaMHSCUAAASfGt,Preparedness,General Information,Preparedness,Preparedness,majority
1537191471303884800,FVUzeWOVUAEPFhD,Reports of Actions of Responders,General Information,Warnings & Status Updates,Reports of Actions of Responders,none
1537119725162885120,FVTyHISUcAAiICp,Reports of Actions of Responders,Reports of Actions of Responders,Reports of Actions of Responders,Reports of Actions of Responders,full
1537119725162885120,FVTyIAaVUAAF3eI,Reports of Actions of Responders,Reports of Actions of Responders,Reports of Actions of Responders,Reports of Actions of Responders,full
1537119725162885120,FVTyI4PUAAAtUl9,Reports of Actions of Responders,Reports of Actions of Responders,Reports of Actions of Responders,Reports of Actions of Responders,full
1537088550415372288,FVTV4zEUAAEaCr4,General Information,Reports of Actions of Responders,Reports of Actions of Responders,Reports of Actions of Responders,majority
1536557498005565441,FVLygsQUUAAHVFY,Other,Infrastructure,Warnings & Status Updates,Other,none
1536362013835681792,FVJBG3FVEAA4l3U,Other,Reports of Actions of Responders,Other,Other,majority
1536362013835681792,FVJBGpHVUAEqGK3,Other,Reports of Actions of Responders,Other,Other,majority
1536362013835681792,FVJBGo4VsAAKu0e,Other,Reports of Actions of Responders,Other,Other,majority
1536362013835681792,FVJBGoVVEAAb8P9,Other,Reports of Actions of Responders,Other,Other,majority
1536013723206176769,FVEEVXbVsAAcmyj,Preparedness,General Information,Preparedness,Preparedness,majority
1535649819284320256,FU-5XmQUEAENvLS,Weather Reports,General Information,Other,Weather Reports,none
1535400669569396736,FU7WQW1UUAAwv2F,Other,General Information,Preparedness,Other,none
1535356676903010304,FU6ur-jVEAAC_As,Preparedness,General Information,Preparedness,Preparedness,majority
1535313407355654146,FU585wUUEAEJ-bJ,Preparedness,General Information,Preparedness,Preparedness,majority
1535281899567865856,FU5qvmnUAAYZmh3,General Information,General Information,Other,General Information,majority
1534187080330358784,FUqHA_3VIAAKVMv,Other,Support,Support,Support,majority
1533904313780776963,FUmF1_cWIAsO68e,Preparedness,Preparedness,Preparedness,Preparedness,full
1533834857473662978,FUlGq_7VEAUz11l,Reports of Actions of Responders,Reports of Actions of Responders,Reports of Actions of Responders,Reports of Actions of Responders,full
1533834857473662978,FUlGq_kVUAAFpNq,Reports of Actions of Responders,Reports of Actions of Responders,Reports of Actions of Responders,Reports of Actions of Responders,full
1533472475484332032,FUf9FhuVIAAYS-w,General Information,General Information,Preparedness,General Information,majority
1533230383763820545,FUcg5r6VIAAq0UD,Preparedness,Infrastructure,General Information,Preparedness,none
1533129622761549824,FUbFQ3lUUAEHM_l,Warnings & Status Updates,Warnings & Status Updates,Warnings & Status Updates,Warnings & Status Updates,full
1533117137325240320,FUa556qVEAEn1TL,Preparedness,General Information,Warnings & Status Updates,Preparedness,none
1533068305589751809,FUaMsGBWQAcRbNS,Weather Reports,Weather Reports,Weather Reports,Weather Reports,full
1532877776591769603,FUXfnCeXwAAtcR4,Evacuees,Weather Reports,Warnings & Status Updates,Evacuees,none
1532875292661850112,FUXd8rZUcAA0IxV,General Information,General Information,Warnings & Status Updates,General Information,majority
1532845158001037312,FUXCi_QVEAAMdwf,Warnings & Status Updates,Warnings & Status Updates,Warnings & Status Updates,Warnings & Status Updates,full
1532839405085335552,FUW9T9vUEAUyOBn,Reports of Actions of Responders,Warnings & Status Updates,Reports of Actions of Responders,Reports of Actions of Responders,majority
1532725776860139520,FUVV-D9VEAEtVgj,Warnings & Status Updates,Warnings & Status Updates,Warnings & Status Updates,Warnings & Status Updates,full
1532454515064025088,FURfQhxUEAEqDYk,Warnings & Status Updates,Warnings & Status Updates,Warnings & Status Updates,Warnings & Status Updates,full
1532438658715750402,FURQ1mJUcAAR-UX,Warnings & Status Updates,Warnings & Status Updates,Warnings & Status Updates,Warnings & Status Updates,full
1532366900335812608,FUQPko5UUAYTcNv,Other,Reports of Actions of Responders,Reports of Actions of Responders,Reports of Actions of Responders,majority
1532366900335812608,FUQPko8VsAAsYLN,Other,Reports of Actions of Responders,Reports of Actions of Responders,Reports of Actions of Responders,majority
1532358842184613888,FUQHS6rXwAM54JG,Weather Reports,Weather Reports,Other,Weather Reports,majority
1532045523175190529,FULqn-4UcAAbhyU,Reports of Actions of Responders,Reports of Actions of Responders,Reports of Actions of Responders,Reports of Actions of Responders,full
1816528016765518002,GTWallgacAAuEKb,Political,Political,Political,Political,full
1816527172007309507,GTWZ1jvWMAA6fuV,Support,Support,Other,Support,majority
1816527044047700214,GTWYnObXYAA87rk,Other,Other,Other,Other,full
1816526335680086517,GTWZEEkWQAAJqb9,Advertisement,Advertisement,Support,Advertisement,majority
1816526132830994598,GTWY4daXkAAGZPs,Reports of Actions of Responders,Smoke & Air Quality,Reports of Actions of Responders,Reports of Actions of Responders,majority
1816526018787856527,GTWYebZbgAAUFQk,Other,Support,Other,Other,majority
1816525910197281134,GTWYsGeXAAAJHRl,Political,Political,Political,Political,full
1816524170475503821,GTWXGq1XkAA4OS5,Infrastructure,Support,Warnings & Status Updates,Infrastructure,none
1816523811178840211,GTWWx6yWQAAp87Q,General Information,General Information,Political,General Information,majority
1816523505451811316,GTWWgEuagAYIEGX,General Information,General Information,Support,General Information,majority
1816523456168772014,GTWWdSoagAAL6Zp,Warnings & Status Updates,Political,Warnings & Status Updates,Warnings & Status Updates,majority
1816522347131834480,GTWVcjAXQAArRwu,Advertisement,Support,Support,Support,majority
1816522347131834480,GTWVckbXkAAwHzh,Advertisement,Support,Support,Support,majority
1816522347131834480,GTWVckOWkAALl73,Advertisement,Support,Support,Support,majority
1816522347131834480,GTWVclCXAAAwUkA,Advertisement,Support,Support,Support,majority
1816521370844737927,GTWUjflWgAAlZeW,Other,Smoke & Air Quality,Other,Other,majority
1816520556772225397,GTWTV8JXoAAO7jd,Political,Political,Political,Political,full
1816520304778477712,GTWTXyVWEAAD4u9,Other,Support,Other,Other,majority
1816520304778477712,GTWTXyVWoAA0XFF,Other,Support,Other,Other,majority
1816518134754574392,GTWRm7cbEAAmujZ,Warnings & Status Updates,Warnings & Status Updates,Warnings & Status Updates,Warnings & Status Updates,full
1816516729398288657,GTWQVnLXQAApe_x,Warnings & Status Updates,Support,Warnings & Status Updates,Warnings & Status Updates,majority
1816516644157751415,GTWPuLcbEAAThBf,Support,Support,Support,Support,full
1816516644157751415,GTWPuLdaQAAC3AH,Support,Support,Support,Support,full
1816516644157751415,GTWPuLfbwAATYH9,Support,Support,Support,Support,full
1816516137959535007,GTWPy7dXsAAeJAN,Other,Support,Other,Other,majority
1816515137983127607,GTWOVBpWQAQXRaP,Warnings & Status Updates,Reports of Actions of Responders,Reports of Actions of Responders,Reports of Actions of Responders,majority
1816514978939363713,GTWOvoLWQAYhz7k,Warnings & Status Updates,Warnings & Status Updates,Warnings & Status Updates,Warnings & Status Updates,full
1816514425924562946,GTWOPX-WQAc8RNF,Advertisement,Advertisement,Advertisement,Advertisement,full
1816514104057794773,GTWN8uiaQAAl3Pv,Other,Smoke & Air Quality,Other,Other,majority
1816514104057794773,GTWN8uja0AA6-Js,Other,Support,Other,Other,majority
1816514104057794773,GTWN8vMbYAA5IcT,Other,Support,Other,Other,majority
1816514104057794773,GTWN8zRakAAm99f,Other,Support,Other,Other,majority
1816514096591995381,GTWN8QLWQAg4583,Evacuees,Evacuees,Support,Evacuees,majority
1816513775429951932,GTWMvg-aEAEb413,Infrastructure,Infrastructure,Infrastructure,Infrastructure,full
1816513765896245724,GTWNpJEasAA8BVz,Infrastructure,Smoke & Air Quality,Warnings & Status Updates,Infrastructure,none
1816513271635349846,GTWNMbrW0AYMh5z,Other,Support,Other,Other,majority
1816511605527785933,GTWLhqIW0AMOONI,Other,Support,Other,Other,majority
1816511604516958389,GTWLrGLW0AMvU7z,Warnings & Status Updates,Warnings & Status Updates,Political,Warnings & Status Updates,majority
1816511604516958389,GTWLrGHW0AAw5OY,Warnings & Status Updates,Warnings & Status Updates,Political,Warnings & Status Updates,majority
1816511175087018354,GTWLSQSW0AQJgit,Other,Support,Other,Other,majority
1816511074415566960,GTWKyOCbcAAg-yU,Smoke & Air Quality,Smoke & Air Quality,Smoke & Air Quality,Smoke & Air Quality,full
1816510817338052707,GTWKks1W0AclRQG,Political,Political,Political,Political,full
1816510817338052707,GTWKksyW0AQG56M,Political,Political,Political,Political,full
1816510817338052707,GTWKks7XMAAMOVB,Political,Political,Political,Political,full
1816510817338052707,GTWKksxW0AEuT2o,Political,Political,Political,Political,full
1816510188666712561,GTWKY5-bYAESVlR,Other,Smoke & Air Quality,Warnings & Status Updates,Other,none
1816510100225319001,GTWKREoW0AgMmAa,Other,Support,Other,Other,majority
1816510100225319001,GTWKREoW0Akn82A,Other,Support,Other,Other,majority
1816508975476814070,GTWJPOhW0AICvfK,Infrastructure,Infrastructure,Infrastructure,Infrastructure,full
1816507340763672950,GTWHI68X0AENYzb,Smoke & Air Quality,Smoke & Air Quality,Warnings & Status Updates,Smoke & Air Quality,majority
1816507251991130262,GTWHuC7XsAA1wwU,Other,Support,Other,Other,majority
1816506893361180902,GTWHYtqW8AAeFiE,Infrastructure,Infrastructure,Infrastructure,Infrastructure,full
1816506778722488519,GTWHOSUX0AERlyy,Other,Other,Other,Other,full
1816506778722488519,GTWHOSdXwAAo_OF,Other,Other,Other,Other,full
1816505224002990285,GTWF39BXUAAjpSv,Reports of Actions of Responders,Reports of Actions of Responders,Other,Reports of Actions of Responders,majority
1816504727670255966,GTWFa7vWEAA2xkK,Infrastructure,Infrastructure,Warnings & Status Updates,Infrastructure,majority
1816502936215658760,GTWDfCDXwAAJ8Mi,Warnings & Status Updates,Smoke & Air Quality,Other,Warnings & Status Updates,none
1816502220873154970,GTWDI5TXYAAcbF-,Advertisement,Advertisement,Advertisement,Advertisement,full
1816502135405604891,GTWCycqWMAAiutT,Other,Other,Other,Other,full
1816501244577608160,GTWCFwQXcAAGGyy,Infrastructure,Infrastructure,Warnings & Status Updates,Infrastructure,majority
1816500758784647215,GTWBqatWkAAEfs_,Other,Infrastructure,Other,Other,majority
1816500350914072798,GTWBMhWWAAANcx0,Political,Warnings & Status Updates,General Information,Political,none
1816499396344967349,GTWAkItaMAA70i3,Smoke & Air Quality,Infrastructure,Smoke & Air Quality,Smoke & Air Quality,majority
1816499396344967349,GTWAkIpaQAAEKTw,Smoke & Air Quality,Infrastructure,Smoke & Air Quality,Smoke & Air Quality,majority
1816498978760093720,GTWALdVbkAAjBxg,Smoke & Air Quality,Smoke & Air Quality,Smoke & Air Quality,Smoke & Air Quality,full
1816498978760093720,GTWALdVaQAALETY,Smoke & Air Quality,Smoke & Air Quality,Smoke & Air Quality,Smoke & Air Quality,full
1816498797859794991,GTWAB8XbEAAGQ0e,Political,Political,Political,Political,full
1816498110774038840,GTV_ZyhaMAAYxHA,Other,Support,Other,Other,majority
1816498013252272490,GTV_ULZWkAAcXv7,Other,Support,Other,Other,majority
1816497461260693902,GTV-0LNW4AAadpX,Support,General Information,Support,Support,majority
1816495787897168273,GTV9SklbkAAL-mU,Evacuees,Evacuees,Evacuees,Evacuees,full
1816495787897168273,GTV9Skja4AAS8HP,Evacuees,Infrastructure,Evacuees,Evacuees,majority
1816494315599810680,GTV788ZXcAA0Qi2,Warnings & Status Updates,Warnings & Status Updates,Warnings & Status Updates,Warnings & Status Updates,full
1816490375965806843,GTV4XfXbcAAlsQV,Other,Other,Other,Other,full
1816490375965806843,GTV4XenaYAA1lhj,Other,Other,Other,Other,full
1816490375965806843,GTV4XeracAApKec,Other,Other,Other,Other,full
1816490375965806843,GTV4XeqbsAAboXM,Other,Other,Other,Other,full
1816489569749189097,GTV3cMSWsAAWqs-,Other,Other,Other,Other,full
1816488661451669825,GTV2vozaYAEyYW2,Support,General Information,Support,Support,majority
1816487100122091695,GTV1YS9bMAA75T3,Other,Support,Other,Other,majority
1816487100122091695,GTV1YS-bYAAYYTe,Other,Support,Other,Other,majority
1816487100122091695,GTV1YS8bYAAaBnL,Other,Support,Other,Other,majority
1816487025257668901,GTV1UikXMAEJLsC,Other,Other,Other,Other,full
1816485960571294193,GTV0WlvXwAAQay4,Smoke & Air Quality,Smoke & Air Quality,Warnings & Status Updates,Smoke & Air Quality,majority
1816485852312436819,GTV0QCwXAAAWT6R,Infrastructure,Smoke & Air Quality,Warnings & Status Updates,Infrastructure,none
1816485565342126439,GTVz_YNW0AAoqWj,Political,Political,Political,Political,full
1816484726049488917,GTVzOuza0AAPeQB,Infrastructure,Smoke & Air Quality,Warnings & Status Updates,Infrastructure,none
1816484350646800475,GTVy4izbkAAKMS_,Infrastructure,Smoke & Air Quality,Warnings & Status Updates,Infrastructure,none
1816484350646800475,GTVy4izbsAAqcwq,Infrastructure,Smoke & Air Quality,Warnings & Status Updates,Infrastructure,none
1816484350646800475,GTVy4i0aoAEHGPu,Infrastructure,Infrastructure,Warnings & Status Updates,Infrastructure,majority
1816481248745079180,GTVwEVHXIAAezbC,General Information,Support,Other,General Information,none
1816481248745079180,GTVwEVOWEAEh35_,General Information,Support,Warnings & Status Updates,General Information,none
1816481008813773080,GTVv2arXQAATGJx,Other,Support,Other,Other,majority
1816478622032834889,GTVtrbeWYAAC6-I,Other,Support,Other,Other,majority
1816477743678115910,GTVs4dfW0AA9XTt,Infrastructure,Support,Warnings & Status Updates,Infrastructure,none
1816477730940039599,GTVs3pTXgAAxCVu,Support,Support,Support,Support,full
1816477552950821035,GTVstIcXgAAMTb8,Warnings & Status Updates,Warnings & Status Updates,Warnings & Status Updates,Warnings & Status Updates,full
1816477552950821035,GTVstIbWcAAc8WM,Warnings & Status Updates,Warnings & Status Updates,Warnings & Status Updates,Warnings & Status Updates,full
1816477205377024166,GTVsYagWMAEyLIv,Other,Support,Other,Other,majority
1816477205377024166,GTVsYahWgAAmS0l,Other,Support,Other,Other,majority
1816477205377024166,GTVsYahWoAElbxA,Other,Support,Other,Other,majority
1816477205377024166,GTVsYajXoAAoST_,Other,Support,Other,Other,majority
1816476763247300733,GTVr_NNXEAAw76R,Political,Political,Political,Political,full
1816476266196816104,GTVriTOWIAAmT62,Other,Support,Other,Other,majority
1816475432767877500,GTVqPmXbQAAg76G,Political,Political,Political,Political,full
1816475400337281452,GTVqrEOWMAAMJMk,Political,Political,Political,Political,full
1816473367412895923,GTVo5qzbUAE6Ifz,Political,Political,Political,Political,full
1816472224745877837,GTVn3C2XQAA2R-U,Political,Political,Political,Political,full
1816471892028702760,GTVnjsIXMAAasJZ,Reports of Actions of Responders,Warnings & Status Updates,Warnings & Status Updates,Warnings & Status Updates,majority
1816470897655722286,GTVmp19X0AAtGgF,Infrastructure,Support,Warnings & Status Updates,Infrastructure,none
1816470897655722286,GTVmp1-XIAASQsW,Infrastructure,Support,Warnings & Status Updates,Infrastructure,none
1816468204782497793,GTVkL9WXYAAJlp1,Political,Other,Political,Political,majority
1816467560113852832,GTVjca-XIAAEMoS,Support,Evacuees,Evacuees,Evacuees,majority
1816466909396701467,GTViadYWQAAaZGH,Political,Political,Other,Political,majority
1816466897019576750,GTVipkAWMAA4Pkm,Other,Support,Other,Other,majority
1816465713839685857,GTVh7RgWUAAA1r2,General Information,Reports of Actions of Responders,Other,General Information,none
1816463659448558072,GTVfyM1XkAARfD3,Other,Support,Other,Other,majority
1816462781698527478,GTVfRbTXQAADpP7,Political,Political,Political,Political,full
1816462577259417817,GTVfFaNXIAEqwoY,Evacuees,Evacuees,Evacuees,Evacuees,full
1816462238548648166,GTVexqSbIAAjFyr,Other,Support,Other,Other,majority
1816462238548648166,GTVexqQacAAUpiY,Other,Support,Other,Other,majority
1816461738579013712,GTVeOdrWYAADW93,Infrastructure,General Information,Warnings & Status Updates,Infrastructure,none
1816461067956125973,GTVdtnqXUAAONyc,Infrastructure,Infrastructure,Warnings & Status Updates,Infrastructure,majority
1816460501947236560,GTVdM2GWQAA8Hyi,Political,Political,Political,Political,full
1816460080583266514,GTVcrnUXQAAF_E7,Political,Support,Other,Political,none
1816458772732072067,GTVboGSXIAA0oaU,Infrastructure,Reports of Actions of Responders,Warnings & Status Updates,Infrastructure,none
1816458387162530245,GTUHounXUAANCU0,General Information,Warnings & Status Updates,Warnings & Status Updates,Warnings & Status Updates,majority
1816457886832185531,GTVapXQXkAA7XQe,Political,Political,Political,Political,full
1816457886832185531,GTVaq4fXcAArmWD,Political,Political,Political,Political,full
1816455610226946161,GTU2XOdWMAAXR5F,Infrastructure,Infrastructure,Infrastructure,Infrastructure,full
1816454603799478398,GTU3kIYXAAAXaC1,Infrastructure,Infrastructure,Warnings & Status Updates,Infrastructure,majority
1816453597032292642,GTU3Tc-WwAAKGWW,Infrastructure,Infrastructure,Infrastructure,Infrastructure,full
1816453284883726589,GTVWogQa8AAT410,Smoke & Air Quality,Smoke & Air Quality,Smoke & Air Quality,Smoke & Air Quality,full
1816452603103825961,GTVWAw3WoAETdxc,Political,Political,Political,Political,full
1816452590214783174,GTUtYpwXoAAv5Tk,Infrastructure,Infrastructure,Infrastructure,Infrastructure,full
1816452125469323771,GTVVlOmakAAE8gW,Other,Support,Other,Other,majority
1816452125469323771,GTVVlOobcAADeM2,Other,Other,Other,Other,full
1816452125469323771,GTVVlOrbMAAI_WI,Other,Other,Other,Other,full
1816452125469323771,GTVVlM-bsAAnzHf,Infrastructure,Other,Warnings & Status Updates,Infrastructure,none
1816451584152437017,GTUshJ3WEAAgieF,Infrastructure,Infrastructure,Warnings & Status Updates,Infrastructure,majority
1816450714979176573,GTVUTJaXYAI2dOs,Infrastructure,Support,Warnings & Status Updates,Infrastructure,none
1816450714979176573,GTVUTJZWUAEoSZA,Infrastructure,Support,Warnings & Status Updates,Infrastructure,none
1816450714979176573,GTVUTLuWAAAg2ck,Infrastructure,Support,Warnings & Status Updates,Infrastructure,none
1816450572272214226,GTVUKx5XIAA_1qv,Other,Other,Other,Other,full
1816447831374540876,GTVRov6aIAAIgPN,Infrastructure,Infrastructure,Infrastructure,Infrastructure,full
1816443688576237915,GTVN6INXYAETPLZ,Other,Other,Other,Other,full
1816443688576237915,GTVN6HqWYAAXtpi,Other,Other,Other,Other,full
1816443688576237915,GTVN6HqW0AAqrJh,Other,Other,Other,Other,full
1816443688576237915,GTVN6HsWAAAS4FD,Other,Other,Other,Other,full
1816443126560567347,GTVNZY8W4AEDsl2,Political,Other,Other,Other,majority
1816441196761227501,GTVLDBXXoAA7qX3,Other,Support,Other,Other,majority
1816440599156854858,GTVLGR-XUAAVMzM,Other,Other,Other,Other,full
1816431475321147535,GTVCzJ8aEAAjs8g,Other,Support,Weather Reports,Other,none
1816426483742822403,GTU-QjRagAAq246,Support,Evacuees,Evacuees,Evacuees,majority
1816415784731598863,GTU0hoDWAAAuM68,Other,Support,Other,Other,majority
1816415784731598863,GTU0hoDW8AArDY7,Other,Support,Other,Other,majority
1816404007554019792,GTUpOd_bYAAc7PP,Infrastructure,Evacuees,Other,Infrastructure,none
1816404007554019792,GTUpOeBacAAZJz7,Infrastructure,Evacuees,Warnings & Status Updates,Infrastructure,none
1816404007554019792,GTUpzVUa0AAVv6R,Infrastructure,Evacuees,Smoke & Air Quality,Infrastructure,none
1816404007554019792,GTUpzVTaoAA9FUp,Infrastructure,Evacuees,Smoke & Air Quality,Infrastructure,none
1816399104286839064,GTUlIwvbMAAZyRh,Other,Political,Political,Political,majority
1816398494178914584,GTUkW0XWsAAueJH,Other,Smoke & Air Quality,Other,Other,majority
1816398494178914584,GTUkW0fWMAAC5dM,Other,Smoke & Air Quality,Other,Other,majority
1816398494178914584,GTUkW0XXEAAcQGL,Other,Smoke & Air Quality,Other,Other,majority
1816398494178914584,GTUkW0YWQAALone,Other,Infrastructure,Other,Other,majority
1816393982592553121,GTUZ9oyaYAIJmJe,Smoke & Air Quality,Smoke & Air Quality,Warnings & Status Updates,Smoke & Air Quality,majority
1816393982592553121,GTUZ9oybAAAHcPg,Infrastructure,Smoke & Air Quality,Warnings & Status Updates,Infrastructure,none
1816393982592553121,GTUZ9o4aYAI-TxU,Infrastructure,Smoke & Air Quality,Warnings & Status Updates,Infrastructure,none
1816390440494502118,GTUdehtWcAE6qt_,Other,Support,Other,Other,majority
1816390440494502118,GTUdehtXkAIJn33,Other,Support,Other,Other,majority
1816390440494502118,GTUdehyW8AAzSCm,Other,Support,Other,Other,majority
1816386575884009910,GTUZ9oxbgAATwsJ,Infrastructure,Smoke & Air Quality,Warnings & Status Updates,Infrastructure,none
1816384907431625119,GTUYcj3XgAIMbXa,Support,Support,Other,Support,majority
1816381779848110093,GTUVlg8XAAARkje,Warnings & Status Updates,Warnings & Status Updates,Support,Warnings & Status Updates,majority
1816380958280417311,GTUU2gdXQAAMxRz,Support,Support,Other,Support,majority
1816380958280417311,GTUU2geXoAAtQ1r,Other,Support,Other,Other,majority
1816380958280417311,GTUU2geWoAA6hGL,Support,Support,Other,Support,majority
1816380958280417311,GTUU2geX0AEl_ip,Other,Support,Other,Other,majority
1816379278650495349,GTUTUcsW0AA9Y_A,Other,Support,Other,Other,majority
1816379278650495349,GTUTUcsWIAAUvPN,Other,Support,Other,Other,majority
1816377413095317718,GTURcPKWIAEyseM,Warnings & Status Updates,Warnings & Status Updates,Warnings & Status Updates,Warnings & Status Updates,full
1816375282275614993,GTUPsSuWMAADzP1,Political,Political,Other,Political,majority
1816370414727098410,GTULQuYXkAAYG3C,Other,Support,Other,Other,majority
1816370414727098410,GTULQuWX0AArtZI,Other,Support,Other,Other,majority
1816370414727098410,GTULQuWXcAA0pLl,Other,Support,Other,Other,majority
1816370414727098410,GTULQuYWUAAcSer,Other,Support,Other,Other,majority
1816368545044836549,GTUIU6bXsAAl1c5,Other,Support,Other,Other,majority
1816361726050238736,GTUDXMIWQAAjAKf,Infrastructure,Support,Warnings & Status Updates,Infrastructure,none
1816361611860275226,GTUDQphXcAAVHx7,Other,Support,Other,Other,majority
1816360823356358761,GTUCicmX0AAHe22,Other,Support,Other,Other,majority
1816360823356358761,GTUCiclXUAABKSr,Other,Support,Other,Other,majority
1816360823356358761,GTUCicmWAAAtgj3,Other,Support,Other,Other,majority
1816360823356358761,GTUCicnWsAE5r6c,Other,Support,Other,Other,majority
1816360605919461823,GTT_qmrWAAArNSd,Infrastructure,Warnings & Status Updates,Warnings & Status Updates,Warnings & Status Updates,majority
1816360605919461823,GTT_qlxXIAAjCpi,Infrastructure,Warnings & Status Updates,Warnings & Status Updates,Warnings & Status Updates,majority
1816359887934542313,GTUBsMRaYAAKW02,Infrastructure,Support,Warnings & Status Updates,Infrastructure,none
1816357420786147523,GTTy20haYAQeM1U,Infrastructure,Support,Warnings & Status Updates,Infrastructure,none
1816357420786147523,GTTy20eb0AAsoCm,Infrastructure,Support,Warnings & Status Updates,Infrastructure,none
1816357420786147523,GTTy20haYAY9Ej-,Infrastructure,Support,Warnings & Status Updates,Infrastructure,none
1816357420786147523,GTT_cluaoAA40LC,Infrastructure,Support,Warnings & Status Updates,Infrastructure,none
1816357218637221904,GTT_QKeXsAA_I6E,Infrastructure,Warnings & Status Updates,Warnings & Status Updates,Warnings & Status Updates,majority
1816355826157682870,GTT89yRXIAAXQxR,Infrastructure,Support,Warnings & Status Updates,Infrastructure,none
1816353702359228432,GTT8BO4WoAAX_1L,Infrastructure,Support,Warnings & Status Updates,Infrastructure,none
1816353702359228432,GTT8BO5XsAAS1UF,Infrastructure,Support,Other,Infrastructure,none
1816353702359228432,GTT8BO3XsAA3wec,Infrastructure,Support,Other,Infrastructure,none
1816352077875929552,GTT6lTOXYAEAfKT,Other,Evacuees,Evacuees,Evacuees,majority
1816351941116497953,GTT6dxTWgAAca8v,Evacuees,Evacuees,Evacuees,Evacuees,full
1816351941116497953,GTT6dyJXQAA-VHl,Evacuees,Evacuees,Evacuees,Evacuees,full
1816350841487454684,GTT5aK1XIAEihhN,Political,Political,Political,Political,full
1816350806628606026,GTT4TE_XQAAkE_r,Infrastructure,Support,Warnings & Status Updates,Infrastructure,none
1816350806628606026,GTT4TE_XkAAalaw,Infrastructure,Smoke & Air Quality,Warnings & Status Updates,Infrastructure,none
1816350108293951775,GTT4zBEaYAAdglw,Infrastructure,Warnings & Status Updates,Warnings & Status Updates,Warnings & Status Updates,majority
1816347517379833971,GTT2boaWIAAS4-Q,Other,Support,Other,Other,majority
1816347517379833971,GTT2boaW0AAtT8p,Other,Support,Other,Other,majority
1816347517379833971,GTT2boZWUAAAeqU,Other,Support,Other,Other,majority
1816347517379833971,GTT2boXW8AArDuk,Other,Support,Other,Other,majority
1816346910791471268,GTT142CaYAUbYDJ,Smoke & Air Quality,Support,Warnings & Status Updates,Smoke & Air Quality,none
1816346910791471268,GTT142CaYAIpAKv,Smoke & Air Quality,Support,Warnings & Status Updates,Smoke & Air Quality,none
1816346163492372686,GTT1NUgaMAEIbIH,Warnings & Status Updates,Smoke & Air Quality,Smoke & Air Quality,Smoke & Air Quality,majority
1816346163492372686,GTT1NUkaYAAq3VR,Warnings & Status Updates,Smoke & Air Quality,Smoke & Air Quality,Smoke & Air Quality,majority
1816346163492372686,GTT1NUhaYAQNJVx,Smoke & Air Quality,Weather Reports,Smoke & Air Quality,Smoke & Air Quality,majority
1816344820677501154,GTTz_Q6aoAAqfxQ,Smoke & Air Quality,Support,Warnings & Status Updates,Smoke & Air Quality,none
1816344686950248645,GTTxiIKXQAA9EBO,Smoke & Air Quality,Support,Warnings & Status Updates,Smoke & Air Quality,none
1816343577552904353,GTTy20gaYAAZQvC,Infrastructure,Smoke & Air Quality,Warnings & Status Updates,Infrastructure,none
1816343237445190082,GTTx6EWaYAEP10f,Political,Political,Other,Political,majority
1816341652350591062,GTTxGzKbEAA8dD-,Political,Political,Political,Political,full
1816341601599512938,GTTwuMfaYAA3vHv,Advertisement,Support,Advertisement,Advertisement,majority
1816341546888986988,GTTxAfraYAIA0PB,Infrastructure,Smoke & Air Quality,Warnings & Status Updates,Infrastructure,none
1816341546888986988,GTTxAfaaYAA5pmM,Smoke & Air Quality,Smoke & Air Quality,Warnings & Status Updates,Smoke & Air Quality,majority
1816341546888986988,GTTxAffbgAAbBpy,Smoke & Air Quality,Smoke & Air Quality,Warnings & Status Updates,Smoke & Air Quality,majority
1816341124505821276,GTTwoEqW0AAjksW,Other,Support,Other,Other,majority
1816340606668702197,GTTutdFaYAMQzhD,Political,Political,Other,Political,majority
1816339889467613593,GTTvgCkaYAQaDKL,Infrastructure,Smoke & Air Quality,Warnings & Status Updates,Infrastructure,none
1816338100265836911,GTTt4HWXQAASGmD,Infrastructure,Smoke & Air Quality,Warnings & Status Updates,Infrastructure,none
1816338100265836911,GTTt4HbWkAAKxqR,Infrastructure,Smoke & Air Quality,Warnings & Status Updates,Infrastructure,none
1816337773420483067,GTTtk6maYAUf0Ir,Other,Support,Other,Other,majority
1816337773420483067,GTTtk6ma4AAcxAw,Other,Support,Other,Other,majority
1816337028193435826,GTTs5fUaYAM54Mp,Infrastructure,Smoke & Air Quality,Warnings & Status Updates,Infrastructure,none
1816337028193435826,GTTs5gaaYAEKvyd,Infrastructure,Smoke & Air Quality,Warnings & Status Updates,Infrastructure,none
1816336133971706065,GTTsE6hXYAAtkmw,Political,Support,Other,Political,none
1816336133971706065,GTTsE6hW0AAXiIA,Political,Support,Other,Political,none
1816336133971706065,GTTsE6jWgAA3Rsp,Political,Support,Other,Political,none
1816334922379850049,GTTkIKdWMAAJMYN,Infrastructure,Smoke & Air Quality,Warnings & Status Updates,Infrastructure,none
1816334922379850049,GTTkIKkXsAAJ9AT,Infrastructure,Smoke & Air Quality,Warnings & Status Updates,Infrastructure,none
1816334922379850049,GTTkIKcWEAABurr,Infrastructure,Smoke & Air Quality,Warnings & Status Updates,Infrastructure,none
1816332818383028564,GTTpEr8aYAEOSRY,General Information,Weather Reports,Smoke & Air Quality,General Information,none
1816331632569127272,GTTmnyvWcAAFdN1,Infrastructure,Smoke & Air Quality,Warnings & Status Updates,Infrastructure,none
1816331632569127272,GTTn_CXXcAAfvfH,Infrastructure,Warnings & Status Updates,Warnings & Status Updates,Warnings & Status Updates,majority
1816330978089906556,GTTnZleXUAAKB5v,Warnings & Status Updates,Warnings & Status Updates,Reports of Actions of Responders,Warnings & Status Updates,majority
1816330887560065236,GTTnUSsXEAAM-9K,Warnings & Status Updates,Warnings & Status Updates,Reports of Actions of Responders,Warnings & Status Updates,majority
1816329773443895539,GTTmSLrWIAAtmBk,Preparedness,Support,Support,Support,majority
1816329529515991249,GTTmFQSaYAASEx8,Political,Political,Political,Political,full
1816328780321038430,GTTlEHsaYAAo6D1,Other,Support,Other,Other,majority
1816328780321038430,GTTlEHsaYAIzNr9,Other,Support,Other,Other,majority
1816328780321038430,GTTlEHpaYAUCGrr,Other,Support,Other,Other,majority
1816328780321038430,GTTlEHpa0AA-K1W,Other,Support,Other,Other,majority
1816328536854315357,GTTlLcPWYAAa2U3,Smoke & Air Quality,Weather Reports,Smoke & Air Quality,Smoke & Air Quality,majority
1816328119042678924,GTTjyD9XsAEY8Ir,Other,Other,Other,Other,full
1816328119042678924,GTTjyD9XIAAWt3d,Other,Other,Other,Other,full
1816327384007627214,GTTkIKjXwAAjrFN,Infrastructure,Smoke & Air Quality,Warnings & Status Updates,Infrastructure,none
1816325619963269490,GTTihhUaYAI2Ir6,Other,Political,Other,Other,majority
1816325297874080029,GTTiLdqXIAAW6NE,Evacuees,Evacuees,Evacuees,Evacuees,full
1816324792393630074,GTThZVyaYAQro0K,Advertisement,Advertisement,Advertisement,Advertisement,full
1816324792393630074,GTThZWFaYAA500-,Advertisement,Advertisement,Advertisement,Advertisement,full
1816324720008258019,GTThtKWW0AA2S3R,Evacuees,Evacuees,Other,Evacuees,majority
1816324720008258019,GTThtSxWAAAdCGR,Evacuees,Evacuees,Other,Evacuees,majority
1816324235943633392,GTThRBMaYAQwD7r,Warnings & Status Updates,Warnings & Status Updates,Warnings & Status Updates,Warnings & Status Updates,full
1816324093186302022,GTTga3pbUAAdz2q,Political,Political,Political,Political,full
1816323345257779666,GTTgdJCXkAAk2wR,General Information,General Information,Preparedness,General Information,majority
1816323169629659386,GTTgS6SXcAA_Jya,Smoke & Air Quality,Smoke & Air Quality,Smoke & Air Quality,Smoke & Air Quality,full
1816322787084038446,GTTf8p9XAAAuG4A,Other,Warnings & Status Updates,Warnings & Status Updates,Warnings & Status Updates,majority
1816322787084038446,GTTf8p8WsAEj1Qy,Infrastructure,Infrastructure,Other,Infrastructure,majority
1816321770539868481,GTTfBguWIAEe2iG,Weather Reports,Weather Reports,Weather Reports,Weather Reports,full
1816321100651061673,GTTeac8XQAAuWGV,Infrastructure,Warnings & Status Updates,Warnings & Status Updates,Warnings & Status Updates,majority
1816320475158700400,GTTd2M7aYAAX2-F,Weather Reports,Weather Reports,Weather Reports,Weather Reports,full
1816319574587199873,GTTdBwZaYAcaxpj,Other,Support,Other,Other,majority
1816319479103832516,GTTc8EfbEAEkEgK,Other,Support,Other,Other,majority
1816319479103832516,GTTc8GOaYAQjji7,Other,Support,Other,Other,majority
1816319479103832516,GTTc8F1aYAM9oWh,Other,Support,Other,Other,majority
1816319479103832516,GTTc8GGaYAMyWku,Other,Support,Other,Other,majority
1816319221682622804,GTTctM4aEAAUmSd,Infrastructure,Infrastructure,Warnings & Status Updates,Infrastructure,majority
1816319032561205507,GTTb8xEXYAAxp_T,Infrastructure,Warnings & Status Updates,Warnings & Status Updates,Warnings & Status Updates,majority
1816319032561205507,GTTb9iCWoAAe-6f,Infrastructure,Warnings & Status Updates,Warnings & Status Updates,Warnings & Status Updates,majority
1816319032561205507,GTTcYrOW4AAXYNS,Infrastructure,Infrastructure,Warnings & Status Updates,Infrastructure,majority
1816318919214506225,GTTcbeLXMAALnc2,Smoke & Air Quality,Smoke & Air Quality,Warnings & Status Updates,Smoke & Air Quality,majority
1816318487792607617,GTTcCbtacAAwiBE,Smoke & Air Quality,Smoke & Air Quality,General Information,Smoke & Air Quality,majority
1816318487792607617,GTTcCbvaYAA81Vx,Smoke & Air Quality,Smoke & Air Quality,General Information,Smoke & Air Quality,majority
1816318487792607617,GTTcCbtaYAExx9C,Smoke & Air Quality,Smoke & Air Quality,General Information,Smoke & Air Quality,majority
1816317469507870739,GTTbHGdWoAANH4y,Infrastructure,Warnings & Status Updates,Other,Infrastructure,none
1816317303426015549,GTTa88jWEAAcsEK,Other,Other,Other,Other,full
1816317303426015549,GTTa88lWwAA95C6,Other,Other,Other,Other,full
1816317303426015549,GTTa88kWsAAGPGz,Other,Other,Other,Other,full
1816317303426015549,GTTa88kWoAAClse,Other,Other,Other,Other,full
1816316966875062544,GTTap8haoAEeXaU,Other,Other,Other,Other,full
1816316966875062544,GTTaZrUaYAEBQj1,Other,Other,Other,Other,full
1816316772968264004,GTTaefoXUAAAA1O,Preparedness,Preparedness,Preparedness,Preparedness,full
1816316772968264004,GTTaefoWcAA9FS1,Preparedness,Preparedness,Preparedness,Preparedness,full
1816316770405474479,GTTaeYrXIAAhBFc,General Information,Weather Reports,Warnings & Status Updates,General Information,none
1816316729506582806,GTTaWYrX0AAHXd6,Other,Support,Warnings & Status Updates,Other,none
1816316657989738759,GTTaXQUXgAA1kQu,Preparedness,Preparedness,Preparedness,Preparedness,full
1816316657989738759,GTTaXQTXIAAcY1T,Preparedness,Preparedness,Preparedness,Preparedness,full
1816316657989738759,GTTaXQTW0AAci39,Preparedness,Preparedness,Preparedness,Preparedness,full
1816316657989738759,GTTaXQVXMAAZkp7,Preparedness,Preparedness,Preparedness,Preparedness,full
1816316206569169391,GTTZ9nqbcAA_t-A,Smoke & Air Quality,Smoke & Air Quality,Smoke & Air Quality,Smoke & Air Quality,full
1816315055467807165,GTTY6XsbMAAdiN2,Other,Support,Warnings & Status Updates,Other,none
1816314943345738036,GTTY0HfbMAAUY6e,Other,Support,Other,Other,majority
1816314943345738036,GTTY0HfaMAAkaW0,Other,Support,Other,Other,majority
1816314196490854719,GTTYIqHWcAAco3N,Infrastructure,Warnings & Status Updates,Warnings & Status Updates,Warnings & Status Updates,majority
1816314031956762895,GTTX_IKXEAAufSw,Infrastructure,Support,Warnings & Status Updates,Infrastructure,none
1816312673820369323,GTTWwB3aYAINiTV,Smoke & Air Quality,Warnings & Status Updates,Smoke & Air Quality,Smoke & Air Quality,majority
1816312661698830796,GTTWvJubMAAx8Rl,Smoke & Air Quality,Smoke & Air Quality,Other,Smoke & Air Quality,majority
1816312661698830796,GTTWvJxaYAEE2-y,Other,Support,Other,Other,majority
1816312661698830796,GTTWvJtbIAAJLfl,Smoke & Air Quality,Support,Warnings & Status Updates,Smoke & Air Quality,none
1816312661698830796,GTTWvJsaYAIoZ84,Smoke & Air Quality,Smoke & Air Quality,Other,Smoke & Air Quality,majority
1816312525925015785,GTTWnbmXYAApgYH,Other,Support,Other,Other,majority
1816312525925015785,GTTWnbpW8AAFveg,Other,Support,Other,Other,majority
1816312525925015785,GTTWnX0XcAA0Asa,Other,Support,Other,Other,majority
1816312525925015785,GTTWnalW8AA359S,Other,Support,Other,Other,majority
1816312426457096294,GTTWhnIaAAALjwb,Reports of Actions of Responders,Reports of Actions of Responders,Reports of Actions of Responders,Reports of Actions of Responders,full
1816312341384028636,GTTWcwFXIAA68bQ,Smoke & Air Quality,Warnings & Status Updates,Warnings & Status Updates,Warnings & Status Updates,majority
1816312292398846369,GTTWZ5aXEAACWaC,Infrastructure,Support,Warnings & Status Updates,Infrastructure,none
1816311532437004775,GTTVto1aYAIlOq8,Evacuees,Support,Evacuees,Evacuees,majority
1816311205327241596,GTTVX7HXAAAKe5G,Evacuees,Evacuees,Evacuees,Evacuees,full
1816311107310571989,GTTVU65W0AAS67U,Other,Support,Other,Other,majority
1816310935142949302,GTTVKrEaYAYtcug,Smoke & Air Quality,Smoke & Air Quality,Warnings & Status Updates,Smoke & Air Quality,majority
1816310935142949302,GTTVKrEa0AAXMFE,Smoke & Air Quality,Smoke & Air Quality,Evacuees,Smoke & Air Quality,majority
1816310935142949302,GTTVKrFaYAM31aU,Smoke & Air Quality,Smoke & Air Quality,Warnings & Status Updates,Smoke & Air Quality,majority
1816310935142949302,GTTVKrFaIAEhEIv,Infrastructure,Warnings & Status Updates,Warnings & Status Updates,Warnings & Status Updates,majority
1816310105916465257,GTTUaZ3aYAMXqYE,Other,Other,Other,Other,full
1816309903281049948,GTTUOSJWcAAXt2W,Political,Political,Political,Political,full
1816309710590824521,GTTTcCBaYAAOfQU,Evacuees,Evacuees,Evacuees,Evacuees,full
1816309660632351108,GTTUAt5aYAEV3Zi,Infrastructure,Warnings & Status Updates,Warnings & Status Updates,Warnings & Status Updates,majority
1816309644274590157,GTTT_uqaYAMUa-W,Infrastructure,Warnings & Status Updates,Warnings & Status Updates,Warnings & Status Updates,majority
1816309341106094186,GTTTuApaYAMQM2L,Support,Evacuees,Support,Support,majority
1816308348763136168,GTTS0GqaYAETdCc,Infrastructure,Smoke & Air Quality,Warnings & Status Updates,Infrastructure,none
1816308348763136168,GTTS0GqakAA4qk4,Infrastructure,Smoke & Air Quality,Warnings & Status Updates,Infrastructure,none
1816308348763136168,GTTS0GpaYAA-g1C,Infrastructure,Infrastructure,Warnings & Status Updates,Infrastructure,majority
1816308264390517099,GTTSvTLbgAAFhOq,Smoke & Air Quality,Smoke & Air Quality,Smoke & Air Quality,Smoke & Air Quality,full
1816307925092090343,GTTSbEiWoAEBnpI,Other,Support,Other,Other,majority
1816307638440976792,GTTSKyZbkAEx6O_,Infrastructure,Smoke & Air Quality,Warnings & Status Updates,Infrastructure,none
1816307638440976792,GTTSKyaaYAARyQl,Smoke & Air Quality,Smoke & Air Quality,Smoke & Air Quality,Smoke & Air Quality,full
1816307638440976792,GTTSKybaYAIeW10,Infrastructure,Smoke & Air Quality,Warnings & Status Updates,Infrastructure,none
1816307638440976792,GTTSKybaYAgr-WR,Smoke & Air Quality,Smoke & Air Quality,Warnings & Status Updates,Smoke & Air Quality,majority
1816307555225985381,GTTSF8aaYAEdeJs,Other,Support,Other,Other,majority
1816307555225985381,GTTSGIBaYAMtTHT,Other,Support,Other,Other,majority
1816307555225985381,GTTSGEyaMAALCQq,Other,Support,Other,Other,majority
1816306326387212745,GTTQ-jtWwAAn16D,Smoke & Air Quality,Support,Warnings & Status Updates,Smoke & Air Quality,none
1816306275719995900,GTTQ7uiXAAACHbS,Political,Political,Political,Political,full
1816306273937424848,GTTQys_aAAAJTER,Political,Political,Political,Political,full
1816306078558392487,GTTQwAiaYAArMcb,Other,Support,Other,Other,majority
1816306078558392487,GTTQwAibsAACdhB,Other,Support,Other,Other,majority
1816306078558392487,GTTQwAkasAATVTn,Other,Support,Other,Other,majority
1816306078558392487,GTTQwAkbYAA2jjb,Other,Support,Other,Other,majority
1816306058618646576,GTTQu_gacAAAeB2,Other,Support,Other,Other,majority
1816306058618646576,GTTQu_6bcAAeUPs,Other,Support,Other,Other,majority
1816305498796482662,GTTQOY4aYAEu-N8,Infrastructure,Warnings & Status Updates,Warnings & Status Updates,Warnings & Status Updates,majority
1816305498796482662,GTTQOY6a8AAaOot,Infrastructure,Warnings & Status Updates,Warnings & Status Updates,Warnings & Status Updates,majority
1816305287319757090,GTTQBdCaYAA08CJ,Smoke & Air Quality,Smoke & Air Quality,Other,Smoke & Air Quality,majority
1816304962160427140,GTTPvFMbIAAhMtP,Other,Support,Reports of Actions of Responders,Other,none
1816304719192805678,GTTPhAzXcAAcQW5,Infrastructure,Support,Warnings & Status Updates,Infrastructure,none
1816304719192805678,GTTPhDuWUAA6ov6,Other,Support,Other,Other,majority
1816304701081846108,GTTPfuOXsAAd6Yi,Other,Infrastructure,Other,Other,majority
1816304701081846108,GTTPfuXW0AEIg8a,Other,Infrastructure,Other,Other,majority
1816304701081846108,GTTPfuMXsAAfdtk,Other,Infrastructure,Other,Other,majority
1816304701081846108,GTTPfuSXYAAuDB6,Other,Infrastructure,Other,Other,majority
1816303410091810826,GTTOUr-bAAAxY5F,Political,Support,Political,Political,majority
1816303311802490966,GTTNqXEaAAAj1y8,Smoke & Air Quality,Smoke & Air Quality,Warnings & Status Updates,Smoke & Air Quality,majority
1816302364070142260,GTTNYAtaYAEpl84,Infrastructure,Support,Warnings & Status Updates,Infrastructure,none
1816301200415023258,GTTMSRhaYAEOYhM,Infrastructure,Smoke & Air Quality,Warnings & Status Updates,Infrastructure,none
1816301146014638198,GTTLyNXW8AEwd_Q,Other,Other,Other,Other,full
1816298887881072653,GTTJyPjXMAACjFs,Other,Support,Other,Other,majority
1816298513149616256,GTTJ301WsAAJ6T9,Smoke & Air Quality,Smoke & Air Quality,Warnings & Status Updates,Smoke & Air Quality,majority
1816298049548800174,GTTJc4SXwAIEDEx,Infrastructure,Smoke & Air Quality,Warnings & Status Updates,Infrastructure,none
1816296918311657782,GTTIaZRWgAAZcm0,Other,Support,Other,Other,majority
1816296918311657782,GTTIaZTXgAEKPhI,Other,Support,Other,Other,majority
1816296918311657782,GTTIaZSXoAAvQAj,Other,Support,Other,Other,majority
1816296865413128665,GTTHpqkaYAIYvBY,Other,Reports of Actions of Responders,Other,Other,majority
1816296865413128665,GTTHpqma0AAuCJ7,Smoke & Air Quality,Reports of Actions of Responders,Other,Smoke & Air Quality,none
1816296724958437623,GTTIPu6aYAEvL43,Other,Support,Other,Other,majority
1816296500420661638,GTTICuXWUAAv495,Infrastructure,Support,Warnings & Status Updates,Infrastructure,none
1816295971250397559,GTTHPYEXkAET-yW,Weather Reports,Warnings & Status Updates,Weather Reports,Weather Reports,majority
1816295900144337346,GTTHfqUXQAA6PIZ,Other,Support,Other,Other,majority
1816295871362764871,GTTHab8WQAIdgl-,Warnings & Status Updates,Support,Warnings & Status Updates,Warnings & Status Updates,majority
1816294652376764900,GTTGW3DaUAAQmUp,Other,Support,Other,Other,majority
1816294652376764900,GTTGW3FaYAEqT2F,Other,Support,Other,Other,majority
1816294652376764900,GTTGW3DaYAEVEjK,Other,Support,Other,Other,majority
1816293799410426138,GTTFldLXQAARj6D,Infrastructure,Support,Warnings & Status Updates,Infrastructure,none
1816293732829856065,GTTFhf4XgAE9_5j,Other,Support,Other,Other,majority
1816290547402957083,GTTCSHRaYAI6pMY,Smoke & Air Quality,Weather Reports,Warnings & Status Updates,Smoke & Air Quality,none
1816289536911237340,GTTBsbNXYAE9mK5,Warnings & Status Updates,Warnings & Status Updates,Warnings & Status Updates,Warnings & Status Updates,full
1816289536911237340,GTTBsbUWYAAowM7,Warnings & Status Updates,Warnings & Status Updates,Warnings & Status Updates,Warnings & Status Updates,full
1816289536911237340,GTTBsbMWgAAz2Vr,Warnings & Status Updates,Warnings & Status Updates,Warnings & Status Updates,Warnings & Status Updates,full
1816289094848372858,GTTBTO7XEAA490L,Other,Support,Other,Other,majority
1816289094848372858,GTTBTN1WkAE-CME,Other,Support,Other,Other,majority
1816288168834170971,GTTAdmEW0AAPqCc,Other,Support,Other,Other,majority
1816288168834170971,GTTAdmDWEAAt8T6,Other,Support,Other,Other,majority
1816288168834170971,GTTAdmBWAAAZoGn,Other,Support,Other,Other,majority
1816287517018317235,GTS_3yiXQAA9w2h,Infrastructure,Warnings & Status Updates,Warnings & Status Updates,Warnings & Status Updates,majority
1816287289053487386,GTS_qhiWEAEDo4a,Warnings & Status Updates,Other,Warnings & Status Updates,Warnings & Status Updates,majority
1816286622297829682,GTS9ku_bQAAN2Iw,Smoke & Air Quality,Smoke & Air Quality,Smoke & Air Quality,Smoke & Air Quality,full
1816284880386351224,GTS9eGwaMAAmn0l,Infrastructure,Warnings & Status Updates,Warnings & Status Updates,Warnings & Status Updates,majority
1816284765475201286,GTS9XewXQAA_qzu,Infrastructure,Warnings & Status Updates,Warnings & Status Updates,Warnings & Status Updates,majority
1816284765475201286,GTS9XewWAAAa9AJ,Infrastructure,Infrastructure,Warnings & Status Updates,Infrastructure,majority
1816284212829511833,GTS8aBuaoAA6Dfv,Political,Political,Preparedness,Political,majority
1816284127949381762,GTS8wVoa0AEnTA6,Weather Reports,Weather Reports,Smoke & Air Quality,Weather Reports,majority
1816282415020847454,GTS7OpWWYAARD5a,Smoke & Air Quality,Smoke & Air Quality,Smoke & Air Quality,Smoke & Air Quality,full
1816281430143689214,GTS6LweaYAIaHA3,Smoke & Air Quality,Weather Reports,Weather Reports,Weather Reports,majority
1816279970685063581,GTS4pviWQAEW3FO,Smoke & Air Quality,Smoke & Air Quality,Smoke & Air Quality,Smoke & Air Quality,full
1816278853637267904,GTS3_XNacAADEcf,Political,Warnings & Status Updates,Political,Political,majority
1816278451541926075,GTS3n61XsAA-yDD,Other,Support,Other,Other,majority
1816278451541926075,GTS3n64WYAA1FPZ,Other,Support,Other,Other,majority
1816278451541926075,GTS3n64XkAARr77,Smoke & Air Quality,Support,Warnings & Status Updates,Smoke & Air Quality,none
1816278451541926075,GTS3n63WEAAmq_p,Other,Support,Other,Other,majority
1816278245169586195,GTS3b3wXkAEEwuM,Warnings & Status Updates,Warnings & Status Updates,Warnings & Status Updates,Warnings & Status Updates,full
1816278244892762574,GTS3YMCaYAE7OIj,Smoke & Air Quality,Smoke & Air Quality,Smoke & Air Quality,Smoke & Air Quality,full
1816278244892762574,GTS3YMHaYAIq7AF,Smoke & Air Quality,Smoke & Air Quality,Smoke & Air Quality,Smoke & Air Quality,full
1816276665128857743,GTS2AGIWkAARctI,Political,Political,Other,Political,majority
1816273810771042685,GTSzZ-zWoAATK7U,Smoke & Air Quality,Smoke & Air Quality,Warnings & Status Updates,Smoke & Air Quality,majority
1816272395633885575,GTSyFnVXcAAbklP,Other,Support,Other,Other,majority
1816272395633885575,GTSyFnXW8AA4_8Q,Smoke & Air Quality,Smoke & Air Quality,Other,Smoke & Air Quality,majority
1816272395633885575,GTSyFnXW8AI9vmj,Smoke & Air Quality,Smoke & Air Quality,Other,Smoke & Air Quality,majority
1816272395633885575,GTSyFnXW8AE4n1E,Other,Support,Other,Other,majority
1816272254768144827,GTSx_P5XoAAf8SL,Other,Support,Other,Other,majority
1816272087339917467,GTSx0gcaYAE6uYK,Warnings & Status Updates,Reports of Actions of Responders,Reports of Actions of Responders,Reports of Actions of Responders,majority
1816272087339917467,GTSx0ggagAASg8P,Warnings & Status Updates,Smoke & Air Quality,Reports of Actions of Responders,Warnings & Status Updates,none
1816272087339917467,GTSx0gfaYAEn9fB,Warnings & Status Updates,Infrastructure,Reports of Actions of Responders,Warnings & Status Updates,none
1816270058164723915,GTSv_ijXsAAQRlA,Warnings & Status Updates,Other,Warnings & Status Updates,Warnings & Status Updates,majority
1816269968708887012,GTSvyd_bIAAIl4b,Smoke & Air Quality,Smoke & Air Quality,Smoke & Air Quality,Smoke & Air Quality,full
1816269968708887012,GTSvyd-akAAOnnX,Smoke & Air Quality,Smoke & Air Quality,Smoke & Air Quality,Smoke & Air Quality,full
1816266825312920001,GTStCu5XIAAYSLl,Weather Reports,Smoke & Air Quality,Smoke & Air Quality,Smoke & Air Quality,majority
1816265637498695899,GTSr-E_XgAADq49,Other,Reports of Actions of Responders,Reports of Actions of Responders,Reports of Actions of Responders,majority
1816263595149385873,GTSdW46boAA5ZFg,Political,General Information,Political,Political,majority
1816262260551021015,GTSo5soWoAA-hK0,Reports of Actions of Responders,Reports of Actions of Responders,Reports of Actions of Responders,Reports of Actions of Responders,full
1816259988618203549,GTSm0tRW8AAQZ7C,Reports of Actions of Responders,Warnings & Status Updates,Warnings & Status Updates,Warnings & Status Updates,majority
1816259727527141793,GTSml62WUAAzzra,Weather Reports,Warnings & Status Updates,Weather Reports,Weather Reports,majority
1816258810811765187,GTSlwxmXMAAE3iE,Political,Political,Political,Political,full
1816258175882125821,GTSlLVnaYAAwiok,Reports of Actions of Responders,Warnings & Status Updates,Reports of Actions of Responders,Reports of Actions of Responders,majority
1816257815284969533,GTSklKXXYAAChr7,Warnings & Status Updates,Warnings & Status Updates,Warnings & Status Updates,Warnings & Status Updates,full
1816252058732740981,GTSfn2XWUAAL_Ms,Reports of Actions of Responders,Reports of Actions of Responders,Reports of Actions of Responders,Reports of Actions of Responders,full
1816249527872938111,GTSdL6NXwAA77KG,Warnings & Status Updates,Warnings & Status Updates,Warnings & Status Updates,Warnings & Status Updates,full
1816245510283379100,GTSZqoCW8AAJyOP,Political,Other,Other,Other,majority
1816243515245924396,GTSX2PAaUAA0-RX,Evacuees,Evacuees,Evacuees,Evacuees,full
1816241924816396545,GTSWZ3wXsAE8t4F,Political,Political,Other,Political,majority
1816233489509015950,GTSOZr6W8AAOCiw,Evacuees,Evacuees,Evacuees,Evacuees,full
1816232006713212939,GTSNYsSWkAEMdi5,Smoke & Air Quality,Smoke & Air Quality,Smoke & Air Quality,Smoke & Air Quality,full
1816231463555326225,GTSM4u-bcAAM5UR,Weather Reports,Smoke & Air Quality,Smoke & Air Quality,Smoke & Air Quality,majority
1816228904811598123,GTSHvj9WkAE3IwD,Warnings & Status Updates,Warnings & Status Updates,Warnings & Status Updates,Warnings & Status Updates,full
1816228904811598123,GTSHv52W0AAOKhi,Warnings & Status Updates,Warnings & Status Updates,Warnings & Status Updates,Warnings & Status Updates,full
1816228439009157169,GTSKIzdaYAAct5C,Reports of Actions of Responders,Reports of Actions of Responders,Reports of Actions of Responders,Reports of Actions of Responders,full
1816224447109407042,GTSGgrDXYAAKITO,Insurance,Insurance,Insurance,Insurance,full
1816224397134340414,GTSGdwCWkAAVjQx,Smoke & Air Quality,Smoke & Air Quality,Smoke & Air Quality,Smoke & Air Quality,full
1816217094586827236,GTR_0skWEAE7BP7,Insurance,Insurance,Insurance,Insurance,full
1816216901464306005,GTR_pZYXUAAsmlp,Evacuees,Evacuees,Evacuees,Evacuees,full
1816212182448644186,GTR7WpoWYAEj2xG,Political,Political,Other,Political,majority
1816211076259946981,GTR6WZWaYAQ7x0r,Political,Political,Political,Political,full
1816209577979130196,GTRvmzvaYAMkIcC,Support,Smoke & Air Quality,Smoke & Air Quality,Smoke & Air Quality,majority
1816209341667762604,GTR4xOBaIAAPOsZ,Smoke & Air Quality,Smoke & Air Quality,Smoke & Air Quality,Smoke & Air Quality,full
1816209291109425207,GTR4ubLXUAACBMp,Evacuees,Evacuees,Evacuees,Evacuees,full
1816208585690649075,GTR4FQJXgAArgsy,Political,Political,Other,Political,majority
1816205864656855567,GTR1m0kWwAAaBsm,Smoke & Air Quality,Smoke & Air Quality,Smoke & Air Quality,Smoke & Air Quality,full
1816205855722987534,GTR0NLGaYAUvtrs,Smoke & Air Quality,Weather Reports,Smoke & Air Quality,Smoke & Air Quality,majority
1816205558892081505,GTR1U9faYAEkWcI,Warnings & Status Updates,Smoke & Air Quality,Reports of Actions of Responders,Warnings & Status Updates,none
1816205558892081505,GTR1U9faYAkHJdS,Warnings & Status Updates,Smoke & Air Quality,Reports of Actions of Responders,Warnings & Status Updates,none
1816203023867105586,GTRx9KRXsAArA2Q,Warnings & Status Updates,Smoke & Air Quality,Smoke & Air Quality,Smoke & Air Quality,majority
1816203018032845069,GTRx75uWEAA4mWR,Warnings & Status Updates,Smoke & Air Quality,Smoke & Air Quality,Smoke & Air Quality,majority
1816202664767529398,GTRyPtTWMAAY9Dl,Weather Reports,Warnings & Status Updates,Warnings & Status Updates,Warnings & Status Updates,majority
1816201782244385231,GTRx4xfa0AA6RbD,Smoke & Air Quality,Weather Reports,Warnings & Status Updates,Smoke & Air Quality,none
1816198781769069009,GTRvKwHXAAAm5lz,Insurance,Insurance,Insurance,Insurance,full
1816198255912394896,GTRusAIW0AA6z6C,Other,Other,Other,Other,full
1816195943815077976,GTRrNStaYAIH5ej,Smoke & Air Quality,Weather Reports,Smoke & Air Quality,Smoke & Air Quality,majority
1816195711077343386,GTRsXgRXwAAySoq,Evacuees,Support,Warnings & Status Updates,Evacuees,none
1816194156798136696,GTRq9XxWMAAMyWT,Other,Other,Other,Other,full
1816193743839715470,GTRqlPfXoAAXSlD,Smoke & Air Quality,Smoke & Air Quality,Smoke & Air Quality,Smoke & Air Quality,full
1816193743839715470,GTRqlPeXAAAIoTV,Smoke & Air Quality,Smoke & Air Quality,Smoke & Air Quality,Smoke & Air Quality,full
1816193743839715470,GTRqlPeW8AAn0c_,Other,Smoke & Air Quality,Smoke & Air Quality,Smoke & Air Quality,majority
1816193743839715470,GTRqlPfX0AAqDRn,Smoke & Air Quality,Smoke & Air Quality,Smoke & Air Quality,Smoke & Air Quality,full
1816193317862007175,GTRqLgwaYAEcfO1,Warnings & Status Updates,Warnings & Status Updates,Warnings & Status Updates,Warnings & Status Updates,full
1816187599222104122,GTRk_vZXcAE5ofT,Other,Other,Smoke & Air Quality,Other,majority
1816185752704995564,GTRjUHbXYAAhp_X,Weather Reports,Weather Reports,Weather Reports,Weather Reports,full
1816175700614742098,GTRaKpuXwAARvfD,Warnings & Status Updates,Warnings & Status Updates,Warnings & Status Updates,Warnings & Status Updates,full
1816171897287020563,GTRWtriWUAAekhf,Other,Other,Other,Other,full
1816171242157678798,GTRWHg0WkAEZ507,Political,Political,Other,Political,majority
1816170198438658473,GTRVKyhWYAEX8wr,Other,Other,Other,Other,full
1816169494022062210,GTRUhtiWUAAQ8Ih,Political,Other,Other,Other,majority
1816167662726123911,GTRS3TnWQAAp5we,Advertisement,Advertisement,Advertisement,Advertisement,full
1816160825100624085,GTRMo-waYAQ-FKv,Warnings & Status Updates,Smoke & Air Quality,Warnings & Status Updates,Warnings & Status Updates,majority
1816159624489492755,GTRLjMjWUAABuxT,Advertisement,Advertisement,Advertisement,Advertisement,full
1816146994819203488,GTRACSmXoAA-P5i,Support,General Information,Support,Support,majority
1816146417024410022,GTQ_itkXcAEwInM,Insurance,Insurance,Insurance,Insurance,full
1816146417024410022,GTQ_itbWwAAbH1A,Insurance,Insurance,Insurance,Insurance,full
1816146417024410022,GTQ_itXWIAAbQxJ,Insurance,Insurance,Insurance,Insurance,full
1816146417024410022,GTQ_itWW0AAMITu,Insurance,Insurance,Insurance,Insurance,full
1816141378285625514,GTQ65VebEAAKBlI,Smoke & Air Quality,General Information,Preparedness,Smoke & Air Quality,none
1816137824816750871,GTQ3ssFaIAEdFs4,Infrastructure,Infrastructure,Infrastructure,Infrastructure,full
1816137429331624246,GTQ3WnYXgAA0i9B,Smoke & Air Quality,Smoke & Air Quality,Smoke & Air Quality,Smoke & Air Quality,full
1816137429331624246,GTQ3WncXwAAsUdm,Smoke & Air Quality,Smoke & Air Quality,Smoke & Air Quality,Smoke & Air Quality,full
1816126316078588107,GTQtKb_bYAAsm4v,Support,General Information,Support,Support,majority
1816122460712128611,GTQpt3GaYAIApW7,General Information,Warnings & Status Updates,Warnings & Status Updates,Warnings & Status Updates,majority
1816122166225809599,GTQpfC8WoAAL-h6,Warnings & Status Updates,Warnings & Status Updates,Warnings & Status Updates,Warnings & Status Updates,full
1816114222536720389,GTQiQfdXEAAVgy-,Advertisement,Advertisement,Advertisement,Advertisement,full
1816112610086986231,GTQgO8nXgAA82aS,Warnings & Status Updates,Warnings & Status Updates,Warnings & Status Updates,Warnings & Status Updates,full
1816112020443345296,GTQgQkEWEAAMAj1,Preparedness,Insurance,Preparedness,Preparedness,majority
1816106716221825506,GTQbTZraYAMuowF,Weather Reports,Smoke & Air Quality,Smoke & Air Quality,Smoke & Air Quality,majority
1816106716221825506,GTQbT4kbMAAk7-V,Weather Reports,Weather Reports,Weather Reports,Weather Reports,full
1816106716221825506,GTQbTJebQAAn3l3,Weather Reports,Weather Reports,Weather Reports,Weather Reports,full
1816106036438114409,GTQaz7NWgAApk38,Other,Other,Advertisement,Other,majority
1816105596510191936,GTQaU51WoAELJxo,Warnings & Status Updates,Weather Reports,Warnings & Status Updates,Warnings & Status Updates,majority
1816093627501944934,GTQPhqnaYAIm_43,Warnings & Status Updates,Weather Reports,Warnings & Status Updates,Warnings & Status Updates,majority
1816093627501944934,GTQPhqyaYAQ7Tj8,Warnings & Status Updates,Weather Reports,Warnings & Status Updates,Warnings & Status Updates,majority
1816093627501944934,GTQPhqmaYAcACnC,Warnings & Status Updates,Weather Reports,Warnings & Status Updates,Warnings & Status Updates,majority
1816090072430645729,GTQMS8FWsAAISwS,Advertisement,Advertisement,Advertisement,Advertisement,full
1816081136713368002,GTQEKVoXUAAlVsb,Other,Other,Advertisement,Other,majority
1816081136713368002,GTQEKVsXsAA5noJ,Other,Other,Advertisement,Other,majority
1816079183011098802,GTQCS9naYAAwe-j,Other,Support,Other,Other,majority
1816076185685700943,GTP9xrOWsAAYqUP,Advertisement,Advertisement,Advertisement,Advertisement,full
1816072895669449076,GTP8q_pXEAAVDcr,Other,Other,Advertisement,Other,majority
1816072877097066849,GTP8p6EXUAEpiAM,Other,Other,Advertisement,Other,majority
1816066481131507794,GTP21T8W0AImdpz,Advertisement,Advertisement,Advertisement,Advertisement,full
1816064770820231428,GTP1CQzXoAIaEm7,Smoke & Air Quality,Weather Reports,Smoke & Air Quality,Smoke & Air Quality,majority
1816064770820231428,GTP1E9LWYAAXfRo,Smoke & Air Quality,Weather Reports,Smoke & Air Quality,Smoke & Air Quality,majority
1816030182266003659,GTPV0tCWMAEr9-M,Smoke & Air Quality,Smoke & Air Quality,Smoke & Air Quality,Smoke & Air Quality,full
1816029345846300688,GTPVDzaXEAAPHWV,Smoke & Air Quality,Smoke & Air Quality,Smoke & Air Quality,Smoke & Air Quality,full
1816028910972535030,GTPUqomW0AAoMwm,Smoke & Air Quality,Smoke & Air Quality,Smoke & Air Quality,Smoke & Air Quality,full
1816022138358579664,GTPOgpvWQAAvF4b,Smoke & Air Quality,Smoke & Air Quality,Smoke & Air Quality,Smoke & Air Quality,full
1816022138358579664,GTPOgpvWYAA9KMo,Smoke & Air Quality,Smoke & Air Quality,Smoke & Air Quality,Smoke & Air Quality,full
1816004801257431453,GTO-vQJaQAAreEL,Advertisement,Other,Other,Other,majority
1816003323167678941,GTO9TDIWAAAZY4J,Advertisement,Other,Other,Other,majority
1816002645892399252,GTO8x7rXAAAZqto,Other,Other,Other,Other,full
1816001161020723418,GTO7bGhXcAAUCj6,Advertisement,Advertisement,Advertisement,Advertisement,full
1816001161020723418,GTO7bGeWoAA_aHX,Advertisement,Advertisement,Advertisement,Advertisement,full
1816001161020723418,GTO7bGeWwAAISYF,Advertisement,Advertisement,Advertisement,Advertisement,full
1816001161020723418,GTO7bGlW8AA5GTg,Advertisement,Advertisement,Advertisement,Advertisement,full
1815999671854325926,GTO6BxibYAAk6hw,Infrastructure,Infrastructure,Infrastructure,Infrastructure,full
1815981867541348528,GTOp4nyaYAA8-hs,Reports of Actions of Responders,Reports of Actions of Responders,Reports of Actions of Responders,Reports of Actions of Responders,full
1815975795896340963,GTOkWAlaYAAzvxp,Smoke & Air Quality,Smoke & Air Quality,Smoke & Air Quality,Smoke & Air Quality,full
1815974022108070224,GTOimOIW4AE7_qJ,Smoke & Air Quality,Smoke & Air Quality,Smoke & Air Quality,Smoke & Air Quality,full
1815967508521968029,GTOc02TaYAUhAuP,Smoke & Air Quality,Smoke & Air Quality,Smoke & Air Quality,Smoke & Air Quality,full
1815966972158337286,GTOcViaXUAENvLi,Other,Other,Other,Other,full
1815965726920040742,GTObNI7aEAAZ9Ea,Smoke & Air Quality,Other,Smoke & Air Quality,Smoke & Air Quality,majority
1815964298424021327,GTOZ5tLW4AArjLO,Smoke & Air Quality,Smoke & Air Quality,Smoke & Air Quality,Smoke & Air Quality,full
1815964298424021327,GTOZ5tLXwAA17ZB,Smoke & Air Quality,Smoke & Air Quality,Smoke & Air Quality,Smoke & Air Quality,full
1815963010650763451,GTOYuy5WQAEkcxJ,Other,Political,Other,Other,majority
1815963010650763451,GTOYuy7XsAAm91j,Other,Political,Other,Other,majority
1815960187582206041,GTOWKiWXYAEVhdJ,Other,Other,Other,Other,full
1815947753568231602,GTOK0UIaYAE8YBd,Smoke & Air Quality,Smoke & Air Quality,Smoke & Air Quality,Smoke & Air Quality,full
1815936762830807369,GTN_-r6WoAAqpn1,Warnings & Status Updates,Warnings & Status Updates,General Information,Warnings & Status Updates,majority
1815936137988575723,GTOASwSXwAA5h_6,Political,Political,Political,Political,full
1815934678228148462,GTN-9XbWEAAaC3Q,Other,Other,Advertisement,Other,majority
1815932627234480149,GTN9FEMaYAICScW,Smoke & Air Quality,Smoke & Air Quality,Smoke & Air Quality,Smoke & Air Quality,full
1815932627234480149,GTN9FENbAAAKjRd,Smoke & Air Quality,Smoke & Air Quality,Smoke & Air Quality,Smoke & Air Quality,full
1815932627234480149,GTN9FEKaQAAGHh3,Smoke & Air Quality,Smoke & Air Quality,Smoke & Air Quality,Smoke & Air Quality,full
1815932627234480149,GTN9FENaYAEMdVX,Smoke & Air Quality,Smoke & Air Quality,Smoke & Air Quality,Smoke & Air Quality,full
1815931732434247766,GTN8SYWWcAAF76C,Smoke & Air Quality,Infrastructure,Smoke & Air Quality,Smoke & Air Quality,majority
1815931654520844720,GTN8N1QaYAIz9Kz,Warnings & Status Updates,Warnings & Status Updates,Warnings & Status Updates,Warnings & Status Updates,full
1815931654520844720,GTN8N2xaYAEQhXR,Warnings & Status Updates,Smoke & Air Quality,Warnings & Status Updates,Warnings & Status Updates,majority
1815931654520844720,GTN8N26aYAMINIb,Smoke & Air Quality,Smoke & Air Quality,Warnings & Status Updates,Smoke & Air Quality,majority
1815925850245681549,GTNZjLjaYAQj5OG,Smoke & Air Quality,Reports of Actions of Responders,Smoke & Air Quality,Smoke & Air Quality,majority
1815924957601542539,GTN1ZTVWoAAZFl8,General Information,Weather Reports,Warnings & Status Updates,General Information,none
1815924288375119983,GTN1hDGbIAAkiOc,Reports of Actions of Responders,Reports of Actions of Responders,Reports of Actions of Responders,Reports of Actions of Responders,full
1815924288375119983,GTN1hEDbwAAqfH7,Reports of Actions of Responders,Reports of Actions of Responders,Reports of Actions of Responders,Reports of Actions of Responders,full
1815924166358622691,GTN1aBDWUAArx2y,Smoke & Air Quality,Smoke & Air Quality,Smoke & Air Quality,Smoke & Air Quality,full
1815921475368485165,GTNy9C_WkAA1QC0,Advertisement,Advertisement,Advertisement,Advertisement,full
1815921134040420834,GTNypLPWEAANlh6,Advertisement,Advertisement,Advertisement,Advertisement,full
1815919941008163044,GTNvXarX0AAoBsW,Smoke & Air Quality,Warnings & Status Updates,Smoke & Air Quality,Smoke & Air Quality,majority
1815918803072725421,GTNwh2VaYAAqSMi,Warnings & Status Updates,Infrastructure,Warnings & Status Updates,Warnings & Status Updates,majority
1815916362054979639,GTNuTi4WcAAsFKx,Other,Support,Other,Other,majority
1815916362054979639,GTNuTi6WUAAdBqj,Other,Support,Other,Other,majority
1815916362054979639,GTNuTi3XsAEk06s,Other,Support,Other,Other,majority
1815916362054979639,GTNuTi6XgAA8Z97,Other,Support,Other,Other,majority
1815915094955680042,GTNtJ-TaYAEm7w1,Other,Other,Advertisement,Other,majority
1815914014117093787,GTNsB87aYAImExU,Evacuees,Evacuees,Evacuees,Evacuees,full
1815908888572743924,GTNnV9HaYAAk7LT,Evacuees,Evacuees,Evacuees,Evacuees,full
1815907180845097086,GTNl9IKaYAIvkYE,Weather Reports,Weather Reports,Weather Reports,Weather Reports,full
1815904181305368856,GTNjOsRWQAAcjku,Smoke & Air Quality,Smoke & Air Quality,Smoke & Air Quality,Smoke & Air Quality,full
1815904181305368856,GTNjOuDWYAAuEmr,Smoke & Air Quality,Smoke & Air Quality,Smoke & Air Quality,Smoke & Air Quality,full
1815903018879181030,GTNgrlLaYAEOK7L,Political,Weather Reports,Weather Reports,Weather Reports,majority
1815901772235346103,GTNgs6fWYAA03dX,Other,General Information,Advertisement,Other,none
1815897770332762137,GTNc4DgaYAASmZN,Support,Evacuees,Evacuees,Evacuees,majority
1815897076670013472,GTNcoz4W4AArM_h,Smoke & Air Quality,Smoke & Air Quality,Warnings & Status Updates,Smoke & Air Quality,majority
1815897076670013472,GTNcoz1W0AAxuzt,Smoke & Air Quality,Smoke & Air Quality,Warnings & Status Updates,Smoke & Air Quality,majority
1815897076670013472,GTNcoz4WAAA3RoJ,Smoke & Air Quality,Smoke & Air Quality,Reports of Actions of Responders,Smoke & Air Quality,majority
1815896313822863408,GTNcEp7aYAIqVjZ,Political,Smoke & Air Quality,Political,Political,majority
1815894754648817848,GTNapuMacAAlDg_,Other,Other,Advertisement,Other,majority
1815894754648817848,GTNapuOa0AAn7B7,Other,Other,Advertisement,Other,majority
1815894675296797123,GTNalXwWwAEk9nM,Evacuees,Evacuees,Support,Evacuees,majority
1815889642740224336,GTNWAfDWUAAqLCh,Evacuees,Evacuees,Support,Evacuees,majority
1815889639749616076,GTNWAS7XgAIZg_l,Evacuees,Evacuees,Evacuees,Evacuees,full
1815884721202610246,GTNRh_BWAAEXcn_,Evacuees,Evacuees,Evacuees,Evacuees,full
1815884495402459187,GTNRS0FXYAAtL0X,Preparedness,Preparedness,Preparedness,Preparedness,full
1815884411524747631,GTNRPjHXYAEqWlO,Evacuees,Evacuees,Evacuees,Evacuees,full
1815882561375339006,GTNPj-1aYAEkimd,Political,Smoke & Air Quality,Political,Political,majority
1815879573407428778,GTNM2XgXQAACWAN,Evacuees,Smoke & Air Quality,Evacuees,Evacuees,majority
1815876694097682462,GTNKOuLXQAAlV9X,Other,Other,Other,Other,full
1815874764919238897,GTNIeNAWQAEIfJV,Other,Support,Other,Other,majority
1815874619322065289,GTNIV_xXUAE4Y_C,Evacuees,Smoke & Air Quality,Evacuees,Evacuees,majority
1815872404855611770,GTNGVEGWsAEugXA,Warnings & Status Updates,Warnings & Status Updates,Warnings & Status Updates,Warnings & Status Updates,full
1815872404855611770,GTNGU7iXcAEw2ZK,Warnings & Status Updates,Warnings & Status Updates,Warnings & Status Updates,Warnings & Status Updates,full
1815871788259180848,GTNFwFlWYAMIc_V,Preparedness,General Information,Preparedness,Preparedness,majority
1815871537490321532,GTNFiKwaYAA1MLf,Smoke & Air Quality,Smoke & Air Quality,Smoke & Air Quality,Smoke & Air Quality,full
1815870637585621325,GTNEnmwbcAASb9e,Smoke & Air Quality,Weather Reports,Warnings & Status Updates,Smoke & Air Quality,none
1815869582483038447,GTNDwzEWsAAYkez,Evacuees,Evacuees,Evacuees,Evacuees,full
1815869543287513141,GTNDugtWIAAxAAe,Warnings & Status Updates,Warnings & Status Updates,Weather Reports,Warnings & Status Updates,majority
1815864571887821073,GTM998YWsAALqhu,Evacuees,Evacuees,Evacuees,Evacuees,full
1815864153678242217,GTM9nKPaUAAe1rV,Smoke & Air Quality,Smoke & Air Quality,Warnings & Status Updates,Smoke & Air Quality,majority
1815864153678242217,GTM9nIqboAAhTMY,Smoke & Air Quality,Smoke & Air Quality,Warnings & Status Updates,Smoke & Air Quality,majority
1815863226976055735,GTM9-pwaYAE__43,Smoke & Air Quality,Smoke & Air Quality,Other,Smoke & Air Quality,majority
1815862456201404486,GTM84EVXgAAgDfs,Warnings & Status Updates,Warnings & Status Updates,Warnings & Status Updates,Warnings & Status Updates,full
1815861963848626319,GTM81UBXcAEPSNg,Warnings & Status Updates,Smoke & Air Quality,Warnings & Status Updates,Warnings & Status Updates,majority
1815861923734512029,GTM8yyiWMAAlJGz,Warnings & Status Updates,Warnings & Status Updates,Warnings & Status Updates,Warnings & Status Updates,full
1815861923734512029,GTM8yyWWsAARkxK,Warnings & Status Updates,Warnings & Status Updates,Warnings & Status Updates,Warnings & Status Updates,full
1815861923734512029,GTM8yyXWAAI0scH,Warnings & Status Updates,Warnings & Status Updates,Warnings & Status Updates,Warnings & Status Updates,full
1815859337769955721,GTM6cbwaMAAvMyO,Smoke & Air Quality,Infrastructure,Warnings & Status Updates,Smoke & Air Quality,none
1815859337769955721,GTM6ceHaYAA4LQS,Smoke & Air Quality,Infrastructure,Warnings & Status Updates,Smoke & Air Quality,none
1815859337769955721,GTM6ca7bMAAOE45,Smoke & Air Quality,Infrastructure,Warnings & Status Updates,Smoke & Air Quality,none
1815859002229809465,GTM6ILiXEAI56Lm,Warnings & Status Updates,Warnings & Status Updates,Warnings & Status Updates,Warnings & Status Updates,full
1815859002229809465,GTM6ILkXoAAZPW1,Warnings & Status Updates,Warnings & Status Updates,Warnings & Status Updates,Warnings & Status Updates,full
1815856963911340239,GTM4SF_WoAAFj4D,Warnings & Status Updates,Warnings & Status Updates,Warnings & Status Updates,Warnings & Status Updates,full
1815856211121823955,GTM3mU7XIAEMc3n,Warnings & Status Updates,Warnings & Status Updates,Warnings & Status Updates,Warnings & Status Updates,full
1815856211121823955,GTM3mUOXcAEnuiS,Warnings & Status Updates,Warnings & Status Updates,Warnings & Status Updates,Warnings & Status Updates,full
1815854460742009170,GTM2AlcXIAA84jc,Warnings & Status Updates,Smoke & Air Quality,Warnings & Status Updates,Warnings & Status Updates,majority
1815853635919655386,GTM1OrzWcAA4ynQ,Weather Reports,Warnings & Status Updates,Warnings & Status Updates,Warnings & Status Updates,majority
1815852849299087776,GTM0irhXQAANZNA,Warnings & Status Updates,Infrastructure,Warnings & Status Updates,Warnings & Status Updates,majority
1815848946474049602,GTMwtTwacAAJynD,Reports of Actions of Responders,Weather Reports,Reports of Actions of Responders,Reports of Actions of Responders,majority
1815846396164989328,GTMupL7WQAAqshh,Warnings & Status Updates,Weather Reports,Warnings & Status Updates,Warnings & Status Updates,majority
1815845278965960988,GTMtp5gXoAAQ5Ml,Warnings & Status Updates,Warnings & Status Updates,Warnings & Status Updates,Warnings & Status Updates,full
1815842906101723597,GTMrfzAaYAIxgEN,Warnings & Status Updates,Smoke & Air Quality,Warnings & Status Updates,Warnings & Status Updates,majority
1815840113651507229,GTMo7zeaYAMhTNF,Warnings & Status Updates,Weather Reports,Warnings & Status Updates,Warnings & Status Updates,majority
1815840113651507229,GTMo7zcasAAGAg9,Smoke & Air Quality,Weather Reports,Warnings & Status Updates,Smoke & Air Quality,none
1815839657742967045,GTMoh2LWMAAFCmL,Evacuees,Warnings & Status Updates,Evacuees,Evacuees,majority
1815838390266560556,GTMmbIOaYAU_Am9,Advertisement,Advertisement,Advertisement,Advertisement,full
1815831935861800966,GTMhhbObkAAhDeZ,Warnings & Status Updates,Warnings & Status Updates,Warnings & Status Updates,Warnings & Status Updates,full
1815831774141764040,GTMhYFVX0AE52ln,Evacuees,Evacuees,Warnings & Status Updates,Evacuees,majority
1815830278457184398,GTMf0KFWkAA_8rk,Weather Reports,General Information,Warnings & Status Updates,Weather Reports,none
1815829299246588059,GTMfIBqWIAA9eKY,Insurance,Insurance,Insurance,Insurance,full
1815829299246588059,GTMfICFXEAAlkVG,Insurance,Insurance,Insurance,Insurance,full
1815829299246588059,GTMfICCXYAEYg7V,Insurance,Insurance,Insurance,Insurance,full
1815829299246588059,GTMfIAPXkAA-N28,Insurance,Insurance,Insurance,Insurance,full
1815826231989878993,GTMcTgsWgAAKIzj,Support,Reports of Actions of Responders,Reports of Actions of Responders,Reports of Actions of Responders,majority
1815825794582864101,GTMb7z9XUAAfw04,Warnings & Status Updates,Infrastructure,Warnings & Status Updates,Warnings & Status Updates,majority
1815820395242479905,GTMXBLaXIAEOTYW,Reports of Actions of Responders,Smoke & Air Quality,Warnings & Status Updates,Reports of Actions of Responders,none
1815818609077412133,GTMVZRbX0AA6AcL,Smoke & Air Quality,Smoke & Air Quality,Smoke & Air Quality,Smoke & Air Quality,full
1815818609077412133,GTMVZR7XEAA5GWy,Smoke & Air Quality,Smoke & Air Quality,Smoke & Air Quality,Smoke & Air Quality,full
1815818609077412133,GTMVZQ4WwAAXukP,Smoke & Air Quality,Smoke & Air Quality,Smoke & Air Quality,Smoke & Air Quality,full
1815818609077412133,GTMVZSdW4AAwtgs,Smoke & Air Quality,Smoke & Air Quality,Smoke & Air Quality,Smoke & Air Quality,full
1815812913044852786,GTMQEn4aYAMvmsj,Infrastructure,Infrastructure,Infrastructure,Infrastructure,full
1815812313641005084,GTMPrRWaYAIDiLX,Reports of Actions of Responders,Reports of Actions of Responders,Reports of Actions of Responders,Reports of Actions of Responders,full
1815810169470869924,GTMNuSLbYAAiqEu,Political,Political,Political,Political,full
1815809470053937504,GTMNFa3WwAAF0fE,Warnings & Status Updates,Weather Reports,Warnings & Status Updates,Warnings & Status Updates,majority
1815808502951968911,GTMJjQeWAAEAom6,Preparedness,Preparedness,Preparedness,Preparedness,full
1815808491522777403,GTMLkcIXkAE8qlL,Other,Support,Other,Other,majority
1815808491522777403,GTMLsyiXYAAyZCg,Other,Support,Other,Other,majority
1815808491522777403,GTMLsyiXwAArKj7,Other,Support,Other,Other,majority
1815808491522777403,GTML4JeXsAAHSRK,Other,Support,Other,Other,majority
1815807350206521546,GTMK_3-XEAA1Z_y,Insurance,Insurance,Insurance,Insurance,full
1815806137469657484,GTMKDvtaoAApr4E,Reports of Actions of Responders,Weather Reports,Reports of Actions of Responders,Reports of Actions of Responders,majority
1815806137469657484,GTMKDviaYAQAuEX,Reports of Actions of Responders,Reports of Actions of Responders,Reports of Actions of Responders,Reports of Actions of Responders,full
1815806137469657484,GTMKDvjaYAMUrvb,Reports of Actions of Responders,Infrastructure,Warnings & Status Updates,Reports of Actions of Responders,none
1815804643160776860,GTMIqMUbQAAQ9Sy,Warnings & Status Updates,Infrastructure,Warnings & Status Updates,Warnings & Status Updates,majority
1815801701288534120,GTMF6ozXwAAeJl_,Support,General Information,Support,Support,majority
1815800794274250871,GTMFMujWYAAv0xa,Support,Evacuees,Support,Support,majority
1815794087737299087,GTL_GbmWwAAkY8B,General Information,General Information,Support,General Information,majority
1815789327194165462,GTL6Zc4aoAEDiSy,Support,Evacuees,Evacuees,Evacuees,majority
1815786274126524598,GTL31FqXcAQjoUT,Warnings & Status Updates,Warnings & Status Updates,Warnings & Status Updates,Warnings & Status Updates,full
1815784346952888367,GTL1-6DXcAASF0z,Other,Support,Other,Other,majority
1815780225881661868,GTLyfcWXgAEiQoq,Infrastructure,Warnings & Status Updates,Warnings & Status Updates,Warnings & Status Updates,majority
1815776321005572140,GTLu8KdbAAEidUt,General Information,Other,Other,Other,majority
1815774085315785133,GTLs59qXkAA94-_,Warnings & Status Updates,Warnings & Status Updates,Warnings & Status Updates,Warnings & Status Updates,full
1815774085315785133,GTLs59yXYAA-Iaj,Warnings & Status Updates,Infrastructure,Warnings & Status Updates,Warnings & Status Updates,majority
1815773376629399997,GTLsQpFWgAA41BH,Warnings & Status Updates,Infrastructure,Warnings & Status Updates,Warnings & Status Updates,majority
1815773376629399997,GTLsQpFXgAAGnit,Warnings & Status Updates,Warnings & Status Updates,Warnings & Status Updates,Warnings & Status Updates,full
1815773376629399997,GTLsQpJWcAAlxCj,Warnings & Status Updates,Warnings & Status Updates,Warnings & Status Updates,Warnings & Status Updates,full
1815771519059976622,GTLqkxoWAAENQyq,Support,General Information,Support,Support,majority
1815771125789671865,GTLqNpIWoAA5fxN,Warnings & Status Updates,Warnings & Status Updates,Warnings & Status Updates,Warnings & Status Updates,full
1815762816856379642,GTLip94W4AAT-Ns,Warnings & Status Updates,Smoke & Air Quality,Warnings & Status Updates,Warnings & Status Updates,majority
1815751498229547358,GTLYXRvWAAAfXyI,Evacuees,Evacuees,Evacuees,Evacuees,full
1815742864250241294,GTLQed1WAAA5wPB,Evacuees,Evacuees,Evacuees,Evacuees,full
1815742864250241294,GTLQed3XYAAdwHq,Evacuees,Evacuees,Evacuees,Evacuees,full
1815742342282051912,GTLQCUtXEAA62d-,Warnings & Status Updates,Warnings & Status Updates,Warnings & Status Updates,Warnings & Status Updates,full
1815742342282051912,GTLQCUtWIAAwk6K,Weather Reports,Weather Reports,Weather Reports,Weather Reports,full
1815738614275612753,GTLMltTasAAgGfT,Smoke & Air Quality,Smoke & Air Quality,Smoke & Air Quality,Smoke & Air Quality,full
1815736761718395185,GTLK9iQW4AAJSZF,Smoke & Air Quality,Smoke & Air Quality,Smoke & Air Quality,Smoke & Air Quality,full
1815732876412850544,GTLHbS6boAAIjce,Warnings & Status Updates,Weather Reports,Warnings & Status Updates,Warnings & Status Updates,majority
1815702734802399551,GTKsA7waQAAod8E,Weather Reports,Weather Reports,Weather Reports,Weather Reports,full
1815675386665070870,GTKO8uQWoAAirbE,Weather Reports,Weather Reports,Warnings & Status Updates,Weather Reports,majority
1815673751020994773,GTKRp6TaAAANvcr,Warnings & Status Updates,Warnings & Status Updates,Infrastructure,Warnings & Status Updates,majority
1815666025226190878,GTKKoN3bkAACAYu,Evacuees,Warnings & Status Updates,Evacuees,Evacuees,majority
1815658867000582520,GTKEHWCWUAAZ92o,Warnings & Status Updates,Evacuees,Evacuees,Evacuees,majority
1815650591386878294,GTJ8aRHb0AA_T1z,Infrastructure,Infrastructure,Infrastructure,Infrastructure,full
1815649865793425577,GTJ7oApagAAPFzi,Infrastructure,Infrastructure,Infrastructure,Infrastructure,full
1815649722503406026,GTJ7yynXwAA2gc4,Evacuees,Evacuees,Evacuees,Evacuees,full
1815649722503406026,GTJ7yynXkAAv97k,Evacuees,Warnings & Status Updates,Evacuees,Evacuees,majority
1815649722503406026,GTJ7yyoXwAAYoj_,Evacuees,Warnings & Status Updates,Evacuees,Evacuees,majority
1815649655688200377,GTJ7uYtXgAAQidr,Warnings & Status Updates,Warnings & Status Updates,Political,Warnings & Status Updates,majority
1815649655688200377,GTJ7uYxWwAA0ogw,Smoke & Air Quality,Support,Smoke & Air Quality,Smoke & Air Quality,majority
1815649265848664444,GTJ64oMakAAgQvo,Infrastructure,Infrastructure,Infrastructure,Infrastructure,full
1815648579392041269,GTJ6wr8aYAAMAXu,Political,Political,Political,Political,full
1815648579392041269,GTJ6wp7aMAAgqH6,Political,Political,Political,Political,full
1815648488782524502,GTJ6cV5bQAACoqy,Infrastructure,Infrastructure,Infrastructure,Infrastructure,full
1815642240968253921,GTJ0_YEb0AARy6a,Other,Reports of Actions of Responders,Other,Other,majority
1815642240968253921,GTJ0_YGbQAAEQWC,Other,Reports of Actions of Responders,Other,Other,majority
1815642240968253921,GTJ0_YEaMAIYQgu,Other,Reports of Actions of Responders,Other,Other,majority
1815642240968253921,GTJ0_YEboAAb5gW,Other,Reports of Actions of Responders,Other,Other,majority
1815638806705352944,GTJx3i9WoAAbGFu,Evacuees,Evacuees,Evacuees,Evacuees,full
1815637231186424200,GTJwb-EbUAAwnb-,Support,Evacuees,Evacuees,Evacuees,majority
1815636372046135636,GTJvqA0XIAAmoDe,Weather Reports,Weather Reports,Weather Reports,Weather Reports,full
1815636259454476739,GTJvg5tbkAAlxQu,Warnings & Status Updates,Smoke & Air Quality,Warnings & Status Updates,Warnings & Status Updates,majority
1815636259454476739,GTJvg3HaUAA_pvU,Smoke & Air Quality,Smoke & Air Quality,Warnings & Status Updates,Smoke & Air Quality,majority
1815632123891700214,GTJryvobIAAC2wu,Weather Reports,Smoke & Air Quality,Other,Weather Reports,none
1815632123891700214,GTJryvlbUAADVD8,Weather Reports,Other,Other,Other,majority
1815632123891700214,GTJryvkbEAAiBAu,Weather Reports,Other,Other,Other,majority
1815632123891700214,GTJryvma0AAABmJ,Weather Reports,Other,Other,Other,majority
1815631581211717766,GTJrR4caoAA24yO,Smoke & Air Quality,Weather Reports,Smoke & Air Quality,Smoke & Air Quality,majority
1815630067860410451,GTJp7D6W8AAukUG,Evacuees,Smoke & Air Quality,Reports of Actions of Responders,Evacuees,none
1815629400521732246,GTJpUPfbcAA2Fne,Evacuees,Evacuees,Evacuees,Evacuees,full
1815629400521732246,GTJpUPYbIAACwby,Evacuees,Evacuees,Evacuees,Evacuees,full
1815622013911695709,GTJimXPXMAE_LgU,Smoke & Air Quality,Other,Warnings & Status Updates,Smoke & Air Quality,none
1815619680754692457,GTJgDNmXcAAopI6,Other,Evacuees,Evacuees,Evacuees,majority
1815615445535510546,GTJcn_SbkAAms8N,Evacuees,Warnings & Status Updates,Evacuees,Evacuees,majority
1815610683548967087,GTJYBK6XwAAKMWd,Weather Reports,Weather Reports,Weather Reports,Weather Reports,full
1815610683548967087,GTJYBK6XQAA1HXx,Weather Reports,Weather Reports,Weather Reports,Weather Reports,full
1815609843816005744,GTJXFrvXoAA2USF,Evacuees,Warnings & Status Updates,Evacuees,Evacuees,majority
1815603857512435774,GTJSFk3W8AESCjP,Warnings & Status Updates,Warnings & Status Updates,Evacuees,Warnings & Status Updates,majority
1815603405710057605,GTJRrI4WgAAdDKK,Warnings & Status Updates,Warnings & Status Updates,Evacuees,Warnings & Status Updates,majority
1815603108426535181,GTJRZ65bAAAkn5E,Warnings & Status Updates,Warnings & Status Updates,Evacuees,Warnings & Status Updates,majority
1815602792314413543,GTJRHcFaUAAN-Gc,Warnings & Status Updates,Warnings & Status Updates,Evacuees,Warnings & Status Updates,majority
1815602792314413543,GTJRHcJbIAATSF7,Warnings & Status Updates,Evacuees,Evacuees,Evacuees,majority
1815601445397241993,GTJPxd0XEAA_eS1,Smoke & Air Quality,Smoke & Air Quality,Warnings & Status Updates,Smoke & Air Quality,majority
1815600173030228330,GTJOughXsAAp4of,Warnings & Status Updates,Evacuees,Warnings & Status Updates,Warnings & Status Updates,majority
1815600173030228330,GTJOuggWgAEmnYx,Warnings & Status Updates,Evacuees,Warnings & Status Updates,Warnings & Status Updates,majority
1815600173030228330,GTJOugjXcAARDzg,Warnings & Status Updates,Evacuees,Warnings & Status Updates,Warnings & Status Updates,majority
1815599258189623703,GTJM_lXaQAAGRYI,Evacuees,Warnings & Status Updates,Evacuees,Evacuees,majority
1815598788574408737,GTJNeZZXgAAPOvJ,Evacuees,Evacuees,Evacuees,Evacuees,full
1815598662569132429,GTJNXB7akAATq3p,Evacuees,Evacuees,Evacuees,Evacuees,full
1815598560303542703,GTJNRM0bkAAvnqi,Warnings & Status Updates,Warnings & Status Updates,Evacuees,Warnings & Status Updates,majority
1815598103174807680,GTJM2f0WgAEC6Pg,Evacuees,Evacuees,Evacuees,Evacuees,full
1815595011465195541,GTJKCYUXsAAgeBZ,Smoke & Air Quality,Smoke & Air Quality,Smoke & Air Quality,Smoke & Air Quality,full
1815585992910557315,GTJB1uJXwAAkIy8,Smoke & Air Quality,Weather Reports,Weather Reports,Weather Reports,majority
1815583037192831108,GTI_JrsXwAE21xT,Warnings & Status Updates,Evacuees,Reports of Actions of Responders,Warnings & Status Updates,none
1815582267491930237,GTI-c5WXIAA0xRd,Warnings & Status Updates,Reports of Actions of Responders,Warnings & Status Updates,Warnings & Status Updates,majority
1815576660961611985,GTI5WQGWgAAf6LF,Warnings & Status Updates,Warnings & Status Updates,Warnings & Status Updates,Warnings & Status Updates,full
1815576524646469727,GTI5FhsXcAARjnp,Warnings & Status Updates,Smoke & Air Quality,Warnings & Status Updates,Warnings & Status Updates,majority
1815576468862210116,GTI5LQcWwAAe36k,Warnings & Status Updates,Warnings & Status Updates,Warnings & Status Updates,Warnings & Status Updates,full
1815574848879628558,GTI3tBAbcAA_hkq,Warnings & Status Updates,Warnings & Status Updates,Warnings & Status Updates,Warnings & Status Updates,full
1815574848879628558,GTI3s_tb0AEVryx,Warnings & Status Updates,Evacuees,Warnings & Status Updates,Warnings & Status Updates,majority
1815574848879628558,GTI3tAuaYAAMlsX,Warnings & Status Updates,Evacuees,Warnings & Status Updates,Warnings & Status Updates,majority
1815570885727990047,GTI0GH_WoAE-NZU,General Information,General Information,Preparedness,General Information,majority
1815570574980337830,GTIz0OxasAAT7BZ,Weather Reports,Other,Weather Reports,Weather Reports,majority
1815565793314419102,GTIvdwCWoAAEl5I,Warnings & Status Updates,Weather Reports,Warnings & Status Updates,Warnings & Status Updates,majority
1815565793314419102,GTIvdwAWkAAe-rY,Warnings & Status Updates,Weather Reports,Warnings & Status Updates,Warnings & Status Updates,majority
1815565793314419102,GTIvdwEXcAAtVHH,Warnings & Status Updates,Infrastructure,Warnings & Status Updates,Warnings & Status Updates,majority
1815563697269694530,GTItjp9XkAANZZp,Weather Reports,Weather Reports,Weather Reports,Weather Reports,full
1815563697269694530,GTItjp8WkAAohs6,Weather Reports,Weather Reports,Weather Reports,Weather Reports,full
1815558204174020738,GTIoi1DWoAAMp8e,Evacuees,Evacuees,Evacuees,Evacuees,full
1815557785620488418,GTIoL1CaAAA3lSS,Weather Reports,Infrastructure,Weather Reports,Weather Reports,majority
1815557118780670393,GTInk2IaQAA2WLg,Smoke & Air Quality,Warnings & Status Updates,Warnings & Status Updates,Warnings & Status Updates,majority
1815549114014449761,GTIgTGqaQAANrNp,Evacuees,Evacuees,Evacuees,Evacuees,full
1815547631533437088,GTIe8jlX0AATcS3,Other,General Information,Other,Other,majority
1815545665617023254,GTIdAOEXoAARZsw,Reports of Actions of Responders,Reports of Actions of Responders,Reports of Actions of Responders,Reports of Actions of Responders,full
1815539631708049894,GTIXrIjaIAAp0CJ,Weather Reports,Warnings & Status Updates,Weather Reports,Weather Reports,majority
1815532016248422729,GTIQvinXoAAHPc_,Evacuees,Evacuees,Evacuees,Evacuees,full
1815523205412524537,GTIH6EvWoAArAV4,Smoke & Air Quality,Smoke & Air Quality,Warnings & Status Updates,Smoke & Air Quality,majority
1815514617227137121,GTIA6m-XAAAqFKy,Evacuees,Evacuees,Evacuees,Evacuees,full
1815511615279702327,GTH9ZxDXgAAuhVb,Weather Reports,Warnings & Status Updates,Weather Reports,Weather Reports,majority
1815511615279702327,GTH9Y2NXMAE1vcT,Weather Reports,Warnings & Status Updates,Weather Reports,Weather Reports,majority
1815511615279702327,GTH9bU5WoAELovl,Weather Reports,Warnings & Status Updates,Weather Reports,Weather Reports,majority
1815511225104810212,GTH8I1lb0AAN3qz,Preparedness,General Information,Preparedness,Preparedness,majority
1815508417009643664,GTH7BBBXcAAG9fY,Weather Reports,Weather Reports,Weather Reports,Weather Reports,full
1815499595058663642,GTHzQtQXsAAwBL-,Weather Reports,Smoke & Air Quality,Weather Reports,Weather Reports,majority
1815491904848400698,GTHsQ7LXkAAPjxf,Warnings & Status Updates,Evacuees,Reports of Actions of Responders,Warnings & Status Updates,none
1815491904848400698,GTHsQ56WUAARypr,Warnings & Status Updates,Evacuees,Reports of Actions of Responders,Warnings & Status Updates,none
1815491904848400698,GTHsQ7dXYAAUDdp,Warnings & Status Updates,Evacuees,Reports of Actions of Responders,Warnings & Status Updates,none
1815491904848400698,GTHsQ6CXsAAyOY-,Warnings & Status Updates,Evacuees,Reports of Actions of Responders,Warnings & Status Updates,none
1815491870723608665,GTHsO-SWUAAtzzh,Warnings & Status Updates,Evacuees,Reports of Actions of Responders,Warnings & Status Updates,none
1815491870723608665,GTHsO9xXsAAhyKW,Warnings & Status Updates,Evacuees,Reports of Actions of Responders,Warnings & Status Updates,none
1815491870723608665,GTHsO-vXsAAT-Nj,Warnings & Status Updates,Evacuees,Reports of Actions of Responders,Warnings & Status Updates,none
1815491870723608665,GTHsO_PXgAA0eCB,Warnings & Status Updates,Evacuees,Reports of Actions of Responders,Warnings & Status Updates,none
1815481200771002737,GTHiiB3WwAAKKTt,Warnings & Status Updates,Infrastructure,Warnings & Status Updates,Warnings & Status Updates,majority
1815480108490051700,GTHhhq4XIAA8ia5,Evacuees,Evacuees,Evacuees,Evacuees,full
1815477527223349594,GTHfEsJbYAAH8vj,Smoke & Air Quality,Other,Smoke & Air Quality,Smoke & Air Quality,majority
1815476864804343953,GTHeizkXwAAGDcf,Evacuees,Evacuees,Evacuees,Evacuees,full
1815476596138291203,GTHeWBHWsAA-RHO,Warnings & Status Updates,Warnings & Status Updates,Warnings & Status Updates,Warnings & Status Updates,full
1815476596138291203,GTHeV3qXIAABLMR,Warnings & Status Updates,Infrastructure,Warnings & Status Updates,Warnings & Status Updates,majority
1815476596138291203,GTHeVt-WoAEJo0V,Warnings & Status Updates,Infrastructure,Warnings & Status Updates,Warnings & Status Updates,majority
1815474614568669666,GTHblx1aoAAjLv2,Preparedness,Preparedness,Preparedness,Preparedness,full
1815474279665848370,GTHcM40WYAANd69,Smoke & Air Quality,Warnings & Status Updates,General Information,Smoke & Air Quality,none
1815474279665848370,GTHcM52WQAA7glN,Smoke & Air Quality,Warnings & Status Updates,General Information,Smoke & Air Quality,none
1815472783524278336,GTHa4BlWgAIvTX3,Warnings & Status Updates,Infrastructure,Warnings & Status Updates,Warnings & Status Updates,majority
1815470683951886446,GTHY77yXIAAfFNI,Warnings & Status Updates,Weather Reports,Warnings & Status Updates,Warnings & Status Updates,majority
1815468914111140122,GTHXE-WbQAAm3la,Evacuees,Evacuees,Evacuees,Evacuees,full
1815468495729311772,GTHW-WTWsAAEr-M,Warnings & Status Updates,Weather Reports,Warnings & Status Updates,Warnings & Status Updates,majority
1815468037015052291,GTHWi4XXcAAL_HC,Warnings & Status Updates,Weather Reports,Warnings & Status Updates,Warnings & Status Updates,majority
1815468037015052291,GTHWi4ZXoAAoyPw,Warnings & Status Updates,Weather Reports,Warnings & Status Updates,Warnings & Status Updates,majority
1815468037015052291,GTHWi4ZXMAE2a6E,Warnings & Status Updates,Weather Reports,Warnings & Status Updates,Warnings & Status Updates,majority
1815443578492973135,GTHAMvmWkAE-Fw-,Political,Political,Political,Political,full
1815443578492973135,GTHAF5QXoAEsVmP,Political,Political,Political,Political,full
1815434338215051715,GTG3zCKbkAA5CJC,Evacuees,Evacuees,Evacuees,Evacuees,full
1815432066126708830,GTG12DFW0AAha86,Insurance,Insurance,Other,Insurance,majority
1815427723164373153,GTGx41MWoAADFnv,Warnings & Status Updates,Evacuees,Evacuees,Evacuees,majority
1815426822559162832,GTGxEN1WYAAacLr,Weather Reports,Infrastructure,Weather Reports,Weather Reports,majority
1815425500942368841,GTGv3V3XIAADOuL,Smoke & Air Quality,Weather Reports,Smoke & Air Quality,Smoke & Air Quality,majority
1815417476139606520,GTGokxIWUAAhBmR,Insurance,Insurance,Insurance,Insurance,full
1815410853405180293,GTGijCFXAAAwwbB,Warnings & Status Updates,Warnings & Status Updates,Warnings & Status Updates,Warnings & Status Updates,full
1815409481112777052,GTGhTGiWgAA48DG,Smoke & Air Quality,Smoke & Air Quality,Warnings & Status Updates,Smoke & Air Quality,majority
1815409481112777052,GTGhTHXXwAA58hp,Smoke & Air Quality,Smoke & Air Quality,Warnings & Status Updates,Smoke & Air Quality,majority
1815406262013596029,GTGeCp0X0AAVyvG,Warnings & Status Updates,Reports of Actions of Responders,Reports of Actions of Responders,Reports of Actions of Responders,majority
1815406262013596029,GTGeCp2XsAA3PKd,Warnings & Status Updates,Reports of Actions of Responders,Reports of Actions of Responders,Reports of Actions of Responders,majority
1815406262013596029,GTGeCp1XwAAEUo1,Warnings & Status Updates,Reports of Actions of Responders,Reports of Actions of Responders,Reports of Actions of Responders,majority
1815394215582458114,GTGTanYXsAAKrfC,Warnings & Status Updates,Warnings & Status Updates,Warnings & Status Updates,Warnings & Status Updates,full
1815394215582458114,GTGTanXWgAAA5RS,Warnings & Status Updates,Warnings & Status Updates,Warnings & Status Updates,Warnings & Status Updates,full
1815390163184361914,GTGPut6XwAAH_4y,Smoke & Air Quality,Smoke & Air Quality,Smoke & Air Quality,Smoke & Air Quality,full
1815386910631584158,GTGMxYXWQAEflrX,Evacuees,Evacuees,Evacuees,Evacuees,full
1815385252853956932,GTGLQ22W8AA3dRq,Evacuees,Warnings & Status Updates,Warnings & Status Updates,Warnings & Status Updates,majority
1815384294761841081,GTGKY9EWMAAdnBh,Warnings & Status Updates,Weather Reports,Warnings & Status Updates,Warnings & Status Updates,majority
1815384294761841081,GTGKY9CXcAE5Bc4,Warnings & Status Updates,Warnings & Status Updates,Warnings & Status Updates,Warnings & Status Updates,full
1815383644460253616,GTGJzSbWkAAHMkE,Warnings & Status Updates,Warnings & Status Updates,Warnings & Status Updates,Warnings & Status Updates,full
1815383644460253616,GTGJzSbXAAAbO2f,Warnings & Status Updates,Warnings & Status Updates,Warnings & Status Updates,Warnings & Status Updates,full
1815377519253819567,GTGEOlbXEAAqhe-,Warnings & Status Updates,Warnings & Status Updates,Evacuees,Warnings & Status Updates,majority
1815297908016828693,GTE708EakAA3zji,Evacuees,Warnings & Status Updates,Evacuees,Evacuees,majority
1815286876863152400,GTExy14XAAAJiHD,Smoke & Air Quality,Smoke & Air Quality,Smoke & Air Quality,Smoke & Air Quality,full
1815251455978115358,GTERkn0WwAASIRU,Evacuees,Evacuees,Evacuees,Evacuees,full
1815249978685874427,GTEQPI7WQAA6fYt,Infrastructure,Warnings & Status Updates,Warnings & Status Updates,Warnings & Status Updates,majority
1815249367441330639,GTEPrd4aYAA7QY8,Reports of Actions of Responders,Reports of Actions of Responders,Reports of Actions of Responders,Reports of Actions of Responders,full
1815237113765675502,GTEEiFcaUAACTFv,Other,Support,Other,Other,majority
1815230311464116659,GTD-NcFW4AA4HFs,Preparedness,Support,Support,Support,majority
1815219387135307828,GTD0ZuSWAAABK8s,Weather Reports,Warnings & Status Updates,Weather Reports,Weather Reports,majority
1815215439431254209,GTDw0dvXYAIi9E6,Warnings & Status Updates,Warnings & Status Updates,Warnings & Status Updates,Warnings & Status Updates,full
1815215439431254209,GTDw0dvXYAEajml,Warnings & Status Updates,Warnings & Status Updates,Warnings & Status Updates,Warnings & Status Updates,full
1815215439431254209,GTDw0duWwAArrhb,Warnings & Status Updates,Warnings & Status Updates,Warnings & Status Updates,Warnings & Status Updates,full
1815198179396084146,GTDhHhyXQAEoPVq,Smoke & Air Quality,Smoke & Air Quality,Smoke & Air Quality,Smoke & Air Quality,full
1815198179396084146,GTDhHhyXMAEC4vt,Smoke & Air Quality,Smoke & Air Quality,Smoke & Air Quality,Smoke & Air Quality,full
1815198179396084146,GTDhHhxWwAAySG8,Smoke & Air Quality,Smoke & Air Quality,Smoke & Air Quality,Smoke & Air Quality,full
1815198179396084146,GTDhHhxXsAA0J-J,Smoke & Air Quality,Smoke & Air Quality,Smoke & Air Quality,Smoke & Air Quality,full
1815191784622088308,GTDbS9UaQAEtP_u,Smoke & Air Quality,Warnings & Status Updates,Smoke & Air Quality,Smoke & Air Quality,majority
1815180897043280018,GTDK7ykXwAA9NyJ,Smoke & Air Quality,Warnings & Status Updates,Evacuees,Smoke & Air Quality,none
1815174258299187638,GTDLW-qXoAAKy_b,Evacuees,Evacuees,Evacuees,Evacuees,full
1815172324787957908,GTDJbc2aMAAGoVm,Evacuees,Evacuees,Evacuees,Evacuees,full
1815166888340848664,GTDEqaRXkAAqZcL,Weather Reports,Weather Reports,Weather Reports,Weather Reports,full
1815164734955536443,GTDCsiDX0AAONbj,Evacuees,Evacuees,Evacuees,Evacuees,full
1815161315440390391,GTC_mDPXoAAy0jO,Warnings & Status Updates,Warnings & Status Updates,Evacuees,Warnings & Status Updates,majority
1815161315440390391,GTC_mDRXQAAUXWb,Warnings & Status Updates,Warnings & Status Updates,Warnings & Status Updates,Warnings & Status Updates,full
1815158965312823498,GTC9dMJWEAAErd-,Evacuees,Evacuees,Evacuees,Evacuees,full
1815151294782611523,GTC2ewKWIAEJfpH,Warnings & Status Updates,Warnings & Status Updates,Warnings & Status Updates,Warnings & Status Updates,full
1815151294782611523,GTC2ewMWgAEL--6,Warnings & Status Updates,Warnings & Status Updates,Warnings & Status Updates,Warnings & Status Updates,full
1815142480368607485,GTCudeBXIAAAuxV,Warnings & Status Updates,Warnings & Status Updates,Warnings & Status Updates,Warnings & Status Updates,full
1815142480368607485,GTCudeCXYAAlT6Q,Warnings & Status Updates,Infrastructure,Warnings & Status Updates,Warnings & Status Updates,majority
1815141496116346989,GTCti_XWQAACUMO,Evacuees,Evacuees,Evacuees,Evacuees,full
1815111830718513152,GTCSQReXAAAwWXj,Weather Reports,Weather Reports,Weather Reports,Weather Reports,full
1815111830718513152,GTCSRskX0AA__fM,Weather Reports,Weather Reports,Weather Reports,Weather Reports,full
1815101153342103576,GTCI3nIWoAAxGsN,Evacuees,Evacuees,Evacuees,Evacuees,full
1815089631194730978,GTB-Zc8WgAA3cc5,Evacuees,Evacuees,Evacuees,Evacuees,full
1815088054467498419,GTB89odXYAAwZXY,Evacuees,Evacuees,Evacuees,Evacuees,full
1815087386725945802,GTB8TwOWkAAabm_,Evacuees,Evacuees,Evacuees,Evacuees,full
1815083530919326098,GTB41LeWIAAp-Aq,Warnings & Status Updates,Warnings & Status Updates,Warnings & Status Updates,Warnings & Status Updates,full
1815083530919326098,GTB41LkWYAIRWvt,Warnings & Status Updates,Warnings & Status Updates,Reports of Actions of Responders,Warnings & Status Updates,majority
1815081553942462492,GTB3DEXXsAA33qE,Other,Smoke & Air Quality,Other,Other,majority
1815081553942462492,GTB3Cy2XcAArPdR,Other,Other,Other,Other,full
1815081553942462492,GTB3DRCXIAAaNXk,Other,Smoke & Air Quality,Other,Other,majority
1815081553942462492,GTB3De9XIAABVZ1,Other,Other,Other,Other,full
1815079965462843603,GTB1mQ0XEAARKbN,Evacuees,Evacuees,Evacuees,Evacuees,full
1815047347010764985,GTBX8IFXkAAgnwL,Warnings & Status Updates,Warnings & Status Updates,Warnings & Status Updates,Warnings & Status Updates,full
1815047347010764985,GTBX8ICWQAAmYeU,Warnings & Status Updates,Warnings & Status Updates,Evacuees,Warnings & Status Updates,majority
1815043277613142338,GTBUPWFWQAEGzRi,Warnings & Status Updates,Warnings & Status Updates,Evacuees,Warnings & Status Updates,majority
1815043277613142338,GTBUPWBWQAEimdv,Warnings & Status Updates,Warnings & Status Updates,Warnings & Status Updates,Warnings & Status Updates,full
1815040000120983639,GTBROKzXgAABQZ1,Other,Other,Other,Other,full
1815040000120983639,GTBROKxWoAAdGeW,Other,Other,Other,Other,full
1815040000120983639,GTBROKwW4AAyHik,Other,Other,Other,Other,full
1815040000120983639,GTBROKyW8AA63PO,Other,Other,Other,Other,full
1815038931177713830,GTBQSAwXgAA3wv5,Smoke & Air Quality,Smoke & Air Quality,Smoke & Air Quality,Smoke & Air Quality,full
1815032962825740504,GTBK27TWQAANxP-,Warnings & Status Updates,Infrastructure,Warnings & Status Updates,Warnings & Status Updates,majority
1815032962825740504,GTBK27ZWEAMNQk8,Warnings & Status Updates,Infrastructure,Evacuees,Warnings & Status Updates,none
1815017777088114751,GTA9DJfWYAA9-ye,Smoke & Air Quality,Smoke & Air Quality,Warnings & Status Updates,Smoke & Air Quality,majority
1815003786454200485,GTAwU1UWsAAC_t6,Weather Reports,Warnings & Status Updates,Weather Reports,Weather Reports,majority
1814942773130224107,GS_41T4WoAA4R3p,Other,Other,Advertisement,Other,majority
1814884090858119355,GS_DddubIAExIZJ,Smoke & Air Quality,Smoke & Air Quality,Smoke & Air Quality,Smoke & Air Quality,full
1814863215526134130,GS-weTjbIAAu94d,Smoke & Air Quality,Smoke & Air Quality,Smoke & Air Quality,Smoke & Air Quality,full
1814832255019458830,GS-UUXgbIAY_PwV,Reports of Actions of Responders,Reports of Actions of Responders,Reports of Actions of Responders,Reports of Actions of Responders,full
1814828198871646567,GS-Qn72bcAAGr52,Reports of Actions of Responders,Reports of Actions of Responders,Reports of Actions of Responders,Reports of Actions of Responders,full
1814799395558465790,GS92biAXgAAisFj,Warnings & Status Updates,Warnings & Status Updates,Warnings & Status Updates,Warnings & Status Updates,full
1814799395558465790,GS92biCW8AA1hBU,Warnings & Status Updates,Warnings & Status Updates,Warnings & Status Updates,Warnings & Status Updates,full
1814791959862522255,GS9vUHoWkAA_6Gm,Warnings & Status Updates,Warnings & Status Updates,Warnings & Status Updates,Warnings & Status Updates,full
1814791959862522255,GS9vUHoX0AAXY_j,Warnings & Status Updates,Warnings & Status Updates,Warnings & Status Updates,Warnings & Status Updates,full
1814791215554175025,GS9u-tgXUAAh70W,Warnings & Status Updates,Warnings & Status Updates,Warnings & Status Updates,Warnings & Status Updates,full
1814791215554175025,GS9u-tkWIAAeczw,Warnings & Status Updates,Warnings & Status Updates,Warnings & Status Updates,Warnings & Status Updates,full
1814791215554175025,GS9u-thWwAATkFP,Warnings & Status Updates,Warnings & Status Updates,Warnings & Status Updates,Warnings & Status Updates,full
1814788606084722738,GS9snc3XIAAxj0k,Warnings & Status Updates,Warnings & Status Updates,Warnings & Status Updates,Warnings & Status Updates,full
1814788606084722738,GS9snc4XcAE3SAr,Warnings & Status Updates,Warnings & Status Updates,Warnings & Status Updates,Warnings & Status Updates,full
1814760094464422099,GS9Sr3GWcAA6_ls,Warnings & Status Updates,Warnings & Status Updates,Evacuees,Warnings & Status Updates,majority
1814759153807888754,GS9R1HAXMAAgOli,Other,Smoke & Air Quality,Preparedness,Other,none
1814750148188315920,GS9Jo8pbIAYkJ_d,Reports of Actions of Responders,Reports of Actions of Responders,Reports of Actions of Responders,Reports of Actions of Responders,full
1814750148188315920,GS9JoaxbMAEbEAB,Reports of Actions of Responders,Reports of Actions of Responders,Reports of Actions of Responders,Reports of Actions of Responders,full
1814750148188315920,GS9Jo_8aYAAr5dL,Reports of Actions of Responders,Reports of Actions of Responders,Reports of Actions of Responders,Reports of Actions of Responders,full
1814750148188315920,GS9JpCvbMAIUsXJ,Reports of Actions of Responders,Reports of Actions of Responders,Reports of Actions of Responders,Reports of Actions of Responders,full
1814739476989813076,GS8_7-RbMAAe2KB,Support,Warnings & Status Updates,Reports of Actions of Responders,Support,none
1814731097655418886,GS84UMqbIAcaddh,Warnings & Status Updates,Warnings & Status Updates,Evacuees,Warnings & Status Updates,majority
1814711000639418555,GS8mCXfbMAEVWOU,Smoke & Air Quality,General Information,Preparedness,Smoke & Air Quality,none
1814694636008710601,GS8XJuWXYAIuVkG,Warnings & Status Updates,Warnings & Status Updates,Warnings & Status Updates,Warnings & Status Updates,full
1814694636008710601,GS8XJuVWYAAB-25,Warnings & Status Updates,Warnings & Status Updates,Warnings & Status Updates,Warnings & Status Updates,full
1814694636008710601,GS8XJuZWAAEBba_,Warnings & Status Updates,Warnings & Status Updates,Warnings & Status Updates,Warnings & Status Updates,full
1814688297115136122,GS8RYjEX0AAT6Bw,Warnings & Status Updates,Warnings & Status Updates,Warnings & Status Updates,Warnings & Status Updates,full
1814688297115136122,GS8RYjFWgAAP3M3,Warnings & Status Updates,Warnings & Status Updates,Warnings & Status Updates,Warnings & Status Updates,full
1814673922459128057,GS8ETr1W8AAI9WZ,Smoke & Air Quality,Smoke & Air Quality,Smoke & Air Quality,Smoke & Air Quality,full
1814673922459128057,GS8ETrxWEAASid1,Smoke & Air Quality,Smoke & Air Quality,Smoke & Air Quality,Smoke & Air Quality,full
1814666376751292828,GS79czUWAAANgzH,Warnings & Status Updates,Infrastructure,Warnings & Status Updates,Warnings & Status Updates,majority
1814666376751292828,GS79czTWUAAnWGG,Warnings & Status Updates,Infrastructure,Warnings & Status Updates,Warnings & Status Updates,majority
1814665976480473278,GS79Fe8WMAAWGfG,Warnings & Status Updates,Infrastructure,Warnings & Status Updates,Warnings & Status Updates,majority
1814665976480473278,GS79Fe7WQAA0Auw,Warnings & Status Updates,Infrastructure,Warnings & Status Updates,Warnings & Status Updates,majority
1814665763120427227,GS785HMX0AAQGiv,Warnings & Status Updates,Infrastructure,Warnings & Status Updates,Warnings & Status Updates,majority
1814665763120427227,GS785HLW8AER8Pf,Warnings & Status Updates,Infrastructure,Warnings & Status Updates,Warnings & Status Updates,majority
1814650599159570825,GS7vGb2bIAMGDJ6,Smoke & Air Quality,General Information,Preparedness,Smoke & Air Quality,none
1814650599159570825,GS7vGb4awAAQL_F,Smoke & Air Quality,General Information,Preparedness,Smoke & Air Quality,none
1814639628852334853,GS7lH0yXEAAWi6U,Weather Reports,Weather Reports,Weather Reports,Weather Reports,full
1814546479790641225,GS6QRUNb0AAnvu-,Weather Reports,Warnings & Status Updates,Weather Reports,Weather Reports,majority
1814512611477889289,GS5xmlEbIAQ1ZwS,Reports of Actions of Responders,Reports of Actions of Responders,Other,Reports of Actions of Responders,majority
1814501267785318697,GS5nSKpXcAAh1Gm,Infrastructure,Reports of Actions of Responders,Warnings & Status Updates,Infrastructure,none
1814489063719875001,GS5cLywasAEs_2v,Infrastructure,Warnings & Status Updates,Warnings & Status Updates,Warnings & Status Updates,majority
1814489063719875001,GS5cLywaQAAcZQ2,Infrastructure,Warnings & Status Updates,Weather Reports,Infrastructure,none
1814473047895879698,GS5NnnSXQAASf-F,Smoke & Air Quality,Infrastructure,Smoke & Air Quality,Smoke & Air Quality,majority
1814457626262155392,GS4_mCUasAAGwDo,Evacuees,Evacuees,Evacuees,Evacuees,full
1814443918966083835,GS4zIDiXUAAoZlR,Smoke & Air Quality,Weather Reports,Weather Reports,Weather Reports,majority
1814443918966083835,GS4zIDiXIAAww6p,Weather Reports,Weather Reports,Weather Reports,Weather Reports,full
1814437207937364116,GS4tBdVWIAA450C,Warnings & Status Updates,Weather Reports,Other,Warnings & Status Updates,none
1814437207937364116,GS4tBdSWIAAyNR5,Warnings & Status Updates,Weather Reports,Other,Warnings & Status Updates,none
1814436517626163298,GS4pFVNXQAAkXCS,Smoke & Air Quality,Smoke & Air Quality,Warnings & Status Updates,Smoke & Air Quality,majority
1814435172257018004,GS4rK9IWAAE0EAY,Preparedness,Preparedness,Preparedness,Preparedness,full
1814434363548762228,GS4qZvDXMAANG_6,Support,Support,Smoke & Air Quality,Support,majority
1814434363548762228,GS4qa9TXUAAo8i6,Support,Smoke & Air Quality,Smoke & Air Quality,Smoke & Air Quality,majority
1814434225820709056,GS4qT_yb0AEwH5h,Warnings & Status Updates,Weather Reports,Warnings & Status Updates,Warnings & Status Updates,majority
1814433220017959027,GS4pYaIWsAIifKw,Evacuees,Warnings & Status Updates,Warnings & Status Updates,Warnings & Status Updates,majority
1814432350257688963,GS4omrjXYAEIRRs,Smoke & Air Quality,Infrastructure,Warnings & Status Updates,Smoke & Air Quality,none
1814421046159688158,GS4eU26XIAA82GW,Weather Reports,Infrastructure,Weather Reports,Weather Reports,majority
1814420211249881442,GS4dkWPXMAEDX4B,Insurance,Insurance,Insurance,Insurance,full
1814418332700782851,GS4b2tgXIAAtpx0,Smoke & Air Quality,Smoke & Air Quality,Smoke & Air Quality,Smoke & Air Quality,full
1814416134869078218,GS4Z3AsXUAAxc2k,Smoke & Air Quality,Smoke & Air Quality,Smoke & Air Quality,Smoke & Air Quality,full
1814414048978784573,GS4X9JOWkAEViua,Smoke & Air Quality,Smoke & Air Quality,Smoke & Air Quality,Smoke & Air Quality,full
1814396270246793553,GS4HylzXEAA8B5N,Evacuees,Evacuees,Evacuees,Evacuees,full
1814395963857051917,GS4HfiSW0AAA097,Warnings & Status Updates,Warnings & Status Updates,Evacuees,Warnings & Status Updates,majority
1814395963857051917,GS4HfiPXYAA26Zn,Warnings & Status Updates,Smoke & Air Quality,Smoke & Air Quality,Smoke & Air Quality,majority
1814392573668331639,GS4EbS6W0AAd6UT,Warnings & Status Updates,Warnings & Status Updates,Warnings & Status Updates,Warnings & Status Updates,full
1814392573668331639,GS4EbS5WIAAoMm9,Warnings & Status Updates,Warnings & Status Updates,Warnings & Status Updates,Warnings & Status Updates,full
1814391963602563427,GS4D3w9W0AAP48V,Warnings & Status Updates,Warnings & Status Updates,Warnings & Status Updates,Warnings & Status Updates,full
1814391963602563427,GS4D3w8XEAAmjzu,Warnings & Status Updates,Warnings & Status Updates,Warnings & Status Updates,Warnings & Status Updates,full
1814377944539902328,GS33HcDW8AIkrMP,Smoke & Air Quality,Smoke & Air Quality,Warnings & Status Updates,Smoke & Air Quality,majority
1814371378289881230,GS3xJInXUAAJgIP,Warnings & Status Updates,Smoke & Air Quality,Warnings & Status Updates,Warnings & Status Updates,majority
1814371378289881230,GS3xJImXsAADz0d,Warnings & Status Updates,Warnings & Status Updates,Evacuees,Warnings & Status Updates,majority
1814367805078417635,GS3tNbVaIAAB9Rw,Preparedness,General Information,Preparedness,Preparedness,majority
1814357931657195654,GS3k6C3XkAAUZnB,Support,Support,Support,Support,full
1814344964114952212,GS3ZIWhWUAAh4tL,Insurance,Insurance,Insurance,Insurance,full
1814339692281950364,GS3UVL-XMAI6Het,Warnings & Status Updates,Smoke & Air Quality,Smoke & Air Quality,Smoke & Air Quality,majority
1814337248072224871,GS3SHG7bQAAKrwF,Warnings & Status Updates,Warnings & Status Updates,General Information,Warnings & Status Updates,majority
1814330595138281877,GS3MD7TXoAAOQxp,Insurance,Insurance,Insurance,Insurance,full
1814327958263452031,GS3Jp9NW4AAbN2P,Warnings & Status Updates,General Information,Warnings & Status Updates,Warnings & Status Updates,majority
1814327958263452031,GS3Jp9XXAAAMPzO,Warnings & Status Updates,General Information,Warnings & Status Updates,Warnings & Status Updates,majority
1814324238481789028,GS3Fj7XW0AAXF7q,Preparedness,Support,Preparedness,Preparedness,majority
1814314303161565199,GS29PkEbAAEADJ4,Other,Other,Other,Other,full
1814314303161565199,GS29OUkaoAE7Wr8,Other,Other,Other,Other,full
1814314303161565199,GS29OuJaMAAnrY7,Other,Other,Other,Other,full
1814314303161565199,GS29PNVasAApu9s,Other,Other,Other,Other,full
1814289488950046904,GS2mq0wXEAEB4V3,General Information,Weather Reports,Warnings & Status Updates,General Information,none
1814286566044344493,GS2kAYyW4AEMSVp,Smoke & Air Quality,Smoke & Air Quality,Smoke & Air Quality,Smoke & Air Quality,full
1814275246603608466,GS2ZtxXXEAA6Ua9,Weather Reports,Weather Reports,Weather Reports,Weather Reports,full
1814267693534695426,GS1aOLTXUAAiHwM,General Information,Warnings & Status Updates,Preparedness,General Information,none
1814154362207502803,GS0rx0mbMAA-OyY,Warnings & Status Updates,Warnings & Status Updates,Evacuees,Warnings & Status Updates,majority
1814136647493038307,GS0bpftXMAALvhR,Warnings & Status Updates,Reports of Actions of Responders,Evacuees,Warnings & Status Updates,none
1814120243792580886,GS0Mv3ObIAALM-Q,Evacuees,Evacuees,Evacuees,Evacuees,full
1814103189719023999,GSz9PKTXQAIa3zv,Weather Reports,Weather Reports,Weather Reports,Weather Reports,full
1814082195893698758,GSzqJIwbIAAuLFV,Evacuees,Evacuees,Evacuees,Evacuees,full
1814082195893698758,GSzqJIYbgAAh5Cj,Evacuees,Evacuees,Evacuees,Evacuees,full
1814064010045841464,GSzZl_1WEAAIpGx,Weather Reports,Weather Reports,Warnings & Status Updates,Weather Reports,majority
1814064010045841464,GSzZl_7WwAADL6f,Weather Reports,Weather Reports,Weather Reports,Weather Reports,full
1814064010045841464,GSzZl_0XUAANnAV,Weather Reports,Weather Reports,Weather Reports,Weather Reports,full
1814064010045841464,GSzZl_1WQAAptUf,Weather Reports,Weather Reports,Warnings & Status Updates,Weather Reports,majority
1814063270225174857,GSzY7i0XoAAC9Bj,Smoke & Air Quality,Warnings & Status Updates,Smoke & Air Quality,Smoke & Air Quality,majority
1814063270225174857,GSzY7ivXUAAxtzH,Smoke & Air Quality,Warnings & Status Updates,Smoke & Air Quality,Smoke & Air Quality,majority
1814056769142006058,GSzTA-RXsAEeFSX,Warnings & Status Updates,Infrastructure,Warnings & Status Updates,Warnings & Status Updates,majority
1814056769142006058,GSzTA-NX0AAXsSn,Warnings & Status Updates,Infrastructure,Warnings & Status Updates,Warnings & Status Updates,majority
1814055536981156215,GSzQlfHW4AAVEhR,Weather Reports,Weather Reports,Weather Reports,Weather Reports,full
1814055536981156215,GSzQlfLX0AAZ5c8,Weather Reports,Weather Reports,Weather Reports,Weather Reports,full
1814055536981156215,GSzQld4WYAAisvz,Weather Reports,Weather Reports,Weather Reports,Weather Reports,full
1814055536981156215,GSzQlfqXoAAnmYE,Weather Reports,Weather Reports,Weather Reports,Weather Reports,full
1814052546610364749,GSzPLXFasAE45Q4,Warnings & Status Updates,Reports of Actions of Responders,Warnings & Status Updates,Warnings & Status Updates,majority
1814052546610364749,GSzPLV7boAA0kg7,Warnings & Status Updates,Reports of Actions of Responders,Warnings & Status Updates,Warnings & Status Updates,majority
1814042728130375917,GSzGP7KXQAAkuC7,Insurance,Insurance,Insurance,Insurance,full
1814039999534215520,GSzDxHAWQAAeOho,Insurance,Insurance,Insurance,Insurance,full
1814033273330221252,GSy9ocWXgAAexGP,Evacuees,Evacuees,Preparedness,Evacuees,majority
1814028635483054552,GSy5bgbW0AAtoAB,Warnings & Status Updates,Warnings & Status Updates,Warnings & Status Updates,Warnings & Status Updates,full
1814028321468133622,GSy5JCoWMAAKQVV,Warnings & Status Updates,Weather Reports,Warnings & Status Updates,Warnings & Status Updates,majority
1814028321468133622,GSy5JCpWgAAni9O,Warnings & Status Updates,Weather Reports,Warnings & Status Updates,Warnings & Status Updates,majority
1814024153386959095,GSy1WnybcAAXBOR,Smoke & Air Quality,Infrastructure,Reports of Actions of Responders,Smoke & Air Quality,none
1814022738287419443,GSy0ESnacAEz-tw,Reports of Actions of Responders,Reports of Actions of Responders,Reports of Actions of Responders,Reports of Actions of Responders,full
1814022738287419443,GSy0ESibAAAmieu,Reports of Actions of Responders,Reports of Actions of Responders,Reports of Actions of Responders,Reports of Actions of Responders,full
1814013392400867528,GSyrj9gaMAAUY1-,Reports of Actions of Responders,Reports of Actions of Responders,Reports of Actions of Responders,Reports of Actions of Responders,full
1814010525841338595,GSyofoCWcAAPmbv,Preparedness,Preparedness,Preparedness,Preparedness,full
1814006163094302722,GSykxHpWIAAf6fI,Other,Other,Other,Other,full
1814006163094302722,GSykurMWgAAczZI,Other,Other,Other,Other,full
1814005615578234943,GSykfcJWQAEnU-m,Warnings & Status Updates,Infrastructure,Warnings & Status Updates,Warnings & Status Updates,majority
1814002120909324627,GSyhT9_XQAAyLRB,Warnings & Status Updates,Warnings & Status Updates,Warnings & Status Updates,Warnings & Status Updates,full
1814002120909324627,GSyhT9-WIAAhPCQ,Warnings & Status Updates,Infrastructure,Warnings & Status Updates,Warnings & Status Updates,majority
1814000128371613992,GSyff9qXAAAl6nR,Warnings & Status Updates,Infrastructure,Smoke & Air Quality,Warnings & Status Updates,none
1814000128371613992,GSyff-_XkAIl4Ez,Warnings & Status Updates,Infrastructure,Smoke & Air Quality,Warnings & Status Updates,none
1814000128371613992,GSyff-hWwAAIiQ0,Warnings & Status Updates,Infrastructure,Smoke & Air Quality,Warnings & Status Updates,none
1814000128371613992,GSyfgDIWUAA_EhD,Warnings & Status Updates,Infrastructure,Smoke & Air Quality,Warnings & Status Updates,none
1813997171269619806,GSyc0E5WUAAVn-l,Preparedness,Preparedness,Preparedness,Preparedness,full
1813993451655938190,GSyZbpgXwAAk0yg,Insurance,Insurance,Insurance,Insurance,full
1813993451655938190,GSyZbo9WUAARw71,Insurance,Insurance,Insurance,Insurance,full
1813993451655938190,GSyZbqqXMAATgCU,Insurance,Insurance,Insurance,Insurance,full
1813993451655938190,GSyZbqNW4AA9N9Z,Insurance,Insurance,Insurance,Insurance,full
1813992160556990906,GSyYQd5W0AAtayK,Insurance,Insurance,Insurance,Insurance,full
1813988900748304408,GSyVCSmbAAAIg28,Warnings & Status Updates,Weather Reports,Warnings & Status Updates,Warnings & Status Updates,majority
1813984665348284649,GSyRTm8XEAAyCGj,Support,General Information,Support,Support,majority
1813980814767706594,GSyN70zX0AALG0Z,Warnings & Status Updates,Warnings & Status Updates,Evacuees,Warnings & Status Updates,majority
1813965752460001781,GSyAN2XXsAAbPJk,Warnings & Status Updates,Reports of Actions of Responders,Reports of Actions of Responders,Reports of Actions of Responders,majority
1813964133710352501,GSx-w55WAAAr65I,Warnings & Status Updates,Warnings & Status Updates,Evacuees,Warnings & Status Updates,majority
1813948320244768890,GSxwYhKWgAAWmDh,Warnings & Status Updates,Smoke & Air Quality,Warnings & Status Updates,Warnings & Status Updates,majority
1813944407466619240,GSxs0hXWAAAYQQI,Weather Reports,Reports of Actions of Responders,Weather Reports,Weather Reports,majority
1813941168776139045,GSxp3c6WQAAIw_j,Warnings & Status Updates,Infrastructure,Warnings & Status Updates,Warnings & Status Updates,majority
1813941168776139045,GSxp3c5XkAAXafM,Warnings & Status Updates,Infrastructure,Warnings & Status Updates,Warnings & Status Updates,majority
1813916806865883362,GSxTVEhWwAEgl2n,Warnings & Status Updates,Infrastructure,Evacuees,Warnings & Status Updates,none
1813915152116543929,GSxSN9bbwAAAMdm,Warnings & Status Updates,Warnings & Status Updates,Evacuees,Warnings & Status Updates,majority
1813915152116543929,GSxSN92b0AE8Oor,Warnings & Status Updates,Warnings & Status Updates,Evacuees,Warnings & Status Updates,majority
1813914313398304839,GSxRdGSaoAEwDF6,Reports of Actions of Responders,General Information,Warnings & Status Updates,Reports of Actions of Responders,none
1813804263455506514,GSvtXY6a4AAm5qY,Warnings & Status Updates,Infrastructure,Warnings & Status Updates,Warnings & Status Updates,majority
1813804263455506514,GSvtXYhaoAEdJPp,Warnings & Status Updates,Infrastructure,Warnings & Status Updates,Warnings & Status Updates,majority
1813804263455506514,GSvtXX5a0AAY4ui,Warnings & Status Updates,Infrastructure,Warnings & Status Updates,Warnings & Status Updates,majority
1813798500662202791,GSvoH-FWMAAdRre,Evacuees,Evacuees,Evacuees,Evacuees,full
1813792391591297224,GSvikI7XEAAM7pE,Warnings & Status Updates,Smoke & Air Quality,Warnings & Status Updates,Warnings & Status Updates,majority
1813778133000302748,GSvVmPAXgAA4W4b,Warnings & Status Updates,Infrastructure,Warnings & Status Updates,Warnings & Status Updates,majority
1813778133000302748,GSvVmPEWQAA_8t7,Warnings & Status Updates,Infrastructure,Warnings & Status Updates,Warnings & Status Updates,majority
1813777460485583261,GSvU-cqXMAAbQR0,Warnings & Status Updates,Infrastructure,Warnings & Status Updates,Warnings & Status Updates,majority
1813777460485583261,GSvU-csXIAAUkJr,Warnings & Status Updates,Infrastructure,Warnings & Status Updates,Warnings & Status Updates,majority
1813777460485583261,GSvU-ctWsAA1RmS,Warnings & Status Updates,Infrastructure,Warnings & Status Updates,Warnings & Status Updates,majority
1813775096118706392,GSvS1njbUAAaFW7,Warnings & Status Updates,Infrastructure,Warnings & Status Updates,Warnings & Status Updates,majority
1813774353781428586,GSvR4A_WMAE9ytl,Warnings & Status Updates,Infrastructure,Warnings & Status Updates,Warnings & Status Updates,majority
1813773862779379969,GSvRmkCXYAA_Emf,Weather Reports,Warnings & Status Updates,Warnings & Status Updates,Warnings & Status Updates,majority
1813773862779379969,GSvRmkFWwAEjqX9,Weather Reports,Warnings & Status Updates,Warnings & Status Updates,Warnings & Status Updates,majority
1813773105636192265,GSvRBr3bYAAZI9Q,Smoke & Air Quality,Smoke & Air Quality,Smoke & Air Quality,Smoke & Air Quality,full
1813773105636192265,GSvRBs6bgAAnlkt,Warnings & Status Updates,Reports of Actions of Responders,Preparedness,Warnings & Status Updates,none
1813773105636192265,GSvRBuMa4AAgXXh,Warnings & Status Updates,Reports of Actions of Responders,Evacuees,Warnings & Status Updates,none
